entry_ts,exit_ts,path,side,entry,exit,sl0,tp0,lot,reason,regime,bars,pnl,risk_usd,r,max_fav_pct,stage,balance,rr,mfe_pts,mae_pts,pts,stop_pts,mins,month
2022-03-01 12:15:00+00:00,2022-03-01 21:25:00+00:00,HTF,buy,1921.775,1943.8128406975954,1891.449203487978,1952.1007965120223,0.02,stop_loss,RANGING,110,44.07568139519071,60.65159302404436,0.7267027821959698,93.32978274380892,trail,1044.0756813951907,1.0,28.302999999999884,10.667000000000144,22.037840697595357,30.32579651202218,550.0,2022-03
2022-03-03 07:55:00+00:00,2022-03-04 00:50:00+00:00,HTF,buy,1932.19,1946.0790068579984,1909.070034289992,1955.309965710008,0.02,stop_loss,RANGING,191,27.778013715996625,46.23993142001609,0.6007364817148545,80.93870135758715,trail,1071.8536951111873,1.0,18.712999999999965,8.97199999999998,13.88900685799831,23.119965710008046,1015.0,2022-03
2022-03-07 07:00:00+00:00,2022-03-07 12:00:00+00:00,HTF,buy,1981.748,1984.7206738453242,1960.5968410311718,2013.4747384532425,0.02,stop_loss,WEAK,60,5.945347690648305,42.302317937656426,0.1405442533766196,65.46528578917734,locked,1077.7990428018356,1.5,20.769999999999982,2.566000000000031,2.9726738453241524,21.151158968828213,300.0,2022-03
2022-03-07 15:00:00+00:00,2022-03-08 08:15:00+00:00,HTF,buy,1979.949,2010.7692868426009,1947.7532894753365,2028.2425657869953,0.02,stop_loss,WEAK,195,61.640573685201616,64.39142104932716,0.9572792878414927,84.6468868757834,trail,1139.4396164870373,1.5,40.878999999999905,5.151000000000067,30.820286842600808,32.19571052466358,1035.0,2022-03
2022-03-08 09:10:00+00:00,2022-03-08 15:05:00+00:00,HTF,buy,2010.45,2053.6126040916847,1981.6749306055435,2053.6126040916847,0.02,take_profit,WEAK,71,86.32520818336934,57.55013878891305,1.4999999999999958,122.67100448232824,locked,1225.7648246704066,1.5,52.94800000000009,7.7970000000000255,43.16260409168467,28.775069394456523,355.0,2022-03
2022-03-08 15:35:00+00:00,2022-03-09 14:05:00+00:00,HTF,buy,2060.1879999999996,1980.834235180815,1981.0342351808151,2178.9186472287765,0.02,stop_loss,WEAK,258,-158.70752963836912,158.30752963836903,-1.0025267275720482,8.565606469241594,raw,1067.0572950320375,1.5,10.170000000000528,84.17999999999961,-79.35376481918456,79.15376481918452,1350.0,2022-03
2022-03-09 17:10:00+00:00,2022-03-11 16:40:00+00:00,HTF,sell,1995.548,1988.6805698034545,2023.8177207861822,1924.8736980345443,0.02,stop_loss,STRONG,546,13.734860393090912,56.53944157236447,0.24292529270052576,52.50847757667078,locked,1080.7921554251284,2.5,37.1099999999999,13.513999999999896,6.867430196545456,28.269720786182233,2850.0,2022-03
2022-03-14 06:10:00+00:00,2022-03-14 11:25:00+00:00,HTF,sell,1973.548,1959.3602089428425,1995.7440447142124,1951.3519552857877,0.02,stop_loss,RANGING,63,28.375582114314966,44.3920894284247,0.6392035716198076,85.24041217075676,trail,1109.1677375394434,1.0,18.920000000000073,4.920000000000073,14.187791057157483,22.19604471421235,315.0,2022-03
2022-03-14 12:00:00+00:00,2022-03-15 07:10:00+00:00,HTF,sell,1965.627,1932.7439213709727,1988.6467379032422,1931.0973931451367,0.02,stop_loss,WEAK,218,65.76615725805459,46.03947580648446,1.4284731984023091,118.15657262328125,trail,1174.933894797498,1.5,40.79899999999998,2.255000000000109,32.883078629027295,23.01973790324223,1150.0,2022-03
2022-03-15 07:55:00+00:00,2022-03-15 14:20:00+00:00,HTF,sell,1928.9579999999999,1914.428179063108,1945.1252635436933,1904.7071046844596,0.02,stop_loss,WEAK,77,29.059641873783676,32.33452708738696,0.8987186296322623,80.73928712831012,trail,1203.9935366712816,1.5,19.579999999999927,6.2710000000001855,14.529820936891838,16.16726354369348,385.0,2022-03
2022-03-15 15:05:00+00:00,2022-03-17 10:00:00+00:00,HTF,sell,1915.058,1946.5219779465212,1946.3219779465212,1868.1620330802182,0.02,stop_loss,WEAK,491,-62.92795589304251,62.52795589304242,-1.0063971385964434,42.88215239148216,raw,1141.065580778239,1.5,20.1099999999999,31.625,-31.463977946521254,31.26397794652121,2575.0,2022-03
2022-03-17 16:00:00+00:00,2022-03-18 19:30:00+00:00,HTF,buy,1945.653,1918.1639910953522,1918.3639910953523,1986.5865133569716,0.02,stop_loss,WEAK,318,-54.97801780929558,54.57801780929549,-1.0073289579954654,0.4397374797279815,raw,1086.0875629689435,1.5,0.18000000000006366,27.414999999999964,-27.48900890464779,27.289008904647744,1650.0,2022-03
2022-03-21 06:00:00+00:00,2022-03-21 14:00:00+00:00,HTF,buy,1923.988,1934.7774668191846,1916.7950221205438,1934.7774668191846,0.02,take_profit,WEAK,96,21.578933638369108,14.385955758912589,1.5000000000000155,102.3220163240128,locked,1107.6664966073126,1.5,11.039999999999964,6.130000000000109,10.789466819184554,7.1929778794562935,480.0,2022-03
2022-03-22 12:05:00+00:00,2022-03-22 14:10:00+00:00,HTF,sell,1926.953,1914.199018389203,1938.5897279640096,1909.4979080539856,0.02,stop_loss,WEAK,25,25.507963221593855,23.273455928019303,1.096010979223949,94.21319607402545,trail,1133.1744598289065,1.5,16.444999999999936,3.8500000000001364,12.753981610796927,11.636727964009651,125.0,2022-03
2022-03-22 14:40:00+00:00,2022-03-23 18:05:00+00:00,HTF,sell,1912.558,1938.9471531934573,1938.7471531934573,1873.274270209814,0.02,stop_loss,WEAK,317,-52.778306386914664,52.37830638691457,-1.007636749402421,4.146754925513377,raw,1080.3961534419918,1.5,1.6289999999999054,26.579999999999927,-26.389153193457332,26.189153193457287,1645.0,2022-03
2022-03-24 11:05:00+00:00,2022-03-24 12:25:00+00:00,HTF,buy,1945.565,1947.0434583428346,1928.780416571654,1962.349583428346,0.02,stop_loss,RANGING,16,2.956916685669057,33.569166856691936,0.08808430361981423,73.06109235508369,locked,1083.3530701276609,1.0,12.26299999999992,0.6220000000000709,1.4784583428345286,16.784583428345968,80.0,2022-03
2022-03-24 13:10:00+00:00,2022-03-24 13:50:00+00:00,HTF,buy,1948.015,1949.5315508160156,1930.8494918398446,1965.1805081601556,0.02,stop_loss,RANGING,8,3.033101632031048,34.33101632031094,0.08834872826752299,52.943378752369284,locked,1086.386171759692,1.0,9.087999999999965,0.5769999999999982,1.516550816015524,17.16550816015547,40.0,2022-03
2022-03-24 14:30:00+00:00,2022-03-28 08:25:00+00:00,HTF,buy,1965.153,1929.19709956557,1929.39709956557,2000.90890043443,0.02,stop_loss,RANGING,479,-71.91180086886015,71.51180086886006,-1.0055934824062622,2.6009693189114853,raw,1014.4743708908318,1.0,0.9300000000000637,36.555000000000064,-35.95590043443008,35.75590043443003,5395.0,2022-03
2022-03-28 09:00:00+00:00,2022-03-29 12:50:00+00:00,HTF,sell,1926.108,1897.9132743048322,1960.7993715241596,1891.4166284758403,0.02,stop_loss,RANGING,322,56.38945139033558,69.3827430483193,0.8127302108979033,104.08928333909282,trail,1070.8638222811674,1.0,36.1099999999999,19.414999999999964,28.19472569516779,34.69137152415965,1670.0,2022-03
2022-03-29 13:20:00+00:00,2022-03-30 04:45:00+00:00,HTF,sell,1896.518,1927.0367240927455,1926.8367240927455,1851.0399138608818,0.02,stop_loss,WEAK,173,-61.03744818549103,60.63744818549094,-1.0065965836619062,7.01436729382541,raw,1009.8263740956763,1.5,3.1900000000000546,30.519999999999982,-30.518724092745515,30.31872409274547,925.0,2022-03
2022-03-31 10:05:00+00:00,2022-03-31 13:45:00+00:00,HTF,sell,1924.818,1940.9651288030198,1940.7651288030197,1900.8973067954703,0.02,stop_loss,WEAK,44,-32.29425760603954,31.894257606039446,-1.012541442567528,1.0785640608073286,raw,977.5321164896368,1.5,0.2580000000000382,17.460000000000036,-16.14712880301977,15.947128803019723,220.0,2022-03
2022-03-31 16:00:00+00:00,2022-04-01 14:30:00+00:00,HTF,buy,1944.333,1918.8967822470502,1919.0967822470502,1982.187326629425,0.02,stop_loss,WEAK,258,-50.87243550589983,50.47243550589974,-1.007925117858704,14.238795086134578,raw,926.659680983737,1.5,5.389999999999873,25.702999999999975,-25.436217752949915,25.23621775294987,1350.0,2022-03
2022-04-01 15:55:00+00:00,2022-04-11 08:20:00+00:00,HTF,sell,1925.618,1953.8364598486073,1953.6364598486073,1897.5995401513926,0.02,stop_loss,RANGING,1565,-56.43691969721476,56.03691969721467,-1.007138151100407,37.760819321144126,raw,870.2227612865222,1.0,10.579999999999927,29.779999999999973,-28.21845984860738,28.018459848607336,13945.0,2022-04
2022-04-11 08:50:00+00:00,2022-04-14 13:55:00+00:00,HTF,buy,1957.518,1960.969791712797,1933.1727219146871,1994.0359171279692,0.02,stop_loss,WEAK,889,6.903583425593752,48.69055617062577,0.14178485457018813,65.6225816933185,locked,877.126344712116,1.5,23.963999999999942,16.779999999999973,3.451791712796876,24.345278085312884,4625.0,2022-04
2022-04-18 06:00:00+00:00,2022-04-18 14:35:00+00:00,HTF,buy,1984.082,1986.2855242781993,1974.4679028872029,2008.1172427819934,0.02,stop_loss,STRONG,103,4.407048556398422,19.228194225594507,0.22919721450141337,59.0216630165592,locked,881.5333932685144,2.5,14.185999999999922,0.25,2.203524278199211,9.614097112797253,515.0,2022-04
2022-04-18 15:40:00+00:00,2022-04-19 04:45:00+00:00,HTF,buy,1987.508,1974.4513740078291,1974.6513740078292,2019.6495649804272,0.02,stop_loss,STRONG,145,-26.11325198434179,25.713251984341696,-1.015556180923505,9.190591689604457,raw,855.4201412841726,2.5,2.953999999999951,13.090000000000146,-13.056625992170893,12.856625992170848,785.0,2022-04
2022-04-19 17:55:00+00:00,2022-04-20 04:25:00+00:00,HTF,sell,1954.9579999999999,1943.9589394360235,1966.0944647867448,1938.2533028198825,0.02,stop_loss,WEAK,114,21.9981211279528,22.27292957348982,0.9876617736957195,87.04138628329095,trail,877.4182624121254,1.5,14.539999999999964,0.8900000000001,10.9990605639764,11.13646478674491,630.0,2022-04
2022-04-20 06:10:00+00:00,2022-04-20 19:55:00+00:00,HTF,sell,1940.262,1958.0699931788058,1957.8699931788058,1896.2420170529854,0.02,stop_loss,STRONG,165,-35.615986357611746,35.215986357611655,-1.0113584778213556,2.5034085118258758,raw,841.8022760545136,2.5,1.1019999999998618,17.80600000000004,-17.807993178805873,17.607993178805827,825.0,2022-04
2022-04-21 06:50:00+00:00,2022-04-21 11:25:00+00:00,HTF,sell,1952.258,1942.8666389030434,1958.067277806087,1937.7348054847826,0.02,stop_loss,STRONG,55,18.782722193913287,11.618555612174077,1.6166142178837186,88.22439158667585,trail,860.5849982484269,2.5,12.813000000000102,0.8240000000000691,9.391361096956643,5.809277806087039,275.0,2022-04
2022-04-21 11:55:00+00:00,2022-04-25 07:10:00+00:00,HTF,sell,1939.5159999999998,1919.3175697003758,1959.4478990012528,1909.6181514981204,0.02,stop_loss,WEAK,495,40.39686059924816,39.86379800250597,1.0133720975785767,91.60525379703566,trail,900.9818588476751,1.5,27.38799999999992,15.966000000000122,20.19843029962408,19.931899001252987,5475.0,2022-04
2022-04-25 08:00:00+00:00,2022-04-27 08:15:00+00:00,HTF,sell,1915.0149999999999,1892.914434213411,1927.5078684268212,1883.7828289329464,0.02,stop_loss,STRONG,555,44.20113157317792,24.98573685364272,1.7690545542879896,91.40254751650527,trail,945.182990420853,2.5,28.546999999999798,6.063000000000102,22.10056578658896,12.49286842682136,2895.0,2022-04
2022-04-28 06:00:00+00:00,2022-04-29 01:00:00+00:00,HTF,sell,1873.798,1900.5687859836594,1900.3687859836593,1807.3710350408517,0.02,stop_loss,STRONG,216,-53.54157196731876,53.14157196731867,-1.0075270637505056,0.2709742950182372,raw,891.6414184535342,2.5,0.18000000000006366,27.5150000000001,-26.77078598365938,26.570785983659334,1140.0,2022-04
2022-04-29 07:55:00+00:00,2022-05-02 00:20:00+00:00,HTF,buy,1917.345,1893.2297758255252,1893.4297758255252,1977.133060436187,0.02,stop_loss,STRONG,185,-48.23044834894972,47.83044834894963,-1.0083628737301784,4.169728841865961,raw,843.4109701045845,2.5,2.492999999999938,24.626999999999953,-24.11522417447486,23.915224174474815,3865.0,2022-04
2022-05-02 06:30:00+00:00,2022-05-04 18:45:00+00:00,HTF,sell,1885.963,1879.4092984468577,1912.9778062125686,1818.4259844685785,0.02,stop_loss,STRONG,699,13.107403106284437,54.02961242513721,0.2425966524273314,52.7932715407176,locked,856.518373210869,2.5,35.65499999999997,1.6949999999999363,6.5537015531422185,27.0148062125686,3615.0,2022-05
2022-05-05 06:05:00+00:00,2022-05-05 13:20:00+00:00,HTF,buy,1899.218,1900.6002160278135,1888.6698931479104,1915.0401602781344,0.02,stop_loss,WEAK,87,2.764432055626912,21.096213704179263,0.1310392516112626,65.8253981562374,locked,859.2828052664959,1.5,10.414999999999964,9.835000000000036,1.382216027813456,10.548106852089632,435.0,2022-05
2022-05-06 12:10:00+00:00,2022-05-09 08:35:00+00:00,HTF,buy,1882.768,1865.752285837165,1865.952285837165,1907.9915712442526,0.02,stop_loss,WEAK,233,-34.03142832567028,33.631428325670186,-1.0118936369911706,38.079461100055866,raw,825.2513769408256,1.5,9.605000000000018,18.360000000000127,-17.01571416283514,16.815714162835093,4105.0,2022-05
2022-05-09 09:10:00+00:00,2022-05-10 17:55:00+00:00,HTF,sell,1865.988,1845.9075872855315,1895.8359364276566,1836.1400635723435,0.02,stop_loss,RANGING,381,40.16082542893719,59.69587285531316,0.672757152345796,87.94577830739819,trail,865.4122023697628,1.0,26.25,5.460000000000036,20.080412714468594,29.847936427656578,1965.0,2022-05
2022-05-11 13:25:00+00:00,2022-05-12 16:50:00+00:00,HTF,buy,1849.828,1827.2967806234824,1827.4967806234824,1883.3248290647762,0.02,stop_loss,WEAK,317,-45.06243875303517,44.662438753035076,-1.0089560716156125,26.509971982207503,raw,820.3497636167276,1.5,8.88000000000011,23.440000000000055,-22.531219376517583,22.331219376517538,1645.0,2022-05
2022-05-13 06:15:00+00:00,2022-05-16 07:55:00+00:00,HTF,sell,1824.068,1794.1238383231005,1838.639676646201,1787.6388083844975,0.02,stop_loss,STRONG,296,59.888323353799024,29.143353292402026,2.0549565025316605,102.74727036235313,trail,880.2380869705266,2.5,37.430000000000064,4.610000000000127,29.944161676899512,14.571676646201013,4420.0,2022-05
2022-05-17 11:55:00+00:00,2022-05-18 01:50:00+00:00,HTF,buy,1834.703,1811.0905576887826,1811.2905576887827,1869.821663466826,0.02,stop_loss,WEAK,155,-47.22488462243473,46.82488462243464,-1.0085424663237386,3.118000208163929,raw,833.0132023480919,1.5,1.0950000000000273,23.464999999999918,-23.612442311217364,23.41244231121732,835.0,2022-05
2022-05-19 07:55:00+00:00,2022-05-19 08:45:00+00:00,HTF,sell,1812.883,1822.8415735870572,1822.641573587057,1798.2451396194144,0.02,stop_loss,WEAK,10,-19.917147174114234,19.517147174114143,-1.0204947985702857,14.004779023025096,raw,813.0960551739777,1.5,2.0499999999999545,9.980000000000018,-9.958573587057117,9.758573587057072,50.0,2022-05
2022-05-19 11:55:00+00:00,2022-05-19 14:20:00+00:00,HTF,buy,1830.548,1843.1930823207522,1820.031607735841,1846.3225883962386,0.02,stop_loss,WEAK,29,25.290164641504365,21.03278452831819,1.2024163803634327,101.42895394858675,trail,838.386219815482,1.5,16.0,3.244999999999891,12.64508232075218,10.516392264159094,145.0,2022-05
2022-05-19 14:50:00+00:00,2022-05-25 13:00:00+00:00,HTF,buy,1845.678,1849.4525165504922,1819.18122299672,1885.4231655049202,0.02,stop_loss,WEAK,1082,7.549033100984161,52.993554006560316,0.14245191217123562,60.120519556125586,locked,845.9352529164662,1.5,23.894999999999982,13.5,3.7745165504920806,26.496777003280158,8530.0,2022-05
2022-05-25 13:40:00+00:00,2022-06-01 13:20:00+00:00,HTF,sell,1850.648,1847.959838337253,1869.9024110849796,1821.7663833725305,0.02,stop_loss,WEAK,1346,5.376323325494013,38.50882216995933,0.13961276981584947,77.17712026826048,locked,851.3115762419602,1.5,22.289999999999964,13.235000000000127,2.6881616627470066,19.254411084979665,10060.0,2022-05
2022-06-02 12:25:00+00:00,2022-06-02 14:25:00+00:00,HTF,buy,1855.8980000000001,1865.9484909377954,1844.899636459318,1872.3955453110234,0.02,stop_loss,WEAK,24,20.100981875590605,21.996727081364497,0.9138169420040695,82.13343103198616,trail,871.4125581175508,1.5,13.549999999999955,5.150000000000091,10.050490937795303,10.998363540682249,120.0,2022-06
2022-06-02 15:05:00+00:00,2022-06-06 15:10:00+00:00,HTF,buy,1868.218,1843.8206401243156,1844.0206401243156,1904.5140398135268,0.02,stop_loss,WEAK,553,-48.79471975136903,48.39471975136894,-1.008265364528509,15.828173072090529,raw,822.6178383661818,1.5,5.744999999999891,25.730000000000018,-24.397359875684515,24.19735987568447,5765.0,2022-06
2022-06-07 06:00:00+00:00,2022-06-07 13:50:00+00:00,HTF,sell,1838.4379999999999,1852.0539413148485,1851.8539413148485,1825.0220586851513,0.02,stop_loss,RANGING,94,-27.231882629697342,26.831882629697247,-1.0149076382570852,0.0,raw,795.3859557364844,1.0,0.0,14.63000000000011,-13.61594131484867,13.415941314848624,470.0,2022-06
2022-06-08 08:55:00+00:00,2022-06-08 15:05:00+00:00,HTF,sell,1847.168,1858.1442293000164,1857.9442293000163,1836.3917706999835,0.02,stop_loss,RANGING,74,-21.95245860003297,21.552458600032878,-1.018559367514548,24.962349307059785,raw,773.4334971364515,1.0,2.689999999999827,11.89500000000021,-10.976229300016485,10.776229300016439,370.0,2022-06
2022-06-09 13:15:00+00:00,2022-06-09 14:20:00+00:00,HTF,sell,1849.224,1842.3691348535942,1860.519674267971,1837.928325732029,0.02,stop_loss,RANGING,13,13.7097302928114,22.59134853594196,0.6068575442054621,82.45634372097476,trail,787.1432274292629,1.0,9.31399999999985,1.558999999999969,6.8548651464057,11.29567426797098,65.0,2022-06
2022-06-09 14:50:00+00:00,2022-06-10 12:35:00+00:00,HTF,sell,1842.214,1828.967139506909,1861.3096975345445,1823.1183024654554,0.02,stop_loss,RANGING,249,26.493720986181867,38.19139506908914,0.6937091703053554,90.41827337684441,trail,813.6369484154447,1.0,17.26599999999985,8.234000000000151,13.246860493090935,19.09569753454457,1305.0,2022-06
2022-06-10 14:05:00+00:00,2022-06-10 14:50:00+00:00,HTF,sell,1832.308,1855.173425227658,1854.973425227658,1809.642574772342,0.02,stop_loss,RANGING,9,-45.73085045531616,45.33085045531607,-1.0088240126973655,2.9119241901303528,raw,767.9060979601286,1.0,0.6600000000000819,24.954999999999927,-22.86542522765808,22.665425227658034,45.0,2022-06
2022-06-10 15:55:00+00:00,2022-06-13 22:00:00+00:00,HTF,buy,1867.373,1813.6954343700295,1813.8954343700295,1920.8505656299706,0.02,stop_loss,RANGING,337,-107.35513125994112,106.95513125994103,-1.0037398860184459,21.29865087504387,raw,660.5509667001875,1.0,11.389999999999873,58.22000000000003,-53.67756562997056,53.47756562997051,4685.0,2022-06
2022-06-14 07:00:00+00:00,2022-06-14 23:55:00+00:00,HTF,sell,1830.8229999999999,1811.0856436554948,1849.4984788516492,1802.8097817225257,0.02,stop_loss,WEAK,191,39.474712689010175,37.35095770329872,1.056859451973942,92.31356334660882,trail,700.0256793891976,1.5,25.8599999999999,0.5050000000001091,19.737356344505088,18.67547885164936,1015.0,2022-06
2022-06-15 07:55:00+00:00,2022-06-15 14:00:00+00:00,HTF,buy,1820.858,1822.9721015036573,1805.4306566422833,1843.9990150365747,0.02,stop_loss,WEAK,73,4.2282030073147325,30.854686715433218,0.13703600513953124,67.23127734634927,locked,704.2538823965124,1.5,15.557999999999993,3.5799999999999272,2.1141015036573663,15.427343357716609,365.0,2022-06
2022-06-15 15:25:00+00:00,2022-06-15 19:35:00+00:00,HTF,buy,1823.5240000000001,1837.2742832276147,1808.9782774253827,1845.3425838619264,0.02,stop_loss,WEAK,50,27.50056645522909,29.09144514923491,0.9453145525825603,83.93761994772726,trail,731.7544488517415,1.5,18.31399999999985,10.55600000000004,13.750283227614545,14.545722574617457,250.0,2022-06
2022-06-16 16:00:00+00:00,2022-06-29 09:30:00+00:00,HTF,buy,1846.228,1814.055935425973,1814.2559354259731,1894.1860968610404,0.02,stop_loss,WEAK,2376,-64.34412914805398,63.94412914805388,-1.006255460905159,23.332869176237566,raw,667.4103197036875,1.5,11.189999999999827,34.25,-32.17206457402699,31.972064574026945,18330.0,2022-06
2022-06-29 10:00:00+00:00,2022-06-29 12:25:00+00:00,HTF,sell,1815.163,1828.1863258652477,1827.9863258652476,1802.3396741347524,0.02,stop_loss,RANGING,29,-26.04665173049534,25.64665173049525,-1.0155965778380525,1.0917604486642012,raw,641.3636679731922,1.0,0.14000000000010004,13.045000000000073,-13.02332586524767,12.823325865247625,145.0,2022-06
2022-06-30 07:25:00+00:00,2022-06-30 11:35:00+00:00,HTF,sell,1815.838,1805.7991510116333,1825.8768489883666,1805.7991510116333,0.02,take_profit,RANGING,50,20.07769797673336,20.07769797673336,1.0,111.76580116905932,locked,661.4413659499255,1.0,11.220000000000027,1.125,10.03884898836668,10.03884898836668,250.0,2022-06
2022-06-30 12:05:00+00:00,2022-07-01 11:55:00+00:00,HTF,sell,1805.403,1789.400312938968,1826.3645646948398,1784.4414353051602,0.02,stop_loss,RANGING,274,32.00537412206404,41.923129389679616,0.7634299869308643,97.29712593936607,trail,693.4467400719896,1.0,20.394999999999982,19.605000000000018,16.00268706103202,20.961564694839808,1430.0,2022-06
2022-07-01 12:50:00+00:00,2022-07-01 15:10:00+00:00,HTF,sell,1788.578,1806.4759318215486,1806.2759318215485,1770.8800681784514,0.02,stop_loss,RANGING,28,-35.795863643097164,35.39586364309707,-1.0113007554790403,2.9947002019448323,raw,657.6508764288924,1.0,0.5299999999999727,20.016000000000076,-17.897931821548582,17.697931821548536,140.0,2022-07
2022-07-04 12:00:00+00:00,2022-07-05 12:15:00+00:00,HTF,sell,1806.008,1804.6071586409212,1822.0164135907892,1789.999586409211,0.02,stop_loss,RANGING,249,2.8016827181577355,32.016827181578265,0.08750656966314758,61.217808650562645,locked,660.4525591470501,1.0,9.799999999999955,6.0499999999999545,1.4008413590788678,16.008413590789132,1455.0,2022-07
2022-07-05 13:10:00+00:00,2022-07-05 14:05:00+00:00,HTF,sell,1794.068,1769.172186380387,1818.963813619613,1769.172186380387,0.02,take_profit,RANGING,11,49.79162723922582,49.79162723922582,1.0,111.90636476347898,locked,710.2441863862759,1.0,27.8599999999999,2.1289999999999054,24.89581361961291,24.89581361961291,55.0,2022-07
2022-07-05 14:45:00+00:00,2022-07-06 19:15:00+00:00,HTF,sell,1770.6879999999999,1741.164079672214,1812.3883983610692,1728.9876016389305,0.02,stop_loss,RANGING,330,59.04784065557169,83.4007967221387,0.7080009181722537,92.46914062096535,trail,769.2920270418476,1.0,38.559999999999945,2.096000000000231,29.523920327785845,41.70039836106935,1710.0,2022-07
2022-07-07 06:35:00+00:00,2022-07-12 01:30:00+00:00,HTF,sell,1744.858,1741.1360285981,1760.5458856076,1705.6382859809999,0.02,stop_loss,STRONG,767,7.443942803799929,31.375771215200075,0.2372513093859408,55.60978845851358,locked,776.7359698456476,2.5,21.809999999999945,7.528999999999996,3.721971401899964,15.687885607600037,6895.0,2022-07
2022-07-12 06:05:00+00:00,2022-07-13 12:45:00+00:00,HTF,sell,1728.614,1711.475916327936,1743.0403877597862,1706.9744183603207,0.02,stop_loss,WEAK,356,34.276167344128226,28.852775519572333,1.1879677683305345,100.12208350771503,trail,811.0121371897758,1.5,21.66599999999994,10.69399999999996,17.138083672064113,14.426387759786166,1840.0,2022-07
2022-07-14 06:40:00+00:00,2022-07-14 13:50:00+00:00,HTF,sell,1724.308,1702.5799750149197,1740.7812500497319,1699.5981249254023,0.02,stop_loss,WEAK,86,43.45604997016062,32.94650009946372,1.3189883550291877,108.74195000533562,trail,854.4681871599364,1.5,26.86999999999989,1.2999999999999545,21.72802498508031,16.47325004973186,430.0,2022-07
2022-07-14 14:35:00+00:00,2022-07-28 01:35:00+00:00,HTF,sell,1706.494,1741.093985564976,1740.893985564976,1654.8940216525357,0.02,stop_loss,WEAK,2604,-69.19997112995225,68.79997112995216,-1.005813955928042,49.89536977444313,raw,785.2682160299842,1.5,25.745999999999867,35.02999999999997,-34.59998556497612,34.39998556497608,19380.0,2022-07
2022-07-28 06:15:00+00:00,2022-07-29 09:15:00+00:00,HTF,buy,1739.3980000000001,1761.3823792405492,1714.1198962027463,1764.676103797254,0.02,stop_loss,RANGING,312,43.96875848109812,50.556207594507676,0.8697004892802679,112.29481541682635,trail,829.2369745110823,1.0,28.385999999999967,3.400000000000091,21.98437924054906,25.278103797253834,1620.0,2022-07
2022-07-29 10:25:00+00:00,2022-08-01 10:45:00+00:00,HTF,buy,1760.434,1771.4471542566785,1749.6511808555952,1776.6082287166073,0.02,stop_loss,WEAK,280,22.02630851335698,21.565638288809623,1.021361307204452,89.32728881943666,trail,851.2632830244393,1.5,14.448000000000093,8.505999999999858,11.01315425667849,10.782819144404812,4340.0,2022-07
2022-08-01 11:40:00+00:00,2022-08-02 13:45:00+00:00,HTF,buy,1772.284,1774.6950889927455,1754.8767400483646,1798.3948899274533,0.02,stop_loss,WEAK,301,4.822177985490725,34.81451990327105,0.13851054097223528,59.91369901012755,locked,856.08546100993,1.5,15.644000000000005,8.18600000000015,2.4110889927453627,17.407259951635524,1565.0,2022-08
2022-08-02 14:30:00+00:00,2022-08-02 18:00:00+00:00,HTF,buy,1782.284,1767.0606546974545,1767.2606546974546,1804.8190179538183,0.02,stop_loss,WEAK,42,-30.44669060509114,30.046690605091044,-1.0133126141995923,0.0,raw,825.6387704048389,1.5,0.0,15.206000000000131,-15.223345302545567,15.023345302545522,210.0,2022-08
2022-08-03 11:15:00+00:00,2022-08-04 12:25:00+00:00,HTF,buy,1766.182,1784.44618838545,1753.4426279514998,1785.2910580727503,0.02,stop_loss,WEAK,290,36.52837677089974,25.478744097000344,1.4336804291385887,116.6253193388959,trail,862.1671471757386,1.5,22.286000000000058,11.983999999999924,18.26418838544987,12.739372048500172,1510.0,2022-08
2022-08-05 15:55:00+00:00,2022-08-09 08:05:00+00:00,HTF,sell,1773.4279999999999,1791.135309264085,1790.935309264085,1747.1670361038723,0.02,stop_loss,WEAK,458,-35.414618528170195,35.014618528170104,-1.0114238000245035,10.902113156714726,raw,826.7525286475684,1.5,2.862999999999829,18.034000000000106,-17.707309264085097,17.507309264085052,5290.0,2022-08
2022-08-09 08:35:00+00:00,2022-08-10 12:35:00+00:00,HTF,buy,1791.935,1801.6779999999999,1773.2938656582612,1810.5761343417387,0.02,stop_gap,RANGING,324,19.485999999999876,37.28226868347747,0.522661326364926,80.65496296722525,trail,846.2385286475683,1.0,15.035000000000082,4.45699999999988,9.742999999999938,18.641134341738734,1680.0,2022-08
2022-08-10 14:55:00+00:00,2022-08-15 08:50:00+00:00,HTF,buy,1802.118,1781.803432070631,1782.003432070631,1822.2325679293688,0.02,stop_loss,RANGING,755,-40.629135858737754,40.22913585873766,-1.0099430423115392,2.1377540969807773,raw,805.6093927888305,1.0,0.43000000000006366,20.389999999999873,-20.314567929368877,20.11456792936883,6835.0,2022-08
2022-08-16 10:00:00+00:00,2022-08-17 12:25:00+00:00,HTF,sell,1775.728,1768.2825176262286,1783.8097254207619,1763.6054118688573,0.02,stop_loss,WEAK,305,14.890964747542967,16.163450841523627,0.9212738599908588,83.06807004463434,trail,820.5003575363735,1.5,10.070000000000164,6.4659999999998945,7.445482373771483,8.081725420761813,1585.0,2022-08
2022-08-17 13:35:00+00:00,2022-08-19 15:40:00+00:00,HTF,sell,1765.628,1750.467317189653,1781.2490572988431,1742.1964140517352,0.02,stop_loss,WEAK,577,30.321365620693996,31.242114597686392,0.9705285961322035,85.55545512054717,trail,850.8217231570675,1.5,20.047000000000025,6.666000000000167,15.160682810346998,15.621057298843198,3005.0,2022-08
2022-08-22 10:05:00+00:00,2022-08-23 13:45:00+00:00,HTF,sell,1735.168,1746.2012430302016,1746.0012430302015,1718.9181354546974,0.02,stop_loss,WEAK,320,-22.06648606040335,21.66648606040326,-1.018461692352186,46.15423088045445,raw,828.7552370966641,1.5,7.5,13.180000000000064,-11.033243030201675,10.83324303020163,1660.0,2022-08
2022-08-24 13:00:00+00:00,2022-08-24 15:10:00+00:00,HTF,sell,1745.238,1753.7565358247764,1753.5565358247763,1732.7601962628355,0.02,stop_loss,WEAK,26,-17.037071649552672,16.63707164955258,-1.0240426926340038,19.07386948963936,raw,811.7181654471115,1.5,2.380000000000109,8.765999999999849,-8.518535824776336,8.31853582477629,130.0,2022-08
2022-08-25 06:25:00+00:00,2022-08-26 14:00:00+00:00,HTF,buy,1758.925,1742.4660796897692,1742.6660796897693,1783.313380465346,0.02,stop_loss,WEAK,367,-32.91784062046145,32.51784062046136,-1.0123009398031306,26.418318383850796,raw,778.80032482665,1.5,6.442999999999984,17.60699999999997,-16.458920310230724,16.25892031023068,1895.0,2022-08
2022-08-29 06:30:00+00:00,2022-08-29 14:15:00+00:00,HTF,sell,1723.398,1745.4522024888317,1745.2522024888317,1690.6166962667521,0.02,stop_loss,WEAK,93,-44.10840497766367,43.70840497766358,-1.0091515579258612,9.731156594496369,raw,734.6919198489863,1.5,3.189999999999827,22.019999999999982,-22.054202488831834,21.85420248883179,465.0,2022-08
2022-08-30 06:00:00+00:00,2022-08-30 14:55:00+00:00,HTF,sell,1734.424,1723.927935142522,1742.8237838084065,1721.8243242873903,0.02,stop_loss,WEAK,107,20.99212971495581,16.799567616812965,1.2495636907908831,105.76462683609702,trail,755.6840495639422,1.5,13.326000000000022,3.4139999999999873,10.496064857477904,8.399783808406482,535.0,2022-08
2022-08-30 15:25:00+00:00,2022-08-31 14:30:00+00:00,HTF,sell,1725.528,1723.0988041867738,1743.0559720881745,1699.2360418677383,0.02,stop_loss,WEAK,265,4.8583916264524305,35.05594417634893,0.1385896669053411,60.74100650724811,locked,760.5424411903946,1.5,15.970000000000027,1.490000000000009,2.4291958132262153,17.527972088174465,1385.0,2022-08
2022-08-31 15:30:00+00:00,2022-08-31 22:20:00+00:00,HTF,sell,1720.004,1706.600046330474,1728.9399691130172,1706.600046330474,0.02,take_profit,WEAK,70,26.807907339051777,17.871938226034672,1.4999999999999871,107.47575196975075,locked,787.3503485294464,1.5,14.405999999999949,1.1200000000001182,13.40395366952589,8.935969113017336,410.0,2022-08
2022-09-01 10:55:00+00:00,2022-09-02 12:30:00+00:00,HTF,sell,1701.738,1712.893425862691,1712.693425862691,1674.349435343273,0.02,stop_loss,STRONG,295,-22.31085172538178,21.91085172538169,-1.0182557942070654,47.720646057258584,raw,765.0394968040646,2.5,13.070000000000164,12.945999999999913,-11.15542586269089,10.955425862690845,1535.0,2022-09
2022-09-02 13:00:00+00:00,2022-09-02 19:35:00+00:00,HTF,buy,1707.268,1709.0306497324475,1694.18366845035,1726.894497324475,0.02,stop_loss,WEAK,79,3.5252994648949425,26.16866309929992,0.13471454202753114,54.05956969595819,locked,768.5647962689595,1.5,10.6099999999999,0.6340000000000146,1.7626497324474713,13.08433154964996,395.0,2022-09
2022-09-06 15:55:00+00:00,2022-09-07 07:45:00+00:00,HTF,sell,1702.7939999999999,1700.8012797889564,1717.4121347402895,1680.8667978895655,0.02,stop_loss,WEAK,178,3.9854404220868673,29.236269480579267,0.13631836389845395,52.792873170495426,locked,772.5502366910464,1.5,11.575999999999794,1.5300000000002,1.9927202110434337,14.618134740289634,950.0,2022-09
2022-09-07 11:00:00+00:00,2022-09-07 17:10:00+00:00,HTF,sell,1702.078,1715.796658657209,1715.596658657209,1688.559341342791,0.02,stop_loss,RANGING,74,-27.437317314418124,27.037317314418036,-1.0147943671832702,38.08809831331979,raw,745.1129193766283,1.0,5.148999999999887,13.566000000000031,-13.718658657209062,13.518658657209016,370.0,2022-09
2022-09-08 08:45:00+00:00,2022-09-08 11:45:00+00:00,HTF,buy,1717.8210000000001,1725.5124411576458,1705.908205788229,1729.7337942117713,0.02,stop_loss,RANGING,36,15.382882315291226,23.825588423542285,0.6456454313670279,86.24341038182337,trail,760.4958016919195,1.0,10.273999999999887,1.2400000000002365,7.691441157645613,11.912794211771143,180.0,2022-09
2022-09-09 06:55:00+00:00,2022-09-09 11:50:00+00:00,HTF,buy,1722.568,1723.6825399354177,1709.4226006458216,1735.7133993541784,0.02,stop_loss,RANGING,59,2.2290798708354487,26.29079870835676,0.0847855516130408,51.54655113498896,locked,762.724881562755,1.0,6.776000000000067,1.2829999999999018,1.1145399354177243,13.14539935417838,295.0,2022-09
2022-09-09 14:30:00+00:00,2022-09-09 18:15:00+00:00,HTF,buy,1713.843,1714.78986148106,1702.374385189402,1725.3116148105983,0.02,stop_loss,RANGING,45,1.893722962119682,22.937229621196366,0.0825611023386053,55.37721952376417,locked,764.6186045248746,1.0,6.350999999999885,1.234000000000151,0.946861481059841,11.468614810598183,225.0,2022-09
2022-09-12 15:15:00+00:00,2022-09-13 12:30:00+00:00,HTF,buy,1729.652,1714.2554011780849,1714.455401178085,1744.8485988219152,0.02,stop_loss,RANGING,243,-30.793197643830357,30.393197643830263,-1.013160839628906,35.422399861192446,raw,733.8254068810443,1.0,5.383000000000038,17.807999999999993,-15.396598821915177,15.196598821915131,1275.0,2022-09
2022-09-15 06:10:00+00:00,2022-09-15 15:00:00+00:00,HTF,sell,1687.908,1668.9485898301148,1705.609966100382,1661.3550508494268,0.02,stop_loss,WEAK,106,37.918820339770264,35.4039322007643,1.0710341474146103,92.15548849673311,trail,771.7442272208145,1.5,24.4699999999998,4.3400000000001455,18.959410169885132,17.70196610038215,530.0,2022-09
2022-09-15 15:35:00+00:00,2022-09-28 10:15:00+00:00,HTF,sell,1667.384,1626.769770406312,1706.9165680210403,1608.0851479684395,0.02,stop_loss,WEAK,2420,81.22845918737585,79.06513604208067,1.0273612777209895,88.82802650541262,trail,852.9726864081904,1.5,52.67399999999998,20.564000000000078,40.614229593687924,39.53256802104033,18400.0,2022-09
2022-09-28 15:55:00+00:00,2022-10-10 14:35:00+00:00,HTF,buy,1658.845,1669.5401033487278,1615.2645866050884,1767.7960334872791,0.02,stop_loss,STRONG,2192,21.390206697455596,87.1608267898232,0.24541078240383432,64.79057402263362,locked,874.362893105646,2.5,70.58999999999992,17.437000000000126,10.695103348727798,43.5804133949116,17200.0,2022-09
2022-10-10 15:05:00+00:00,2022-10-13 15:35:00+00:00,HTF,sell,1665.918,1662.3269367214366,1691.1917551904216,1628.0073672143672,0.02,stop_loss,WEAK,834,7.182126557126595,50.547510380843505,0.14208665279484223,62.330798152636234,locked,881.5450196627726,1.5,23.62999999999988,17.922000000000025,3.591063278563297,25.273755190421753,4350.0,2022-10
2022-10-13 16:35:00+00:00,2022-10-14 12:55:00+00:00,HTF,sell,1664.715,1662.3296792943352,1681.9504713710992,1638.861792943351,0.02,stop_loss,WEAK,232,4.770641411329507,34.47094274219853,0.13839602377597285,56.46108031400282,locked,886.3156610741021,1.5,14.59699999999998,7.733000000000175,2.3853207056647534,17.235471371099266,1220.0,2022-10
2022-10-14 13:45:00+00:00,2022-10-20 04:15:00+00:00,HTF,sell,1649.685,1628.8814743088653,1671.0999143628837,1617.5626284556743,0.02,stop_loss,WEAK,989,41.60705138226922,42.829828725767584,0.9714503331001483,85.38597457585584,trail,927.9227124563713,1.5,27.427999999999884,18.583000000000084,20.80352569113461,21.414914362883792,8070.0,2022-10
2022-10-20 06:05:00+00:00,2022-10-20 14:55:00+00:00,HTF,sell,1630.567,1644.3890805316391,1644.189080531639,1610.1338792025413,0.02,stop_loss,WEAK,106,-27.64416106327826,27.24416106327817,-1.0146820450470484,17.858260792222886,raw,900.278551393093,1.5,3.6490000000001146,14.43100000000004,-13.82208053163913,13.622080531639085,530.0,2022-10
2022-10-20 15:35:00+00:00,2022-10-21 03:45:00+00:00,HTF,buy,1643.3980000000001,1620.594046715487,1620.794046715487,1677.3039299267698,0.02,stop_loss,WEAK,134,-45.607906569026454,45.20790656902636,-1.0088480097920338,0.88480097920304,raw,854.6706448240666,1.5,0.2999999999999545,22.8900000000001,-22.803953284513227,22.60395328451318,730.0,2022-10
2022-10-21 07:35:00+00:00,2022-10-21 09:25:00+00:00,HTF,sell,1624.918,1624.2995736920554,1630.3741753862957,1616.733736920556,0.02,stop_loss,WEAK,22,1.2368526158888926,10.912350772591708,0.11334428682364811,71.85741639673125,locked,855.9074974399555,1.5,5.880999999999858,0.9490000000000691,0.6184263079444463,5.456175386295854,110.0,2022-10
2022-10-24 06:45:00+00:00,2022-10-24 08:35:00+00:00,HTF,buy,1654.778,1645.4412504459956,1645.6412504459956,1668.4831243310066,0.02,stop_loss,WEAK,22,-18.673499108008855,18.273499108008764,-1.0218896226516783,25.318996867102285,raw,837.2339983319466,1.5,3.4700000000000273,9.329999999999927,-9.336749554004427,9.136749554004382,110.0,2022-10
2022-10-24 11:10:00+00:00,2022-10-25 14:00:00+00:00,HTF,sell,1647.387,1661.302894884488,1661.102894884488,1626.8131576732678,0.02,stop_loss,WEAK,310,-27.83178976897625,27.431789768976163,-1.014581622393901,45.14956347230557,raw,809.4022085629704,1.5,9.288999999999987,14.799999999999955,-13.915894884488125,13.71589488448808,1610.0,2022-10
2022-10-25 15:55:00+00:00,2022-10-27 07:00:00+00:00,HTF,buy,1656.098,1658.7877904358697,1627.2000956413008,1684.9959043586991,0.02,stop_loss,RANGING,445,5.379580871739563,57.79580871739836,0.09307908291488513,64.29531972067376,locked,814.7817894347099,1.0,18.580000000000155,6.539999999999964,2.6897904358697815,28.89790435869918,2345.0,2022-10
2022-10-27 14:55:00+00:00,2022-10-28 08:30:00+00:00,HTF,buy,1662.308,1649.7812927249417,1649.9812927249418,1680.7980609125873,0.02,stop_loss,WEAK,199,-25.053414550116486,24.653414550116395,-1.0162249330285245,24.607815093256377,raw,789.7283748845934,1.5,4.5499999999999545,14.509999999999991,-12.526707275058243,12.326707275058197,1055.0,2022-10
2022-11-01 11:55:00+00:00,2022-11-03 07:40:00+00:00,HTF,buy,1652.318,1628.6497494452744,1628.8497494452745,1687.5203758320881,0.02,stop_loss,WEAK,501,-47.33650110945109,46.936501109451,-1.0085221520681171,48.11891129393493,raw,742.3918737751424,1.5,16.939000000000078,23.559999999999945,-23.668250554725546,23.4682505547255,2625.0,2022-11
2022-11-03 08:20:00+00:00,2022-11-04 12:35:00+00:00,HTF,sell,1626.2469999999998,1653.5514331828265,1653.3514331828264,1599.1425668171732,0.02,stop_loss,RANGING,327,-54.608866365653284,54.20886636565319,-1.007378866720842,36.045763931304194,raw,687.7830074094891,1.0,9.769999999999754,29.991000000000213,-27.304433182826642,27.104433182826597,1695.0,2022-11
2022-11-04 13:10:00+00:00,2022-11-08 19:30:00+00:00,HTF,buy,1665.118,1708.6096055632281,1630.23102781614,1700.0049721838598,0.02,stop_loss,RANGING,616,86.98321112645635,69.77394436771965,1.2466431690896127,147.96354274585542,trail,774.7662185359454,1.0,51.62000000000012,3.839999999999918,43.49160556322818,34.886972183859825,6140.0,2022-11
2022-11-09 06:10:00+00:00,2022-11-17 02:20:00+00:00,HTF,buy,1708.4080000000001,1767.6067135646188,1675.6074271292373,1790.409432176907,0.02,stop_loss,STRONG,1610,118.39742712923726,65.60114574152567,1.8048073061975718,95.07029076250016,trail,893.1636456651827,2.5,77.95899999999983,6.360000000000127,59.19871356461863,32.800572870762835,11290.0,2022-11
2022-11-17 08:55:00+00:00,2022-11-17 13:30:00+00:00,HTF,sell,1766.6979999999999,1765.1857115197597,1778.1132565349346,1749.5751151975978,0.02,stop_loss,WEAK,55,3.024576960480317,22.83051306986954,0.1324795877878009,59.569401521459376,locked,896.188222625663,1.5,10.199999999999818,1.6800000000000637,1.5122884802401586,11.41525653493477,275.0,2022-11
2022-11-18 08:10:00+00:00,2022-11-18 14:25:00+00:00,HTF,buy,1763.797,1756.090822769157,1756.290822769157,1775.0562658462645,0.02,stop_loss,WEAK,75,-15.412354461685936,15.012354461685845,-1.0266447212541485,33.581230353969985,raw,880.7758681639771,1.5,3.780999999999949,8.797000000000025,-7.706177230842968,7.506177230842923,375.0,2022-11
2022-11-21 06:05:00+00:00,2022-11-21 13:20:00+00:00,HTF,sell,1746.158,1745.1241321178243,1754.3837858811703,1733.8193211782443,0.02,stop_loss,WEAK,87,2.067735764351255,16.45157176234079,0.12568621370782934,75.61587536867597,locked,882.8436039283283,1.5,9.329999999999927,0.8000000000001819,1.0338678821756275,8.225785881170395,435.0,2022-11
2022-11-21 14:25:00+00:00,2022-11-21 17:05:00+00:00,HTF,sell,1744.538,1736.0582394085538,1754.1054646951793,1730.186802957231,0.02,stop_loss,WEAK,32,16.95952118289233,19.134929390358593,0.8863121904927241,85.01033024382582,trail,899.8031251112207,1.5,12.200000000000045,1.009999999999991,8.479760591446166,9.567464695179297,160.0,2022-11
2022-11-22 06:00:00+00:00,2022-11-23 07:15:00+00:00,HTF,sell,1741.9479999999999,1740.915812468102,1750.1625835459847,1729.6261246810227,0.02,stop_loss,WEAK,291,2.0643750637955236,16.429167091969703,0.12565305667896914,73.7793539105096,locked,901.8675001750162,1.5,9.090999999999894,7.650000000000091,1.0321875318977618,8.214583545984851,1515.0,2022-11
2022-11-23 12:25:00+00:00,2022-11-23 13:35:00+00:00,HTF,sell,1737.368,1738.1280000000002,1745.0917644741137,1725.7823532888292,0.02,stop_gap,WEAK,14,-1.5200000000004366,15.447528948227502,-0.09839761460196818,79.67617371846474,locked,900.3475001750157,1.5,9.230999999999995,2.609000000000151,-0.7600000000002183,7.72376447411375,70.0,2022-11
2022-11-23 14:25:00+00:00,2022-11-23 14:50:00+00:00,HTF,sell,1736.268,1745.1768474292103,1744.9768474292102,1723.2047288561848,0.02,stop_loss,WEAK,5,-17.81769485842051,17.41769485842042,-1.0229651514308573,4.4399292766309,raw,882.5298053165952,1.5,0.5799999999999272,11.279999999999973,-8.908847429210255,8.70884742921021,25.0,2022-11
2022-11-24 06:40:00+00:00,2022-11-28 18:05:00+00:00,HTF,buy,1754.108,1741.1484436070662,1741.3484436070662,1773.2473345894005,0.02,stop_loss,WEAK,620,-25.919112785867583,25.51911278586749,-1.0156745261230873,49.68824781017567,raw,856.6106925307276,1.5,9.509999999999991,13.069999999999936,-12.959556392933791,12.759556392933746,6445.0,2022-11
2022-11-29 07:55:00+00:00,2022-11-30 12:35:00+00:00,HTF,buy,1754.008,1760.6447972055216,1742.6919860276082,1765.3240139723919,0.02,stop_loss,RANGING,332,13.273594411043177,22.63202794478366,0.5864960242814892,80.4170092242867,trail,869.8842869417708,1.0,9.099999999999909,7.2409999999999854,6.636797205521589,11.31601397239183,1720.0,2022-11
2022-11-30 13:25:00+00:00,2022-11-30 15:30:00+00:00,HTF,buy,1763.727,1749.4901046985813,1749.6901046985813,1777.7638953014189,0.02,stop_loss,RANGING,25,-28.47379060283765,28.073790602837562,-1.0142481649756145,5.841747640000241,raw,841.4104963389332,1.0,0.8199999999999363,14.749000000000024,-14.236895301418826,14.036895301418781,125.0,2022-11
2022-12-01 06:10:00+00:00,2022-12-01 14:35:00+00:00,HTF,buy,1781.027,1795.7297980128594,1759.8359900642981,1802.218009935702,0.02,stop_loss,RANGING,101,29.40559602571875,42.38201987140383,0.6938224302414482,90.32603947654107,trail,870.8160923646519,1.0,19.14099999999985,6.56899999999996,14.702798012859375,21.191009935701913,505.0,2022-12
2022-12-01 15:05:00+00:00,2022-12-13 17:25:00+00:00,HTF,buy,1801.6480000000001,1805.6304112299142,1759.8238877008578,1843.4721122991425,0.02,stop_loss,RANGING,2236,7.964822459828157,83.64822459828474,0.095218069457884,54.29882130568373,locked,878.7809148244801,1.0,22.70999999999981,35.64800000000014,3.982411229914078,41.82411229914237,17420.0,2022-12
2022-12-14 06:05:00+00:00,2022-12-15 08:10:00+00:00,HTF,buy,1810.435,1783.9773783398377,1784.1773783398378,1849.8214324902433,0.02,stop_loss,WEAK,301,-52.915243320324414,52.51524332032431,-1.0076168360786266,9.140203294349938,raw,825.8656715041557,1.5,3.6000000000001364,30.027000000000044,-26.457621660162204,26.257621660162158,1565.0,2022-12
2022-12-15 08:40:00+00:00,2022-12-20 08:45:00+00:00,HTF,sell,1776.645,1803.0467921406587,1802.8467921406586,1737.342311789012,0.02,stop_loss,WEAK,829,-52.8035842813174,52.40358428131731,-1.0076330656668975,7.727206810120868,raw,773.0620872228383,1.5,3.0370000000000346,28.74000000000001,-26.4017921406587,26.201792140658654,7205.0,2022-12
2022-12-20 12:15:00+00:00,2022-12-22 13:35:00+00:00,HTF,buy,1807.4550000000002,1810.195840173364,1778.0465982663604,1836.8634017336399,0.02,stop_loss,RANGING,568,5.481680346727899,58.81680346727944,0.0931992223919042,55.188310289690435,locked,778.5437675695662,1.0,16.22999999999979,9.170000000000073,2.7408401733639494,29.40840173363972,2960.0,2022-12
2022-12-23 10:10:00+00:00,2022-12-23 17:45:00+00:00,HTF,buy,1797.655,1798.5377331640116,1790.4367789065893,1808.482331640116,0.02,stop_loss,WEAK,91,1.7654663280231944,14.436442186821296,0.12229234219736279,50.243219482115975,locked,780.3092338975894,1.5,5.440000000000055,6.589999999999918,0.8827331640115972,7.218221093410648,455.0,2022-12
2022-12-27 06:00:00+00:00,2022-12-27 15:40:00+00:00,HTF,buy,1806.355,1829.298,1791.922002297904,1820.787997702096,0.02,stop_gap,RANGING,116,45.88599999999997,28.865995404191835,1.5896212605000462,186.10132527146018,trail,826.1952338975893,1.0,26.8599999999999,4.166999999999916,22.942999999999984,14.432997702095918,580.0,2022-12
2022-12-27 17:15:00+00:00,2023-01-04 12:35:00+00:00,HTF,buy,1820.467,1854.3438065571142,1792.0630218570477,1863.0729672144287,0.02,stop_loss,WEAK,1324,67.7536131142283,56.80795628590477,1.1926782363589337,104.6050657075729,trail,893.9488470118176,1.5,44.567999999999984,23.562000000000126,33.87680655711415,28.403978142952383,11240.0,2022-12
2023-01-04 13:40:00+00:00,2023-01-05 08:45:00+00:00,HTF,buy,1861.865,1843.7530040050574,1843.9530040050574,1906.6449899873564,0.02,stop_loss,STRONG,217,-36.223991989885235,35.823991989885144,-1.011165701469368,1.5631982057112777,raw,857.7248550219324,2.5,0.7000000000000455,18.1400000000001,-18.111995994942617,17.911995994942572,1145.0,2023-01
2023-01-05 15:55:00+00:00,2023-01-06 15:05:00+00:00,HTF,sell,1826.5249999999999,1856.9658151903857,1856.7658151903856,1750.9229620240353,0.02,stop_loss,STRONG,266,-60.88163038077165,60.48163038077155,-1.0066135783291859,1.3187475188391224,raw,796.8432246411608,2.5,0.9969999999998436,33.67000000000007,-30.44081519038582,30.240815190385774,1390.0,2023-01
2023-01-06 16:05:00+00:00,2023-01-12 14:10:00+00:00,HTF,buy,1863.755,1892.026081414087,1833.2819380469568,1909.464592929565,0.02,stop_loss,WEAK,1081,56.542162828173794,60.94612390608655,0.9277400957491746,82.5209711627131,trail,853.3853874693345,1.5,37.7199999999998,4.008000000000038,28.271081414086893,30.47306195304327,8525.0,2023-01
2023-01-13 07:00:00+00:00,2023-01-13 08:55:00+00:00,HTF,buy,1895.9750000000001,1906.1945110011277,1885.8733700037596,1911.1274449943608,0.02,stop_loss,WEAK,23,20.439022002255115,20.20325999248098,1.0116695033307435,89.51030678578738,trail,873.8244094715897,1.5,13.562999999999874,1.2700000000002092,10.219511001127557,10.10162999624049,115.0,2023-01
2023-01-13 09:30:00+00:00,2023-01-16 04:50:00+00:00,HTF,buy,1904.915,1922.845539077503,1885.9501302583437,1933.3623046124844,0.02,stop_loss,WEAK,220,35.861078155006,37.92973948331246,0.9454607029606257,84.26105856609168,trail,909.6854876265957,1.5,23.970000000000027,11.299999999999955,17.930539077503,18.96486974165623,4040.0,2023-01
2023-01-16 09:55:00+00:00,2023-01-17 10:15:00+00:00,HTF,buy,1917.675,1904.9981808025166,1905.1981808025166,1948.8670479937082,0.02,stop_loss,STRONG,232,-25.353638394966765,24.953638394966674,-1.0160297265540552,4.873036872431659,raw,884.3318492316289,2.5,1.5199999999999818,12.809999999999945,-12.676819197483383,12.476819197483337,1460.0,2023-01
2023-01-17 11:55:00+00:00,2023-01-18 04:05:00+00:00,HTF,buy,1912.825,1898.5615227300066,1898.7615227300066,1933.92021590499,0.02,stop_loss,WEAK,182,-28.52695453998695,28.126954539986855,-1.0142212339210572,17.63433006210697,raw,855.804894691642,1.5,3.7200000000000273,15.257000000000062,-14.263477269993473,14.063477269993427,970.0,2023-01
2023-01-18 12:25:00+00:00,2023-01-18 15:00:00+00:00,HTF,buy,1916.105,1917.592043234026,1904.8580451064927,1932.975432340261,0.02,stop_loss,WEAK,31,2.9740864680520644,22.493909787014672,0.13221740889922795,57.45555184657481,locked,858.778981159694,1.5,9.692999999999984,1.349999999999909,1.4870432340260322,11.246954893507336,155.0,2023-01
2023-01-20 07:55:00+00:00,2023-01-23 07:25:00+00:00,HTF,buy,1933.175,1920.230309996934,1920.430309996934,1952.2920350045988,0.02,stop_loss,WEAK,270,-25.88938000613189,25.489380006131796,-1.0156928100998874,22.28379034183488,raw,832.8896011535621,1.5,4.259999999999991,12.879999999999882,-12.944690003065944,12.744690003065898,4290.0,2023-01
2023-01-23 16:40:00+00:00,2023-01-24 01:35:00+00:00,HTF,sell,1921.0449999999998,1934.4506427545161,1934.250642754516,1901.2365358682255,0.02,stop_loss,WEAK,95,-26.81128550903259,26.411285509032496,-1.0151450409281781,9.879615032145244,raw,806.0783156445295,1.5,1.95699999999988,13.38000000000011,-13.405642754516293,13.205642754516248,535.0,2023-01
2023-01-24 06:05:00+00:00,2023-01-24 09:15:00+00:00,HTF,buy,1934.928,1936.1758925815814,1920.4490741841882,1949.406925815812,0.02,stop_loss,RANGING,38,2.495785163162509,28.957851631623726,0.08618682058709634,51.246895621888996,locked,808.574100807692,1.0,7.419999999999845,0.30300000000011096,1.2478925815812545,14.478925815811863,190.0,2023-01
2023-01-24 10:25:00+00:00,2023-01-24 15:00:00+00:00,HTF,buy,1936.9950000000001,1920.1810457042534,1920.3810457042534,1953.6089542957468,0.02,stop_loss,RANGING,55,-33.62790859149345,33.22790859149336,-1.012038073323173,13.741460698398395,raw,774.9461922161986,1.0,2.2829999999999018,16.930000000000064,-16.813954295746726,16.61395429574668,275.0,2023-01
2023-01-25 12:05:00+00:00,2023-01-25 20:00:00+00:00,HTF,sell,1924.075,1944.5998469679598,1944.3998469679598,1903.7501530320403,0.02,stop_loss,RANGING,95,-41.04969393591955,40.64969393591946,-1.0098401724901214,21.5401375808717,raw,733.896498280279,1.0,4.378000000000156,22.409999999999854,-20.524846967959775,20.32484696795973,475.0,2023-01
2023-01-26 06:10:00+00:00,2023-01-27 15:45:00+00:00,HTF,buy,1948.7150000000001,1918.2806529107809,1918.480652910781,1978.9493470892194,0.02,stop_loss,RANGING,391,-60.868694178438545,60.468694178438454,-1.0066149931867179,0.5291994549368201,raw,673.0278041018405,1.0,0.15999999999985448,32.190000000000055,-30.434347089219273,30.234347089219227,2015.0,2023-01
2023-01-30 14:55:00+00:00,2023-01-31 12:40:00+00:00,HTF,sell,1924.955,1904.8485147686317,1936.833382562105,1907.1374261568421,0.02,stop_loss,WEAK,249,40.21297046273639,23.756765124210233,1.6926955438792397,136.32608016005324,trail,713.2407745645769,1.5,24.289999999999964,4.230000000000018,20.106485231368197,11.878382562105116,1305.0,2023-01
2023-02-02 07:55:00+00:00,2023-02-02 13:55:00+00:00,HTF,buy,1955.635,1944.383299930465,1944.583299930465,1972.2125501043024,0.02,stop_loss,WEAK,72,-22.50340013906998,22.10340013906989,-1.0180967632800102,23.525792264008377,raw,690.7373744255069,1.5,3.900000000000091,12.39799999999991,-11.25170006953499,11.051700069534945,360.0,2023-02
2023-02-03 11:05:00+00:00,2023-02-03 13:50:00+00:00,HTF,sell,1909.748,1887.7403261798597,1922.6990872661988,1890.3213691007018,0.02,stop_loss,WEAK,33,44.01534764028065,25.902174532397567,1.6992916013760828,139.4631943152773,trail,734.7527220657876,1.5,27.093000000000075,7.236999999999853,22.007673820140326,12.951087266198783,165.0,2023-02
2023-02-03 14:20:00+00:00,2023-02-16 08:15:00+00:00,HTF,sell,1881.705,1844.4252401921106,1923.339133973702,1819.2537990394467,0.02,stop_loss,WEAK,2411,74.55951961577875,83.26826794740418,0.8954133603796557,82.03204936340455,trail,809.3122416815663,1.5,51.23000000000002,8.393000000000029,37.27975980788938,41.63413397370209,18355.0,2023-02
2023-02-17 06:40:00+00:00,2023-02-17 15:30:00+00:00,HTF,sell,1823.625,1837.2220918161026,1837.0220918161026,1803.529362275846,0.02,stop_loss,WEAK,106,-27.194183632205295,26.794183632205204,-1.0149286130710589,23.98530500082886,raw,782.118058049361,1.5,4.819999999999936,14.920000000000073,-13.597091816102647,13.397091816102602,530.0,2023-02
2023-02-17 16:25:00+00:00,2023-02-23 06:30:00+00:00,HTF,sell,1835.155,1833.3601317149487,1848.454121900342,1815.206317149487,0.02,stop_loss,WEAK,955,3.589736570102559,26.59824380068403,0.1349614131294729,60.705762334020285,locked,785.7077946194636,1.5,12.1099999999999,12.25,1.7948682850512796,13.299121900342016,8045.0,2023-02
2023-02-23 12:05:00+00:00,2023-02-23 13:35:00+00:00,HTF,sell,1825.595,1824.734989738738,1836.19510261262,1814.99489738738,0.02,stop_loss,RANGING,18,1.7200205225240097,21.200205225240097,0.08113225811966308,53.74476274614079,locked,787.4278151419876,1.0,5.697000000000116,2.7899999999999636,0.8600102612620049,10.600102612620049,90.0,2023-02
2023-02-23 14:05:00+00:00,2023-02-23 19:15:00+00:00,HTF,sell,1825.0249999999999,1824.106153397177,1836.2134660282286,1813.8365339717711,0.02,stop_loss,RANGING,62,1.8376932056457917,22.376932056457463,0.08212444856199473,59.43620853137308,locked,789.2655083476334,1.0,6.649999999999864,5.000000000000227,0.9188466028228959,11.188466028228731,310.0,2023-02
2023-02-24 09:55:00+00:00,2023-02-24 13:35:00+00:00,HTF,sell,1821.325,1816.428,1832.7299368263732,1809.9200631736269,0.02,stop_gap,RANGING,44,9.793999999999869,22.80987365274632,0.42937546034239726,86.07675912153101,trail,799.0595083476333,1.0,9.817000000000007,2.6130000000000564,4.8969999999999345,11.40493682637316,220.0,2023-02
2023-02-24 14:15:00+00:00,2023-03-01 04:00:00+00:00,HTF,sell,1811.655,1831.6304054742309,1831.4304054742308,1791.879594525769,0.02,stop_loss,RANGING,705,-39.95081094846182,39.55081094846173,-1.0101135726526904,35.705968250314974,raw,759.1086973991714,1.0,7.060999999999922,19.809999999999945,-19.97540547423091,19.775405474230865,6585.0,2023-02
2023-03-01 06:05:00+00:00,2023-03-01 09:10:00+00:00,HTF,buy,1832.145,1832.945187010576,1822.143129894239,1842.1468701057609,0.02,stop_loss,RANGING,37,1.6003740211522197,20.003740211521745,0.08000373951219568,57.18930499512711,locked,760.7090714203237,1.0,5.720000000000027,0.9069999999999254,0.80018701057611,10.001870105760872,185.0,2023-03
2023-03-01 10:15:00+00:00,2023-03-01 13:40:00+00:00,HTF,buy,1832.785,1833.680326046675,1821.8317395332508,1843.7382604667494,0.02,stop_loss,RANGING,41,1.7906520933497632,21.90652093349854,0.08174059672850983,79.7022952800366,locked,762.4997235136734,1.0,8.730000000000018,1.5510000000001583,0.8953260466748816,10.95326046674927,205.0,2023-03
2023-03-01 14:10:00+00:00,2023-03-03 15:05:00+00:00,HTF,buy,1837.7050000000002,1839.180265894916,1820.9523410508427,1854.4576589491576,0.02,stop_loss,RANGING,563,2.9505317898315297,33.50531789831484,0.08806159663328929,68.22797524075848,locked,765.450255303505,1.0,11.429999999999836,7.851000000000113,1.4752658949157649,16.75265894915742,2935.0,2023-03
2023-03-06 06:35:00+00:00,2023-03-06 19:15:00+00:00,HTF,buy,1853.308,1845.3757818392696,1845.5757818392697,1864.9063272410954,0.02,stop_loss,WEAK,152,-15.864436321460746,15.464436321460653,-1.0258657989004745,41.902594218758296,raw,749.5858189820442,1.5,4.8599999999999,8.292999999999893,-7.932218160730372,7.732218160730326,760.0,2023-03
2023-03-07 06:05:00+00:00,2023-03-07 11:25:00+00:00,HTF,buy,1847.625,1842.1724595862543,1842.3724595862543,1855.5038106206184,0.02,stop_loss,WEAK,64,-10.905080827491474,10.505080827491383,-1.0380768131696148,49.88062525218546,raw,738.6807381545527,1.5,3.9300000000000637,5.519999999999982,-5.452540413745737,5.252540413745692,320.0,2023-03
2023-03-07 15:55:00+00:00,2023-03-10 14:35:00+00:00,HTF,sell,1817.705,1856.2848687864728,1856.0848687864727,1760.1351968202907,0.02,stop_loss,WEAK,812,-77.15973757294569,76.7597375729456,-1.0052110652361204,14.689992900619464,raw,661.521000581607,1.5,8.45699999999988,39.28300000000013,-38.579868786472844,38.3798687864728,4240.0,2023-03
2023-03-10 15:05:00+00:00,2023-03-13 13:55:00+00:00,HTF,buy,1859.665,1898.818836139302,1824.2011204643406,1912.8608193034888,0.02,stop_loss,WEAK,274,78.30767227860406,70.92775907131863,1.1040483063882625,93.97918982088342,trail,739.8286728602111,1.5,49.99299999999994,5.6599999999998545,39.15383613930203,35.463879535659316,4250.0,2023-03
2023-03-13 14:45:00+00:00,2023-03-20 09:45:00+00:00,HTF,buy,1911.935,1986.5161739338935,1869.3713478677867,2018.344130330533,0.02,stop_loss,STRONG,1320,149.16234786778705,85.12730426442658,1.7522268460945467,91.87181560109853,trail,888.9910207279981,2.5,97.75999999999999,26.36999999999989,74.58117393389352,42.56365213221329,9780.0,2023-03
2023-03-20 11:40:00+00:00,2023-03-21 13:45:00+00:00,HTF,buy,1982.945,1952.4913411889047,1952.6913411889047,2058.579147027738,0.02,stop_loss,STRONG,301,-60.90731762219048,60.507317622190385,-1.006610770659141,4.693647167988846,raw,828.0837031058077,2.5,3.5499999999999545,30.470000000000027,-30.453658811095238,30.253658811095193,1565.0,2023-03
2023-03-21 15:55:00+00:00,2023-03-22 18:00:00+00:00,HTF,sell,1947.855,1962.2614114766811,1962.061411476681,1912.3389713082975,0.02,stop_loss,STRONG,301,-28.81282295336223,28.412822953362138,-1.014078150582104,38.517819992627885,raw,799.2708801524454,2.5,13.680000000000064,18.480000000000018,-14.406411476681114,14.206411476681069,1565.0,2023-03
2023-03-23 06:05:00+00:00,2023-04-10 02:45:00+00:00,HTF,buy,1978.515,1988.648009388871,1937.1829624445163,2081.8450938887095,0.02,stop_loss,STRONG,2996,20.26601877774192,82.66407511096759,0.24516113862687,51.73033139558645,locked,819.5368989301874,2.5,53.452999999999975,34.62000000000012,10.13300938887096,41.332037555483794,25720.0,2023-03
2023-04-10 06:40:00+00:00,2023-04-10 10:45:00+00:00,HTF,sell,1994.835,2002.4980943846151,2002.298094384615,1983.6403584230775,0.02,stop_loss,WEAK,49,-15.326188769230157,14.926188769230068,-1.0267985355260063,9.915458144621283,raw,804.2107101609572,1.5,1.1100000000001273,7.849999999999909,-7.6630943846150785,7.463094384615033,245.0,2023-04
2023-04-10 16:00:00+00:00,2023-04-12 01:40:00+00:00,HTF,sell,1988.398,2012.3324346467793,2012.1324346467793,1952.7963480298308,0.02,stop_loss,WEAK,380,-47.86886929355887,47.46886929355878,-1.008426575268233,3.9155486413047615,raw,756.3418408673983,1.5,1.3940000000000055,24.7170000000001,-23.934434646779437,23.73443464677939,2020.0,2023-04
2023-04-12 09:40:00+00:00,2023-04-12 12:30:00+00:00,HTF,buy,2011.255,2025.4712664806405,1997.0387335193598,2025.4712664806405,0.02,take_profit,RANGING,34,28.43253296128069,28.43253296128069,1.0,102.55153854813834,raw,784.774373828679,1.0,14.57899999999995,4.955000000000155,14.216266480640343,14.216266480640343,170.0,2023-04
2023-04-13 06:40:00+00:00,2023-04-13 13:05:00+00:00,HTF,buy,2022.925,2041.3403304319277,2009.0427681064257,2043.7483478403615,0.02,stop_loss,WEAK,77,36.83066086385543,27.764463787148543,1.3265396063907922,109.39643411155005,trail,821.6050346925344,1.5,22.779999999999973,2.9610000000000127,18.415330431927714,13.882231893574271,385.0,2023-04
2023-04-13 13:35:00+00:00,2023-04-14 14:20:00+00:00,HTF,buy,2042.635,2009.0341950259817,2009.2341950259818,2092.7362074610273,0.02,stop_loss,WEAK,285,-67.20160994803655,66.80160994803646,-1.0059878796380992,11.782151167897176,raw,754.4034247444979,1.5,5.90300000000002,34.82999999999993,-33.600804974018274,33.40080497401823,1485.0,2023-04
2023-04-17 07:00:00+00:00,2023-04-17 13:50:00+00:00,HTF,sell,2012.435,1997.365,2027.3020641777719,1990.134403733342,0.02,stop_gap,WEAK,82,30.139999999999873,29.734128355543817,1.0136500266496087,92.00202431661161,trail,784.5434247444978,1.5,20.517000000000053,2.4500000000000455,15.069999999999936,14.867064177771908,410.0,2023-04
2023-04-17 16:10:00+00:00,2023-05-03 14:50:00+00:00,HTF,sell,1987.825,2020.8657222303038,2020.6657222303038,1938.5639166545443,0.02,stop_loss,WEAK,3296,-66.0814444606076,65.68144446060751,-1.0060900000492528,37.900100306507674,raw,718.4619802838902,1.5,18.670000000000073,33.822999999999865,-33.0407222303038,32.840722230303754,22960.0,2023-04
2023-05-04 07:15:00+00:00,2023-05-04 14:35:00+00:00,HTF,buy,2035.815,2054.070262040085,2027.8655240801693,2055.688689799577,0.02,stop_loss,STRONG,88,36.51052408016949,15.89895183966155,2.2964107601791888,112.86278605635398,trail,754.9725043640597,2.5,22.429999999999836,5.601000000000113,18.255262040084745,7.949475919830775,440.0,2023-05
2023-05-04 15:20:00+00:00,2023-05-05 12:30:00+00:00,HTF,buy,2047.935,2023.070690732381,2023.2706907323811,2109.595773169047,0.02,stop_loss,STRONG,242,-49.72861853523773,49.32861853523764,-1.0081088830759442,9.892837352649424,raw,705.2438858288219,2.5,6.099999999999909,27.59999999999991,-24.864309267618864,24.66430926761882,1270.0,2023-05
2023-05-05 16:50:00+00:00,2023-05-10 12:30:00+00:00,HTF,sell,2017.0349999999999,2042.4941160562173,2042.2941160562173,1953.8872098594563,0.02,stop_loss,STRONG,776,-50.918232112434914,50.518232112434816,-1.0079179334524186,5.750003273144794,raw,654.325653716387,2.5,3.630999999999858,28.70900000000006,-25.459116056217454,25.259116056217408,6940.0,2023-05
2023-05-11 13:00:00+00:00,2023-05-11 13:45:00+00:00,HTF,buy,2034.784,2021.4588502111665,2021.6588502111665,2054.4717246832506,0.02,stop_loss,WEAK,9,-26.650299577667287,26.250299577667192,-1.0152379213355873,0.4571376400670941,raw,627.6753541387197,1.5,0.08999999999991815,17.330000000000155,-13.325149788833642,13.125149788833596,45.0,2023-05
2023-05-11 15:55:00+00:00,2023-05-19 06:05:00+00:00,HTF,sell,2013.274,1964.3734958767566,2050.5689862558556,1957.3315206162163,0.02,stop_loss,WEAK,1538,97.80100824648662,74.5899725117115,1.311181717235929,109.73592996987382,trail,725.4763623852064,1.5,61.388999999999896,9.220000000000027,48.90050412324331,37.29498625585575,10930.0,2023-05
2023-05-19 15:10:00+00:00,2023-05-19 15:15:00+00:00,HTF,sell,1967.085,1969.401366767226,1969.2013667672259,1963.9104498491613,0.03,stop_loss,WEAK,1,-6.949100301677618,6.349100301677481,-1.0945015784112926,0.0,raw,718.5272620835287,1.5,0.0,7.7000000000000455,-2.3163667672258725,2.116366767225827,5.0,2023-05
2023-05-22 14:40:00+00:00,2023-05-23 02:45:00+00:00,HTF,sell,1974.165,1963.785066297877,1984.8652209929232,1958.114668510615,0.02,stop_loss,WEAK,133,20.75986740424605,21.400441985846555,0.9700672265542853,87.22561281216574,trail,739.2871294877748,1.5,14.0,4.613000000000056,10.379933702123026,10.700220992923278,725.0,2023-05
2023-05-23 06:05:00+00:00,2023-05-23 08:25:00+00:00,HTF,sell,1961.945,1960.6118742081483,1972.1658386123454,1946.6137420814816,0.02,stop_loss,WEAK,28,2.6662515837033425,20.44167722469092,0.13043213403657763,51.274331446115326,locked,741.9533810714781,1.5,7.860999999999876,2.5700000000001637,1.3331257918516712,10.22083861234546,140.0,2023-05
2023-05-23 09:10:00+00:00,2023-05-23 13:55:00+00:00,HTF,sell,1959.405,1972.6985886411526,1972.4985886411525,1939.7646170382711,0.02,stop_loss,WEAK,57,-26.58717728230522,26.18717728230513,-1.0152746512420174,25.203174549323155,raw,715.3662037891729,1.5,4.9500000000000455,13.879000000000133,-13.29358864115261,13.093588641152564,285.0,2023-05
2023-05-24 11:55:00+00:00,2023-05-24 15:55:00+00:00,HTF,buy,1982.015,1960.3354516071765,1960.5354516071766,2003.4945483928236,0.02,stop_loss,RANGING,48,-43.359096785647125,42.959096785647034,-1.0093111827279788,14.800124946118459,raw,672.0071070035258,1.0,3.17899999999986,21.6400000000001,-21.679548392823563,21.479548392823517,240.0,2023-05
2023-05-25 06:05:00+00:00,2023-05-25 12:55:00+00:00,HTF,sell,1955.335,1943.21697882318,1975.1998941158995,1935.4701058841006,0.02,stop_loss,RANGING,82,24.23604235364019,39.72978823179892,0.6100219364935389,82.00899488792619,trail,696.243149357166,1.0,16.29099999999994,9.289999999999964,12.118021176820093,19.86489411589946,410.0,2023-05
2023-05-25 13:30:00+00:00,2023-05-30 08:40:00+00:00,HTF,sell,1948.105,1945.6478943621828,1974.6760563781727,1921.5339436218273,0.02,stop_loss,RANGING,740,4.914211275634443,53.14211275634534,0.09247301284700372,60.968595939256154,locked,701.1573606328004,1.0,16.200000000000045,9.1099999999999,2.4571056378172216,26.57105637817267,6910.0,2023-05
2023-05-30 16:00:00+00:00,2023-06-02 13:45:00+00:00,HTF,buy,1962.6280000000002,1965.760401852247,1940.4119876516872,1995.9520185224696,0.02,stop_loss,WEAK,801,6.2648037044937155,44.43202469662583,0.14099748429806452,62.07834744195455,locked,707.4221643372941,1.5,20.686999999999898,9.373000000000047,3.1324018522468577,22.216012348312915,4185.0,2023-05
2023-06-02 15:55:00+00:00,2023-06-05 08:10:00+00:00,HTF,sell,1961.7749999999999,1942.1440204690596,1973.7050682301979,1943.8798976547027,0.02,stop_loss,WEAK,183,39.26195906188059,23.860136460396006,1.64550438037306,130.81791625602,trail,746.6841233991747,1.5,23.409999999999854,0.3300000000001546,19.630979530940294,11.930068230198003,3855.0,2023-06
2023-06-05 08:55:00+00:00,2023-06-05 14:00:00+00:00,HTF,sell,1941.988,1953.7465543587648,1953.5465543587648,1924.650168461853,0.02,stop_loss,WEAK,61,-23.51710871752948,23.11710871752939,-1.0173032019223398,22.7421750599231,raw,723.1670146816452,1.5,3.9429999999999836,19.30600000000004,-11.75855435876474,11.558554358764695,305.0,2023-06
2023-06-07 15:55:00+00:00,2023-06-15 13:40:00+00:00,HTF,sell,1946.865,1943.782639822096,1979.688601779041,1914.041398220959,0.02,stop_loss,RANGING,1629,6.164720355808186,65.64720355808186,0.09390682346969895,66.92440442056188,locked,729.3317350374534,1.0,21.9670000000001,26.063000000000102,3.082360177904093,32.82360177904093,11385.0,2023-06
2023-06-20 15:55:00+00:00,2023-06-21 13:45:00+00:00,HTF,sell,1934.865,1923.9550000000002,1953.3436471692632,1916.3863528307368,0.02,stop_gap,RANGING,250,21.81999999999971,36.95729433852648,0.5904111864935211,85.44997832019065,trail,751.1517350374531,1.0,15.789999999999964,4.509999999999991,10.909999999999854,18.47864716926324,1310.0,2023-06
2023-06-22 06:55:00+00:00,2023-06-22 13:45:00+00:00,HTF,sell,1927.7949999999998,1926.684074842397,1936.5345010506865,1914.68574842397,0.02,stop_loss,WEAK,82,2.2218503152057565,17.479002101373226,0.1271153983688347,67.81470283364698,locked,753.3735853526589,1.5,8.889999999999873,3.5800000000001546,1.1109251576028782,8.739501050686613,410.0,2023-06
2023-06-22 14:25:00+00:00,2023-06-29 14:50:00+00:00,HTF,sell,1916.065,1913.0882044482632,1937.2436370115788,1884.297044482632,0.02,stop_loss,WEAK,1385,5.953591103473627,42.357274023157515,0.1405565216547856,72.87217456390465,locked,759.3271764561325,1.5,23.15000000000009,21.173000000000002,2.9767955517368136,21.178637011578758,10105.0,2023-06
2023-07-04 06:55:00+00:00,2023-07-05 13:30:00+00:00,HTF,buy,1927.575,1928.556837965427,1919.696080230488,1939.3933796542683,0.02,stop_loss,WEAK,325,1.9636759308536966,15.757839539024191,0.12461580954614149,62.02203867560362,locked,761.2908523869862,1.5,7.329999999999927,6.830000000000155,0.9818379654268483,7.878919769512095,1835.0,2023-07
2023-07-06 10:55:00+00:00,2023-07-06 12:20:00+00:00,HTF,buy,1924.935,1910.6220073565885,1910.8220073565885,1939.0479926434114,0.02,stop_loss,RANGING,17,-28.625985286822925,28.225985286822837,-1.0141713387835862,18.210170336905517,raw,732.6648671001633,1.0,2.5700000000001637,16.799999999999955,-14.312992643411462,14.112992643411417,85.0,2023-07
2023-07-07 07:15:00+00:00,2023-07-07 14:35:00+00:00,HTF,sell,1913.358,1930.970484810066,1930.770484810066,1895.945515189934,0.02,stop_loss,RANGING,88,-35.224969620132015,34.824969620131924,-1.011486011455667,0.7063897045236323,raw,697.4398974800313,1.0,0.1230000000000473,18.826999999999998,-17.612484810066007,17.412484810065962,440.0,2023-07
2023-07-11 06:10:00+00:00,2023-07-11 07:10:00+00:00,HTF,buy,1930.358,1931.421226258529,1917.7257374147098,1942.99026258529,0.02,stop_loss,RANGING,12,2.126452517058169,25.264525170580328,0.08416752354144182,62.59369567893231,locked,699.5663499970894,1.0,7.907000000000153,0.2239999999999327,1.0632262585290846,12.632262585290164,60.0,2023-07
2023-07-11 07:55:00+00:00,2023-07-12 07:10:00+00:00,HTF,buy,1932.375,1933.7168022331193,1916.9569776688058,1947.7930223311942,0.02,stop_loss,RANGING,267,2.6836044662386485,30.836044662388307,0.08702816770504698,55.00056893057585,locked,702.2499544633281,1.0,8.480000000000018,3.119999999999891,1.3418022331193242,15.418022331194152,1395.0,2023-07
2023-07-12 07:55:00+00:00,2023-07-12 12:30:00+00:00,HTF,buy,1934.815,1942.4710459793184,1927.1589540206817,1942.4710459793184,0.02,take_profit,RANGING,55,15.312091958636756,15.312091958636756,1.0,153.08163027834198,raw,717.5620464219649,1.0,11.720000000000027,1.3800000000001091,7.656045979318378,7.656045979318378,275.0,2023-07
2023-07-12 13:00:00+00:00,2023-07-12 14:00:00+00:00,HTF,buy,1943.515,1953.9032441230593,1927.656220615296,1959.3737793847042,0.02,stop_loss,RANGING,12,20.776488246118333,31.717558769408242,0.6550468904989425,86.76582015682484,trail,738.3385346680832,1.0,13.759999999999991,1.0700000000001637,10.388244123059167,15.858779384704121,60.0,2023-07
2023-07-12 14:40:00+00:00,2023-07-18 16:45:00+00:00,HTF,buy,1957.118,1976.883483828555,1925.7104191427748,1988.5255808572251,0.02,stop_loss,RANGING,1129,39.53096765711007,62.815161714450376,0.629322070948615,86.21167011585054,trail,777.8695023251933,1.0,27.076999999999998,11.480000000000018,19.765483828555034,31.407580857225184,8765.0,2023-07
2023-07-19 06:00:00+00:00,2023-07-20 05:50:00+00:00,HTF,buy,1978.665,1980.1262086103018,1967.5902759313208,1995.2770861030187,0.02,stop_loss,WEAK,274,2.92241722060362,22.149448137358377,0.13194085931533994,52.49190225672747,locked,780.7919195457969,1.5,8.720000000000027,9.019999999999982,1.46120861030181,11.074724068679188,1430.0,2023-07
2023-07-21 12:55:00+00:00,2023-07-25 01:35:00+00:00,HTF,sell,1962.725,1961.3261148435033,1973.3842343766444,1946.736148435033,0.02,stop_loss,WEAK,416,2.7977703129931797,21.318468753288926,0.13123692631824466,59.91674862371402,locked,783.58968985879,1.5,9.579999999999927,5.0,1.3988851564965898,10.659234376644463,5080.0,2023-07
2023-07-25 08:10:00+00:00,2023-07-26 07:25:00+00:00,HTF,buy,1959.945,1968.4994541059286,1949.3522705296434,1970.5377294703565,0.02,stop_loss,RANGING,267,17.108908211857397,21.185458940713033,0.8075778891425596,102.64587640445137,trail,800.6985980706474,1.0,10.873000000000047,8.047000000000025,8.554454105928698,10.592729470356517,1395.0,2023-07
2023-07-26 08:10:00+00:00,2023-07-27 12:25:00+00:00,HTF,buy,1971.295,1972.753185405562,1954.7131459443817,1987.8768540556184,0.02,stop_loss,RANGING,327,2.91637081112367,33.1637081112367,0.08793862258531729,65.07113115221298,locked,803.6149688817711,1.0,10.789999999999964,7.509999999999991,1.458185405561835,16.58185405561835,1695.0,2023-07
2023-07-28 06:45:00+00:00,2023-07-31 13:30:00+00:00,HTF,sell,1951.115,1967.8249875349215,1967.6249875349215,1934.6050124650785,0.02,stop_loss,RANGING,357,-33.419975069843076,33.019975069842985,-1.0121138795275897,20.593595196898242,raw,770.194993811928,1.0,3.400000000000091,17.069999999999936,-16.709987534921538,16.509987534921493,4725.0,2023-07
2023-07-31 16:00:00+00:00,2023-08-01 12:40:00+00:00,HTF,buy,1970.804,1948.008983161045,1948.2089831610451,1993.399016838955,0.02,stop_loss,RANGING,236,-45.590033677910014,45.19003367790992,-1.008851509225487,5.979194481814647,raw,724.604960134018,1.0,1.3509999999998854,23.059000000000196,-22.795016838955007,22.59501683895496,1240.0,2023-07
2023-08-01 13:10:00+00:00,2023-08-03 12:30:00+00:00,HTF,sell,1947.055,1934.0220499792922,1969.0402498964606,1925.0697501035395,0.02,stop_loss,RANGING,544,26.06590004141572,43.970499792921146,0.5928042702305625,80.19012784948322,trail,750.6708601754337,1.0,17.63000000000011,7.619999999999891,13.032950020707858,21.985249896460573,2840.0,2023-08
2023-08-03 13:30:00+00:00,2023-08-04 12:35:00+00:00,HTF,sell,1934.135,1935.365,1945.5683194511578,1922.7016805488422,0.02,stop_gap,RANGING,265,-2.4600000000000364,22.86663890231557,-0.10758030554944945,80.79018555774459,trail,748.2108601754337,1.0,9.23700000000008,4.519999999999982,-1.2300000000000182,11.433319451157786,1385.0,2023-08
2023-08-07 15:55:00+00:00,2023-08-08 13:35:00+00:00,HTF,sell,1932.225,1925.4950000000001,1944.1785940205268,1920.271405979473,0.02,stop_gap,RANGING,248,13.45999999999958,23.907188041053814,0.5630105881497166,80.05960369380269,trail,761.6708601754333,1.0,9.569999999999936,5.720000000000027,6.729999999999791,11.953594020526907,1300.0,2023-08
2023-08-08 16:00:00+00:00,2023-08-10 12:25:00+00:00,HTF,sell,1925.165,1923.8912673252419,1939.9023267475814,1910.4276732524186,0.02,stop_loss,RANGING,509,2.5474653495161874,29.474653495162784,0.08642901772990354,79.11882663464341,locked,764.2183255249495,1.0,11.659999999999854,7.0900000000001455,1.2737326747580937,14.737326747581392,2665.0,2023-08
2023-08-10 12:55:00+00:00,2023-08-14 01:20:00+00:00,HTF,buy,1926.325,1909.7663510784491,1909.9663510784492,1942.683648921551,0.02,stop_loss,RANGING,413,-33.117297843101824,32.71729784310173,-1.0122259485461886,4.4624712193579565,raw,731.1010276818477,1.0,0.7300000000000182,16.381000000000085,-16.558648921550912,16.358648921550866,5065.0,2023-08
2023-08-14 06:55:00+00:00,2023-08-14 12:50:00+00:00,HTF,sell,1911.825,1911.2035667469186,1920.0393325308157,1903.6106674691844,0.02,stop_loss,RANGING,71,1.2428665061629545,16.428665061631364,0.07565231268033035,72.0691544661903,locked,732.3438941880106,1.0,5.920000000000073,4.309999999999945,0.6214332530814772,8.214332530815682,355.0,2023-08
2023-08-14 16:55:00+00:00,2023-08-15 01:40:00+00:00,HTF,sell,1911.625,1905.621236916791,1920.756184583955,1902.493815416045,0.02,stop_loss,RANGING,93,12.007526166417847,18.262369167910038,0.6575010096453986,87.94039728547371,trail,744.3514203544285,1.0,8.029999999999973,1.4200000000000728,6.0037630832089235,9.131184583955019,525.0,2023-08
2023-08-15 06:10:00+00:00,2023-08-15 12:40:00+00:00,HTF,sell,1904.855,1903.9604188040712,1915.8008119592885,1893.9091880407116,0.02,stop_loss,RANGING,78,1.7891623918576443,21.891623918576897,0.08172817140072411,78.93429954886379,locked,746.1405827462861,1.0,8.6400000000001,2.1800000000000637,0.8945811959288221,10.945811959288449,390.0,2023-08
2023-08-15 14:00:00+00:00,2023-08-16 22:00:00+00:00,HTF,sell,1902.875,1894.6601274287384,1916.4506371436928,1889.2993628563072,0.02,stop_loss,RANGING,360,16.42974514252319,27.151274287385608,0.6051187494413989,86.38268595333234,trail,762.5703278888093,1.0,11.72700000000009,8.650000000000091,8.214872571261594,13.575637143692802,1920.0,2023-08
2023-08-17 06:15:00+00:00,2023-08-18 00:45:00+00:00,HTF,sell,1893.7549999999999,1892.637080682507,1906.9341931749277,1880.575806825072,0.02,stop_loss,RANGING,210,2.235838634985612,26.358386349855667,0.08482456419407688,66.99954908315759,locked,764.8061665237949,1.0,8.829999999999927,9.620000000000118,1.117919317492806,13.179193174927832,1110.0,2023-08
2023-08-18 06:00:00+00:00,2023-08-21 01:35:00+00:00,HTF,buy,1893.255,1884.9611236805622,1885.1611236805622,1901.348876319438,0.02,stop_loss,RANGING,223,-16.587752638875827,16.187752638875736,-1.024710039059991,42.29123185116491,raw,748.2184138849191,1.0,3.423000000000002,8.13000000000011,-8.293876319437913,8.093876319437868,4055.0,2023-08
2023-08-21 08:20:00+00:00,2023-08-21 12:35:00+00:00,HTF,sell,1887.835,1895.7688740425028,1895.5688740425028,1876.234188936246,0.02,stop_loss,WEAK,51,-15.867748085005587,15.467748085005498,-1.0258602608344682,9.654497378200448,raw,732.3506657999135,1.5,1.1200000000001182,7.7999999999999545,-7.933874042502794,7.733874042502748,255.0,2023-08
2023-08-22 08:00:00+00:00,2023-08-23 13:45:00+00:00,HTF,buy,1902.165,1917.33076541411,1886.99923458589,1917.33076541411,0.02,take_profit,RANGING,345,30.33153082821991,30.33153082821991,1.0,102.33575145215192,locked,762.6821966281334,1.0,15.519999999999982,13.146999999999935,15.165765414109956,15.165765414109956,1785.0,2023-08
2023-08-23 15:55:00+00:00,2023-08-25 14:35:00+00:00,HTF,buy,1918.415,1906.687282131006,1906.887282131006,1929.942717868994,0.02,stop_loss,RANGING,536,-23.455435737987955,23.055435737987864,-1.017349487754032,41.72551804843687,raw,739.2267608901454,1.0,4.809999999999945,11.710000000000036,-11.727717868993977,11.527717868993932,2800.0,2023-08
2023-08-29 06:05:00+00:00,2023-08-29 11:40:00+00:00,HTF,buy,1925.175,1917.7827501117774,1917.9827501117775,1932.3672498882224,0.02,stop_loss,RANGING,67,-14.784499776445045,14.384499776444956,-1.0278077101196874,0.0,raw,724.4422611137004,1.0,0.0,7.289999999999964,-7.392249888222523,7.192249888222477,335.0,2023-08
2023-08-29 15:55:00+00:00,2023-09-01 14:00:00+00:00,HTF,buy,1936.815,1939.5953386045157,1907.0116139548434,1966.6183860451567,0.02,stop_loss,RANGING,805,5.5606772090313825,59.60677209031338,0.09328935310582002,53.98715426368369,locked,730.0029383227318,1.0,16.089999999999918,2.8500000000001364,2.7803386045156913,29.803386045156685,4205.0,2023-08
2023-09-04 06:45:00+00:00,2023-09-05 01:50:00+00:00,HTF,buy,1944.895,1935.6563280319376,1935.8563280319377,1958.4530079520935,0.02,stop_loss,WEAK,187,-18.477343936124726,18.077343936124635,-1.0221271444197484,2.0652001458425038,raw,711.525594386607,1.5,0.2799999999999727,9.740000000000009,-9.238671968062363,9.038671968062317,1145.0,2023-09
2023-09-05 06:05:00+00:00,2023-09-05 12:40:00+00:00,HTF,sell,1936.185,1930.1506670275871,1942.2938900919573,1927.021664862064,0.02,stop_loss,WEAK,79,12.068665944825625,12.217780183914783,0.9877953084075393,91.41867970450394,trail,723.5942603314327,1.5,8.376999999999953,1.9429999999999836,6.0343329724128125,6.108890091957392,395.0,2023-09
2023-09-05 13:45:00+00:00,2023-09-06 13:30:00+00:00,HTF,sell,1929.585,1923.7302495265076,1939.661247632537,1919.508752367463,0.02,stop_loss,RANGING,273,11.709500946984917,20.152495265073867,0.581044718927614,84.92248614820504,trail,735.3037612784176,1.0,8.557000000000016,0.2699999999999818,5.854750473492459,10.076247632536933,1425.0,2023-09
2023-09-06 15:05:00+00:00,2023-09-15 01:40:00+00:00,HTF,sell,1916.998,1914.857167223882,1932.603551840787,1893.5896722388195,0.02,stop_loss,WEAK,1771,4.281665552236063,31.21110368157406,0.13718404821306618,68.77894125653754,locked,739.5854268306537,1.5,16.100000000000136,13.559999999999945,2.1408327761180317,15.60555184078703,12155.0,2023-09
2023-09-15 07:55:00+00:00,2023-09-19 05:40:00+00:00,HTF,buy,1918.1480000000001,1930.0764842504052,1905.9529475013512,1936.4405787479736,0.02,stop_loss,WEAK,525,23.856968500810126,24.39010499729784,0.9781412791561668,89.41877591650137,trail,763.4423953314638,1.5,16.35699999999997,2.2430000000001655,11.928484250405063,12.19505249864892,5625.0,2023-09
2023-09-19 07:30:00+00:00,2023-09-19 13:15:00+00:00,HTF,buy,1932.7250000000001,1933.428333204498,1926.702778636681,1941.758332044979,0.02,stop_loss,WEAK,69,1.4066664089955339,12.044442726638408,0.11678966316012639,50.36901087377919,locked,764.8490617404593,1.5,4.5499999999999545,0.18000000000006366,0.7033332044977669,6.022221363319204,345.0,2023-09
2023-09-19 14:10:00+00:00,2023-09-19 15:15:00+00:00,HTF,buy,1932.2150000000001,1932.5728856561923,1928.4957622920524,1937.7938565619218,0.02,stop_loss,WEAK,13,0.7157713123842768,7.438475415895482,0.09622553982698195,52.340474568395514,locked,765.5648330528436,1.5,2.9199999999998454,1.2770000000000437,0.3578856561921384,3.719237707947741,65.0,2023-09
2023-09-20 06:10:00+00:00,2023-09-20 13:40:00+00:00,HTF,buy,1931.635,1938.4890361830326,1927.065642544645,1938.4890361830326,0.02,take_profit,WEAK,90,13.708072366065153,9.13871491070995,1.5000000000000249,136.4159708281988,locked,779.2729054189087,1.5,9.349999999999909,3.7799999999999727,6.8540361830325764,4.569357455354975,450.0,2023-09
2023-09-20 14:15:00+00:00,2023-09-21 00:25:00+00:00,HTF,buy,1943.055,1927.3716861399855,1927.5716861399856,1966.2799707900217,0.02,stop_loss,WEAK,110,-31.3666277200291,30.96662772002901,-1.0129171314234315,18.342326621268576,raw,747.9062776988796,1.5,4.259999999999991,16.40000000000009,-15.68331386001455,15.483313860014505,610.0,2023-09
2023-09-21 11:55:00+00:00,2023-09-26 12:35:00+00:00,HTF,sell,1920.475,1905.951981876857,1930.1570120820952,1905.951981876857,0.02,take_profit,WEAK,836,29.046036246285894,19.364024164190596,1.5,105.28114659331591,locked,776.9523139451655,1.5,15.289999999999964,8.540000000000191,14.523018123142947,9.682012082095298,7240.0,2023-09
2023-09-26 13:05:00+00:00,2023-09-27 05:40:00+00:00,HTF,sell,1906.818,1898.409026939819,1920.1881346990936,1893.4478653009064,0.02,stop_loss,RANGING,187,16.817946120362194,26.740269398187138,0.6289370488355054,84.38957612569779,trail,793.7702600655277,1.0,11.282999999999902,2.5670000000000073,8.408973060181097,13.370134699093569,995.0,2023-09
2023-09-27 07:00:00+00:00,2023-09-27 11:40:00+00:00,HTF,sell,1898.685,1893.8735082888102,1902.8133609627005,1892.4924585559493,0.02,stop_loss,WEAK,56,9.622983422379548,8.256721925401052,1.165472630581795,101.25083629474491,trail,803.3932434879073,1.5,6.269999999999982,0.2599999999999909,4.811491711189774,4.128360962700526,280.0,2023-09
2023-09-27 12:25:00+00:00,2023-09-27 18:35:00+00:00,HTF,sell,1890.854,1876.803285635965,1902.814952119883,1872.9125718201758,0.02,stop_loss,WEAK,74,28.101428728070005,23.92190423976581,1.1747153757666373,102.60610145128615,trail,831.4946722159773,1.5,18.409000000000106,1.890999999999849,14.050714364035002,11.960952119882904,370.0,2023-09
2023-09-28 06:45:00+00:00,2023-09-29 07:30:00+00:00,HTF,sell,1874.165,1872.2564761097512,1882.5990955609948,1853.0797610975128,0.02,stop_loss,STRONG,285,3.8170477804974325,16.86819112198964,0.22628672825039722,78.72806220868483,locked,835.3117199964747,2.5,16.59999999999991,5.319999999999936,1.9085238902487163,8.43409556099482,1485.0,2023-09
2023-10-02 06:00:00+00:00,2023-10-02 12:20:00+00:00,HTF,sell,1841.125,1839.4477423479057,1848.6340306083773,1822.3524234790566,0.02,stop_loss,STRONG,76,3.3545153041886806,15.018061216754633,0.22336540354798096,53.86048094527614,locked,838.6662353006634,2.5,10.111000000000104,5.0499999999999545,1.6772576520943403,7.509030608377316,380.0,2023-10
2023-10-03 06:20:00+00:00,2023-10-03 08:05:00+00:00,HTF,sell,1821.455,1827.0052075433268,1826.8052075433268,1808.0794811416827,0.02,stop_loss,STRONG,21,-11.100415086653811,10.70041508665372,-1.0373817274153223,6.130603296110924,raw,827.5658202140096,2.5,0.8199999999999363,5.8530000000000655,-5.550207543326906,5.35020754332686,105.0,2023-10
2023-10-03 11:10:00+00:00,2023-10-03 14:35:00+00:00,HTF,sell,1824.125,1832.3504877606513,1832.1504877606512,1804.061280598372,0.02,stop_loss,STRONG,41,-16.450975521302553,16.050975521302462,-1.0249206037022,24.8209212873856,raw,811.114844692707,2.5,4.980000000000018,9.079999999999927,-8.225487760651276,8.025487760651231,205.0,2023-10
2023-10-04 14:00:00+00:00,2023-10-06 15:25:00+00:00,HTF,sell,1818.665,1834.6922376818811,1834.492237681881,1779.096905795297,0.02,stop_loss,STRONG,569,-32.05447536376232,31.65447536376223,-1.0126364438330893,21.17109799795285,raw,779.0603693289447,2.5,8.376999999999953,16.0,-16.02723768188116,15.827237681881115,2965.0,2023-10
2023-10-09 06:10:00+00:00,2023-10-16 02:00:00+00:00,HTF,buy,1853.098,1919.932325907131,1827.6126518142617,1916.8113704643456,0.02,stop_loss,STRONG,1330,133.66865181426192,50.970696371476606,2.622460773148538,125.21233678046227,trail,912.7290211432066,2.5,79.77700000000004,8.962999999999965,66.83432590713096,25.485348185738303,9830.0,2023-10
2023-10-16 14:15:00+00:00,2023-10-18 02:55:00+00:00,HTF,buy,1919.258,1937.0082392243112,1908.3844784486225,1946.4418038784438,0.02,stop_loss,STRONG,416,35.50047844862229,21.747043102755015,1.6324278331027415,86.03284553029528,trail,948.2294995918289,2.5,23.386999999999944,6.942999999999984,17.750239224311144,10.873521551377507,2200.0,2023-10
2023-10-18 06:00:00+00:00,2023-10-18 13:55:00+00:00,HTF,buy,1936.545,1955.8813451347098,1923.6176902694194,1968.8632743264516,0.02,stop_loss,STRONG,95,38.67269026941949,25.854619461161292,1.495774877967686,80.44984004210835,trail,986.9021898612484,2.5,26.0,1.586999999999989,19.336345134709745,12.927309730580646,475.0,2023-10
2023-10-18 15:55:00+00:00,2023-10-20 16:50:00+00:00,HTF,buy,1945.325,1984.7447206429003,1922.2444412858013,2003.0263967854971,0.02,stop_loss,STRONG,563,78.8394412858006,46.161117428397574,1.7079188216812935,89.78985412190593,trail,1065.741631147049,2.5,51.809999999999945,0.75,39.4197206429003,23.080558714198787,2935.0,2023-10
2023-10-23 11:55:00+00:00,2023-10-24 09:15:00+00:00,HTF,buy,1979.4750000000001,1969.4424300385988,1969.6424300385988,2004.0564249035033,0.02,stop_loss,STRONG,244,-20.0651399228027,19.66513992280261,-1.0203405621099229,9.722788688540463,raw,1045.6764912242463,2.5,2.3899999999998727,13.42100000000005,-10.03256996140135,9.832569961401305,1280.0,2023-10
2023-10-25 08:10:00+00:00,2023-10-25 15:00:00+00:00,HTF,buy,1971.585,1973.9010290434994,1961.5208838260025,1996.7452904349939,0.02,stop_loss,STRONG,82,4.632058086998768,20.12823234799498,0.23012741540914186,61.72424773920848,locked,1050.308549311245,2.5,15.529999999999973,8.730999999999995,2.316029043499384,10.06411617399749,410.0,2023-10
2023-10-25 15:45:00+00:00,2023-10-27 18:40:00+00:00,HTF,buy,1982.405,2002.495813322062,1963.1310444068733,2011.31593338969,0.02,stop_loss,WEAK,587,40.18162664412421,38.54791118625326,1.042381426323654,90.18387489799309,trail,1090.4901759553693,1.5,26.073000000000093,10.75,20.090813322062104,19.27395559312663,3055.0,2023-10
2023-10-30 07:40:00+00:00,2023-11-01 03:10:00+00:00,HTF,buy,1995.578,1977.4730763530274,1977.6730763530275,2022.4353854704586,0.02,stop_loss,WEAK,498,-36.20984729394513,35.80984729394504,-1.011170111861039,45.26129326091975,raw,1054.2803286614242,1.5,12.155999999999949,18.042999999999893,-18.104923646972566,17.90492364697252,2610.0,2023-10
2023-11-01 07:55:00+00:00,2023-11-01 14:00:00+00:00,HTF,sell,1976.805,1988.9105858815583,1988.7105858815582,1964.8994141184419,0.02,stop_loss,RANGING,73,-24.211171763116454,23.811171763116363,-1.0167988372844252,0.0,raw,1030.0691568983077,1.0,0.0,14.948999999999842,-12.105585881558227,11.905585881558181,365.0,2023-11
2023-11-02 06:40:00+00:00,2023-11-03 12:30:00+00:00,HTF,buy,1985.565,1996.8181570313977,1974.3118429686024,1996.8181570313977,0.02,take_profit,RANGING,346,22.506314062795354,22.506314062795354,1.0,147.78075124696258,raw,1052.575470961103,1.0,16.62999999999988,6.789999999999964,11.253157031397677,11.253157031397677,1790.0,2023-11
2023-11-03 13:10:00+00:00,2023-11-06 20:40:00+00:00,HTF,buy,2001.195,1978.316080662156,1978.5160806621561,2023.8739193378437,0.02,stop_loss,RANGING,354,-45.75783867568771,45.35783867568762,-1.0088187623502107,2.1605967758012037,raw,1006.8176322854154,1.0,0.4900000000000091,23.12999999999988,-22.878919337843854,22.67891933784381,4770.0,2023-11
2023-11-07 06:25:00+00:00,2023-11-07 09:15:00+00:00,HTF,sell,1971.625,1966.1113183263053,1980.7065916315266,1962.5434083684734,0.02,stop_loss,RANGING,34,11.027363347389382,18.16318326305327,0.6071272412815847,83.32239883734982,trail,1017.8449956328047,1.0,7.567000000000007,0.5,5.513681673694691,9.081591631526635,170.0,2023-11
2023-11-07 10:15:00+00:00,2023-11-07 13:45:00+00:00,HTF,sell,1965.915,1964.604912139244,1981.0158786075601,1950.8141213924398,0.02,stop_loss,RANGING,42,2.620175721511714,30.201757215120324,0.08675573751715146,61.69839677630088,locked,1020.4651713543165,1.0,9.317000000000007,2.019999999999982,1.310087860755857,15.100878607560162,210.0,2023-11
2023-11-07 14:40:00+00:00,2023-11-08 23:00:00+00:00,HTF,sell,1962.905,1951.3917877233991,1981.7389386169962,1944.0710613830038,0.02,stop_loss,RANGING,364,23.02642455320165,37.667877233992385,0.6113013592499993,82.72300508583035,trail,1043.491595907518,1.0,15.579999999999927,8.049999999999955,11.513212276600825,18.833938616996193,1940.0,2023-11
2023-11-09 06:55:00+00:00,2023-11-13 16:35:00+00:00,HTF,sell,1949.0049999999999,1945.8709636616688,1971.2319089222076,1915.6646366166883,0.02,stop_loss,WEAK,668,6.268072676662087,44.453817844415425,0.14100189771325847,52.458936331672845,locked,1049.7596685841802,1.5,17.48999999999978,16.493000000000166,3.1340363383310432,22.226908922207713,6340.0,2023-11
2023-11-15 06:15:00+00:00,2023-11-15 13:30:00+00:00,HTF,buy,1967.865,1968.808070942979,1960.2445270468065,1979.2957094297903,0.02,stop_loss,WEAK,87,1.8861418859578407,15.240945906386969,0.12375490980303407,63.7143306348002,locked,1051.645810470138,1.5,7.282999999999902,0.6700000000000728,0.9430709429789204,7.6204729531934845,435.0,2023-11
2023-11-16 07:40:00+00:00,2023-11-16 14:15:00+00:00,HTF,sell,1966.645,1974.4852137424898,1974.2852137424898,1955.1846793862653,0.02,stop_loss,WEAK,79,-15.680427484979646,15.280427484979556,-1.0261772781156342,40.40026589178527,raw,1035.9653829851584,1.5,4.629999999999882,8.1400000000001,-7.840213742489823,7.640213742489777,395.0,2023-11
2023-11-16 14:45:00+00:00,2023-11-27 01:45:00+00:00,HTF,buy,1980.7640000000001,2011.0938658540397,1958.1268861801327,2014.7196707298012,0.02,stop_loss,WEAK,1683,60.659731708079114,45.27422763973482,1.3398291891531076,109.91094918129602,trail,1096.6251146932375,1.5,37.32099999999991,15.409000000000106,30.329865854039554,22.63711381986741,15060.0,2023-11
2023-11-27 07:10:00+00:00,2023-11-29 02:20:00+00:00,HTF,buy,2010.9550000000002,2045.9172872299212,1991.7959574330719,2039.6935638503926,0.02,stop_loss,WEAK,494,69.924574459842,38.318085133856584,1.8248452190545132,142.352276936904,trail,1166.5496891530795,1.5,40.90999999999963,5.347000000000207,34.962287229921,19.159042566928292,2590.0,2023-11
2023-11-29 07:15:00+00:00,2023-12-01 19:15:00+00:00,HTF,buy,2043.505,2069.816828631313,2026.0110954377099,2069.7458568434354,0.02,stop_loss,WEAK,696,52.62365726262579,34.98780912458051,1.504056943812904,121.03263315483248,trail,1219.1733464157053,1.5,31.759999999999764,12.247000000000071,26.311828631312892,17.493904562290254,3600.0,2023-11
2023-12-04 16:00:00+00:00,2024-03-04 15:20:00+00:00,HTF,sell,2023.935,2101.636053129511,2101.436053129511,1830.1823671762222,0.02,stop_loss,STRONG,17318,-155.40210625902182,155.00210625902218,-1.0025806100939765,26.322222958583286,raw,1063.7712401566835,2.5,51.0,78.90000000000009,-77.70105312951091,77.50105312951109,131000.0,2023-12
2024-03-05 06:00:00+00:00,2024-03-06 15:00:00+00:00,HTF,buy,2118.055,2142.284423943043,2104.793847886086,2151.2078802847846,0.02,stop_loss,STRONG,384,48.458847886086005,26.522304227827593,1.8270979576217312,93.68718413963784,trail,1112.2300880427695,2.5,31.059999999999945,4.209999999999582,24.229423943043003,13.261152113913795,1980.0,2024-03
2024-03-06 15:55:00+00:00,2024-03-08 13:50:00+00:00,HTF,buy,2141.075,2174.17176480296,2119.2085296059195,2195.7411759852007,0.02,stop_loss,STRONG,527,66.19352960592005,43.732940788160704,1.5135851468703387,80.90926281723799,trail,1178.4236176486895,2.5,44.23000000000002,1.7299999999995634,33.096764802960024,21.866470394080352,2755.0,2024-03
2024-03-08 15:55:00+00:00,2024-03-12 13:35:00+00:00,HTF,buy,2177.3149999999996,2156.844545430806,2157.044545430806,2227.991136422984,0.02,stop_loss,STRONG,536,-40.940909138386814,40.54090913838718,-1.0098665769589485,35.06581451213562,raw,1137.4827085103027,2.5,17.770000000000437,21.1599999999994,-20.470454569193407,20.27045456919359,5620.0,2024-03
2024-03-13 15:55:00+00:00,2024-03-14 15:40:00+00:00,HTF,buy,2171.835,2155.0886998045858,2155.2886998045856,2213.200750488536,0.02,stop_loss,STRONG,273,-33.49260039082856,33.09260039082892,-1.012087294297685,19.12209957895488,raw,1103.9901081194741,2.5,7.9099999999998545,19.170000000000073,-16.74630019541428,16.54630019541446,1425.0,2024-03
2024-03-14 16:20:00+00:00,2024-03-20 18:45:00+00:00,HTF,sell,2158.7050000000004,2176.667963819031,2176.467963819031,2132.0605542714547,0.02,stop_loss,WEAK,1133,-35.925927638060784,35.52592763806115,-1.0112593822763714,47.73978085185924,raw,1068.0641804814134,1.5,12.720000000000255,20.859999999999673,-17.962963819030392,17.762963819030574,8785.0,2024-03
2024-03-21 06:00:00+00:00,2024-03-21 14:25:00+00:00,HTF,buy,2206.395,2176.949393500403,2177.1493935004028,2250.2634097493956,0.02,stop_loss,WEAK,101,-58.89121299919407,58.49121299919443,-1.0068386340355968,12.058791349446734,raw,1009.1729674822193,1.5,5.289999999999964,29.960000000000036,-29.445606499597034,29.245606499597216,505.0,2024-03
2024-03-26 12:10:00+00:00,2024-03-28 20:45:00+00:00,HTF,buy,2196.4379999999996,2233.897392965792,2158.9786070342075,2233.897392965792,0.02,take_profit,RANGING,655,74.91878593158435,74.91878593158435,1.0,105.65307354591103,locked,1084.0917534138036,1.0,39.577000000000226,24.842999999999392,37.459392965792176,37.459392965792176,3395.0,2024-03
2024-04-01 06:15:00+00:00,2024-04-12 15:30:00+00:00,HTF,buy,2261.6949999999997,2392.7601678392944,2189.705335678588,2441.6691608035285,0.02,stop_loss,STRONG,2595,262.1303356785893,143.97932864282302,1.8206109040060159,94.28575704555993,trail,1346.222089092393,2.5,169.6900000000005,33.29999999999973,131.06516783929465,71.98966432141151,16395.0,2024-04
2024-04-16 11:00:00+00:00,2024-04-16 16:55:00+00:00,HTF,sell,2372.445,2398.0062431430983,2397.8062431430985,2334.4031352853526,0.02,stop_loss,WEAK,71,-51.12248628619637,50.722486286196734,-1.0078860487583885,23.68443310438205,raw,1295.0996028061966,1.5,9.010000000000218,25.682999999999993,-25.56124314309818,25.361243143098363,355.0,2024-04
2024-04-17 11:30:00+00:00,2024-04-17 16:40:00+00:00,HTF,buy,2388.9049999999997,2366.965273701677,2367.1652737016766,2410.644726298323,0.02,stop_loss,RANGING,62,-43.87945259664593,43.4794525966463,-1.009199747837453,30.096975050255352,raw,1251.2201502095506,1.0,6.54300000000012,24.29699999999957,-21.939726298322967,21.73972629832315,310.0,2024-04
2024-04-18 13:20:00+00:00,2024-04-19 01:35:00+00:00,HTF,buy,2389.428,2404.6094933848563,2365.4004669242813,2413.4555330757184,0.02,stop_loss,RANGING,135,30.362986769712734,48.05506615143713,0.6318373732756728,84.0161157468147,trail,1281.5831369792634,1.0,20.186999999999898,19.960000000000036,15.181493384856367,24.027533075718566,735.0,2024-04
2024-04-19 06:40:00+00:00,2024-04-21 22:00:00+00:00,HTF,buy,2382.365,2385.1392847775287,2352.622152224714,2412.107847775286,0.02,stop_loss,RANGING,172,5.548569555057838,59.48569555057202,0.09327569432790273,65.49473724633334,locked,1287.1317065343212,1.0,19.480000000000473,9.559999999999945,2.774284777528919,29.74284777528601,3800.0,2024-04
2024-04-22 06:20:00+00:00,2024-04-22 11:20:00+00:00,HTF,sell,2364.195,2347.303069996067,2392.5203499803356,2335.8696500196647,0.02,stop_loss,RANGING,60,33.78386000786668,56.65069996067087,0.5963537967107335,80.34146097329375,trail,1320.915566542188,1.0,22.757000000000062,1.7899999999999636,16.89193000393334,28.32534998033543,300.0,2024-04
2024-04-22 11:50:00+00:00,2024-04-23 02:05:00+00:00,HTF,sell,2342.085,2305.648592297944,2392.287961489723,2291.882038510277,0.02,stop_loss,RANGING,159,72.87281540411186,100.40592297944568,0.7257820379683161,92.97658666920574,trail,1393.7883819462998,1.0,46.677000000000135,8.143000000000029,36.43640770205593,50.20296148972284,855.0,2024-04
2024-04-23 06:10:00+00:00,2024-04-26 08:00:00+00:00,HTF,sell,2304.5150000000003,2349.687501517578,2349.487501517578,2259.5424984824226,0.02,stop_loss,RANGING,850,-90.34500303515506,89.94500303515542,-1.0044471620045785,29.46244828036001,raw,1303.4433789111447,1.0,13.250000000000455,45.51999999999953,-45.17250151757753,44.97250151757771,4430.0,2024-04
2024-04-29 06:00:00+00:00,2024-04-30 09:20:00+00:00,HTF,sell,2329.6850000000004,2315.459611836681,2349.9430591834052,2309.4269408165956,0.02,stop_loss,RANGING,316,28.450776326639243,40.51611836680968,0.7022088362232098,94.48091659086269,trail,1331.894155237784,1.0,19.140000000000327,16.899999999999636,14.225388163319622,20.25805918340484,1640.0,2024-04
2024-04-30 10:25:00+00:00,2024-04-30 22:40:00+00:00,HTF,sell,2317.2250000000004,2291.8818457215707,2347.659228607854,2286.790771392147,0.02,stop_loss,RANGING,135,50.68630855685933,60.868457215707174,0.8327187984613428,105.96621460508551,trail,1382.5804637946433,1.0,32.250000000000455,0.6099999999996726,25.343154278429665,30.434228607853584,735.0,2024-04
2024-05-01 07:10:00+00:00,2024-05-01 12:10:00+00:00,HTF,sell,2286.155,2297.7679597720694,2297.5679597720696,2269.035560341896,0.02,stop_loss,WEAK,60,-23.225919544138378,22.825919544138742,-1.017523938048855,16.29726238545243,raw,1359.354544250505,1.5,2.7900000000004184,11.802999999999884,-11.612959772069189,11.412959772069371,300.0,2024-05
2024-05-02 11:55:00+00:00,2024-05-02 14:15:00+00:00,HTF,sell,2298.6780000000003,2297.038078757025,2317.077212429754,2280.2787875702465,0.02,stop_loss,RANGING,28,3.279842485951122,36.79842485950758,0.08912996951563028,72.39440302596913,locked,1362.634386736456,1.0,13.320000000000164,5.67699999999968,1.6399212429755607,18.39921242975379,140.0,2024-05
2024-05-02 15:55:00+00:00,2024-05-03 13:40:00+00:00,HTF,sell,2299.5730000000003,2283.685,2324.3412954031187,2274.804704596882,0.02,stop_gap,RANGING,249,31.77600000000075,49.536590806236745,0.6414652175861907,90.47049720336891,trail,1394.4103867364568,1.0,22.408000000000357,20.974999999999454,15.888000000000375,24.768295403118373,1305.0,2024-05
2024-05-03 14:15:00+00:00,2024-05-06 12:45:00+00:00,HTF,sell,2285.9550000000004,2329.464527527485,2329.2645275274854,2220.990708708773,0.02,stop_loss,WEAK,258,-87.01905505496961,86.61905505496998,-1.0046179215386937,4.527102415103864,raw,1307.3913316814871,1.5,2.9410000000002583,44.23999999999978,-43.509527527484806,43.30952752748499,4230.0,2024-05
2024-05-06 13:15:00+00:00,2024-05-10 02:30:00+00:00,HTF,buy,2324.4179999999997,2347.3833422440243,2298.9824741467464,2362.5712887798795,0.02,stop_loss,WEAK,975,45.93068448804934,50.87105170650648,0.9028845079327255,81.9221645094018,trail,1353.3220161695365,1.5,31.256000000000313,20.86299999999983,22.96534224402467,25.43552585325324,5115.0,2024-05
2024-05-10 06:00:00+00:00,2024-05-10 12:50:00+00:00,HTF,buy,2357.7149999999997,2361.635570933933,2330.24452710711,2398.9207093393343,0.02,stop_loss,WEAK,82,7.841141867867009,54.94094578577915,0.14271945551211462,50.1144145582947,locked,1361.1631580374035,1.5,20.65000000000009,1.0769999999997708,3.9205709339335044,27.470472892889575,410.0,2024-05
2024-05-10 13:50:00+00:00,2024-05-13 06:10:00+00:00,HTF,buy,2366.4449999999997,2350.597651511532,2350.797651511532,2389.916022732701,0.02,stop_loss,WEAK,184,-31.69469697693512,31.294696976935484,-1.0127817182666585,27.391222245476477,raw,1329.4684610604684,1.5,6.429000000000542,16.729999999999563,-15.84734848846756,15.647348488467742,3860.0,2024-05
2024-05-13 11:00:00+00:00,2024-05-13 13:40:00+00:00,HTF,buy,2341.7549999999997,2343.1073584287547,2331.405943808301,2357.278584287548,0.02,stop_loss,WEAK,32,2.704716857509993,20.69811238339753,0.13067456623143633,51.038470582824516,locked,1332.1731779179784,1.5,7.923000000000229,3.4299999999993815,1.3523584287549966,10.349056191698764,160.0,2024-05
2024-05-13 14:10:00+00:00,2024-05-14 18:05:00+00:00,HTF,sell,2342.735,2357.633402497508,2357.4334024975083,2320.687396253738,0.02,stop_loss,WEAK,323,-29.79680499501592,29.396804995016286,-1.0136069208904657,48.7581331908801,raw,1302.3763729229624,1.5,10.75,15.333000000000084,-14.89840249750796,14.698402497508141,1675.0,2024-05
2024-05-15 14:55:00+00:00,2024-05-17 15:10:00+00:00,HTF,buy,2373.855,2408.1703067622234,2342.0626892074106,2421.543466188884,0.02,stop_loss,WEAK,555,68.63061352444674,63.584621585178866,1.079358684749082,94.64133281460039,trail,1371.0069864474092,1.5,45.13299999999981,3.0099999999997635,34.31530676222337,31.792310792589433,2895.0,2024-05
2024-05-17 16:10:00+00:00,2024-05-20 12:20:00+00:00,HTF,buy,2413.1549999999997,2418.9150570140087,2373.421286573276,2472.755570140085,0.02,stop_loss,WEAK,230,11.520114028017815,79.46742685344725,0.1449664911041231,61.79471087849494,locked,1382.527100475427,1.5,36.83000000000038,7.529999999999745,5.760057014008908,39.733713426723625,4090.0,2024-05
2024-05-21 10:55:00+00:00,2024-05-22 14:05:00+00:00,HTF,buy,2419.865,2403.444581675823,2403.644581675823,2460.4160458104425,0.02,stop_loss,STRONG,314,-32.840836648353616,32.44083664835398,-1.012330138224716,34.45780428282342,raw,1349.6862638270734,2.5,13.973000000000411,20.269999999999527,-16.420418324176808,16.22041832417699,1630.0,2024-05
2024-05-23 06:00:00+00:00,2024-05-27 13:45:00+00:00,HTF,sell,2359.715,2354.5226428679616,2395.664047546924,2305.7914286796145,0.02,stop_loss,WEAK,645,10.384714264077047,71.89809509384759,0.14443657026687595,63.886718102026975,locked,1360.0709780911504,1.5,34.45000000000027,9.989999999999782,5.192357132038524,35.949047546923794,6225.0,2024-05
2024-05-27 16:05:00+00:00,2024-05-28 06:20:00+00:00,HTF,buy,2353.578,2342.468254094194,2342.668254094194,2369.9426188587095,0.02,stop_loss,WEAK,129,-22.219491811611988,21.81949181161235,-1.0183322326410351,16.19347216626266,raw,1337.8514862795384,1.5,2.650000000000091,11.659999999999854,-11.109745905805994,10.909745905806176,855.0,2024-05
2024-05-28 09:05:00+00:00,2024-05-28 12:25:00+00:00,HTF,sell,2343.3950000000004,2355.6600740877343,2355.4600740877345,2325.297388868399,0.02,stop_loss,WEAK,40,-24.53014817546773,24.130148175468094,-1.0165767734657467,6.8517330325160986,raw,1313.3213381040707,1.5,1.2400000000002365,12.849999999999454,-12.265074087733865,12.065074087734047,200.0,2024-05
2024-05-29 11:55:00+00:00,2024-05-30 06:20:00+00:00,HTF,sell,2341.385,2327.7238597384567,2356.614532461523,2318.5407013077156,0.02,stop_loss,WEAK,209,27.3222805230871,30.459064923045844,0.8970163920696923,82.85218231012057,trail,1340.6436186271578,1.5,18.927000000000135,5.679999999999836,13.66114026154355,15.229532461522922,1105.0,2024-05
2024-05-31 07:55:00+00:00,2024-05-31 12:50:00+00:00,HTF,sell,2340.0950000000003,2354.0125994992754,2353.8125994992756,2319.5186007510874,0.02,stop_loss,WEAK,59,-27.83519899855037,27.43519899855073,-1.0145798104114634,2.3327696658385664,raw,1312.8084196286075,1.5,0.48000000000047294,15.442999999999756,-13.917599499275184,13.717599499275366,295.0,2024-05
2024-05-31 17:25:00+00:00,2024-06-05 15:40:00+00:00,HTF,sell,2324.945,2357.403091418554,2357.2030914185543,2292.686908581446,0.02,stop_loss,RANGING,807,-64.91618283710795,64.51618283710832,-1.0061999948293525,31.960973345341365,raw,1247.8922367914995,1.0,10.309999999999945,32.33299999999963,-32.45809141855398,32.25809141855416,7095.0,2024-05
2024-06-05 16:20:00+00:00,2024-06-06 12:10:00+00:00,HTF,buy,2353.268,2356.6001332720366,2317.946667279635,2388.589332720365,0.02,stop_loss,RANGING,226,6.664266544073144,70.64266544072962,0.09433769949782793,60.974482957667306,locked,1254.5565033355726,1.0,21.536999999999807,2.0300000000002,3.3321332720365717,35.32133272036481,1190.0,2024-06
2024-06-07 07:10:00+00:00,2024-06-07 08:05:00+00:00,HTF,buy,2379.205,2357.387884185017,2357.5878841850167,2411.630673722475,0.02,stop_loss,WEAK,11,-43.63423162996605,43.234231629966416,-1.0092519280421857,0.0925192804225571,raw,1210.9222717056066,1.5,0.03000000000020009,26.359999999999673,-21.817115814983026,21.617115814983208,55.0,2024-06
2024-06-07 15:50:00+00:00,2024-06-20 14:20:00+00:00,HTF,sell,2305.405,2356.349141462321,2356.149141462321,2229.288787806519,0.02,stop_loss,WEAK,2436,-101.88828292464132,101.4882829246417,-1.003941341684701,24.668857604567116,raw,1109.0339887809653,1.5,18.777000000000044,53.56999999999971,-50.94414146232066,50.74414146232084,18630.0,2024-06
2024-06-20 14:50:00+00:00,2024-06-21 17:10:00+00:00,HTF,buy,2362.415,2319.727947446057,2319.927947446057,2404.902052553943,0.02,stop_loss,RANGING,304,-85.37410510788595,84.97410510788632,-1.0047073164170635,14.458522375023886,raw,1023.6598836730793,1.0,6.143000000000029,42.51999999999998,-42.687052553942976,42.48705255394316,1580.0,2024-06
2024-06-24 08:00:00+00:00,2024-06-26 01:35:00+00:00,HTF,buy,2331.988,2313.9461836736014,2314.146183673601,2358.750724489598,0.02,stop_loss,WEAK,475,-36.08363265279695,35.683632652797314,-1.011209621057689,18.79479797340976,raw,987.5762510202824,1.5,5.0300000000002,19.960000000000036,-18.041816326398475,17.841816326398657,2495.0,2024-06
2024-06-26 10:55:00+00:00,2024-06-27 08:40:00+00:00,HTF,sell,2307.9750000000004,2306.092746695399,2328.7975330460117,2287.152466953989,0.02,stop_loss,RANGING,249,3.7645066092027264,41.64506609202272,0.09039502064624728,69.68892770123404,locked,991.3407576294851,1.0,14.511000000000422,9.752999999999702,1.8822533046013632,20.82253304601136,1305.0,2024-06
2024-06-28 08:10:00+00:00,2024-06-28 13:30:00+00:00,HTF,buy,2328.535,2329.8799159552823,2313.0858404471755,2343.984159552824,0.02,stop_loss,RANGING,64,2.6898319105648625,30.898319105648625,0.08705431196330435,71.84856860366321,locked,994.03058954005,1.0,11.100000000000364,1.6169999999997344,1.3449159552824312,15.449159552824312,320.0,2024-06
2024-06-28 14:30:00+00:00,2024-07-01 12:45:00+00:00,HTF,buy,2327.7549999999997,2329.1085602625712,2312.219397374286,2343.2906026257133,0.02,stop_loss,RANGING,255,2.707120525143182,31.071205251427276,0.08712634425466417,68.44279077015742,locked,996.7377100651931,1.0,10.633000000000266,9.359999999999673,1.353560262571591,15.535602625713636,4215.0,2024-06
2024-07-01 14:30:00+00:00,2024-07-02 03:05:00+00:00,HTF,buy,2321.245,2330.8489433787386,2307.69971689369,2334.7902831063097,0.02,stop_loss,RANGING,139,19.207886757477354,27.090566212619706,0.7090249279666095,95.70121125014794,trail,1015.9455968226705,1.0,12.963000000000193,2.119999999999891,9.603943378738677,13.545283106309853,755.0,2024-07
2024-07-03 08:15:00+00:00,2024-07-05 12:30:00+00:00,HTF,buy,2346.058,2348.87241206057,2315.913879394302,2376.202120605698,0.02,stop_loss,RANGING,573,5.628824121139587,60.28824121139588,0.09336520701279985,99.41242072371368,locked,1021.5744209438101,1.0,29.9670000000001,4.04300000000012,2.8144120605697935,30.144120605697935,3135.0,2024-07
2024-07-05 16:00:00+00:00,2024-07-08 15:30:00+00:00,HTF,buy,2386.6879999999996,2365.878460155404,2366.0784601554037,2417.6023097668935,0.02,stop_loss,WEAK,270,-41.619079689191494,41.21907968919186,-1.0097042438360049,19.81930066108675,raw,979.9553412546186,1.5,6.1270000000004075,21.01399999999967,-20.809539844595747,20.60953984459593,4290.0,2024-07
2024-07-10 06:00:00+00:00,2024-07-10 12:55:00+00:00,HTF,buy,2368.8379999999997,2378.7894507655174,2360.5095025517244,2381.3307461724125,0.02,stop_loss,WEAK,83,19.90290153103524,16.656994896550714,1.194867480877759,102.93973656807589,trail,999.8582427856538,1.5,12.860000000000127,1.7829999999999018,9.95145076551762,8.328497448275357,415.0,2024-07
2024-07-10 13:40:00+00:00,2024-07-11 13:00:00+00:00,HTF,buy,2381.0049999999997,2404.7594449658595,2357.8622248292945,2404.147775170705,0.02,stop_loss,RANGING,268,47.50888993171975,46.28555034141027,1.0264302699500365,123.50722758687044,trail,1047.3671327173736,1.0,28.58300000000054,11.2199999999998,23.754444965859875,23.142775170705136,1400.0,2024-07
2024-07-12 14:00:00+00:00,2024-07-17 00:00:00+00:00,HTF,buy,2406.895,2460.6665205448344,2385.3863917820663,2460.6665205448344,0.02,tp_gap,STRONG,384,107.5430410896688,43.01721643586734,2.5000000000000107,114.13104814253843,locked,1154.9101738070424,2.5,61.36999999999989,5.670000000000073,53.7715205448344,21.50860821793367,6360.0,2024-07
2024-07-17 06:05:00+00:00,2024-07-19 07:40:00+00:00,HTF,buy,2464.578,2413.4574876058496,2413.6574876058494,2591.8792809853767,0.02,stop_loss,STRONG,571,-102.24102478830082,101.8410247883012,-1.0039276902489063,14.901656804363903,raw,1052.6691490187416,2.5,18.9699999999998,51.82999999999993,-51.12051239415041,50.92051239415059,2975.0,2024-07
2024-07-19 08:15:00+00:00,2024-07-30 17:00:00+00:00,HTF,sell,2417.565,2407.729787216702,2457.7058511331925,2317.2128721670188,0.02,stop_loss,STRONG,2037,19.67042556659635,80.28170226638485,0.24501754461218805,64.33346396744956,locked,1072.339574585338,2.5,64.55999999999995,14.38000000000011,9.835212783298175,40.14085113319243,16365.0,2024-07
2024-07-31 07:00:00+00:00,2024-08-01 01:55:00+00:00,HTF,buy,2421.4049999999997,2451.195528492786,2391.8576424639277,2450.9523575360718,0.02,stop_loss,RANGING,215,59.581056985572104,59.094715072144034,1.0082298715347782,124.85042005859329,trail,1131.92063157091,1.0,36.89000000000033,6.089999999999691,29.790528492786052,29.547357536072013,1135.0,2024-07
2024-08-01 06:00:00+00:00,2024-08-02 12:40:00+00:00,HTF,buy,2447.6279999999997,2470.797724929986,2425.9737497666183,2480.109375350072,0.02,stop_loss,WEAK,356,46.339449859972774,43.30850046676278,1.069985092084546,91.94807694599102,trail,1178.2600814308828,1.5,29.86600000000044,17.55299999999943,23.169724929986387,21.65425023338139,1840.0,2024-08
2024-08-05 12:15:00+00:00,2024-08-12 17:45:00+00:00,HTF,sell,2383.9550000000004,2468.581381965307,2468.3813819653074,2257.31542705204,0.02,stop_loss,WEAK,1446,-169.25276393061358,168.85276393061395,-1.0023689277610168,15.62781643944173,raw,1009.0073175002692,1.5,19.791000000000167,84.52999999999975,-84.62638196530679,84.42638196530697,10410.0,2024-08
2024-08-13 06:05:00+00:00,2024-08-13 14:30:00+00:00,HTF,buy,2462.365,2464.3598170013956,2447.7328866573616,2484.313170013957,0.02,stop_loss,WEAK,101,3.9896340027917176,29.264226685276302,0.13633143447453613,59.868317001574034,locked,1012.9969515030609,1.5,13.140000000000327,3.5899999999996908,1.9948170013958588,14.63211334263815,505.0,2024-08
2024-08-15 11:55:00+00:00,2024-08-15 12:55:00+00:00,HTF,buy,2463.618,2443.6666166705377,2443.8666166705375,2483.3693833294624,0.02,stop_loss,RANGING,12,-39.90276665892452,39.502766658924884,-1.0101258730420914,32.03319936868656,raw,973.0941848441364,1.0,6.3270000000002256,22.710000000000036,-19.95138332946226,19.751383329462442,60.0,2024-08
2024-08-16 15:10:00+00:00,2024-08-19 10:20:00+00:00,HTF,buy,2489.915,2492.9852809435492,2457.2121905645104,2522.6178094354896,0.02,stop_loss,RANGING,218,6.140561887098556,65.4056188709792,0.09388431748060647,61.410626018588175,locked,979.234746731235,1.0,20.083000000000084,4.367000000000189,3.070280943549278,32.7028094354896,4030.0,2024-08
2024-08-20 06:05:00+00:00,2024-08-20 07:45:00+00:00,HTF,buy,2498.575,2510.4645708034163,2485.522854017081,2511.6271459829186,0.02,stop_loss,RANGING,20,23.779141606833036,26.104291965837547,0.9109284265573104,116.14948239040588,trail,1003.013888338068,1.0,15.16000000000031,1.3399999999996908,11.889570803416518,13.052145982918773,100.0,2024-08
2024-08-20 08:20:00+00:00,2024-08-22 13:30:00+00:00,HTF,buy,2518.3849999999998,2484.958761882075,2485.158761882075,2551.6112381179246,0.02,stop_loss,RANGING,614,-66.85247623584928,66.45247623584964,-1.0060193392730765,39.646378122155475,raw,936.1614121022187,1.0,13.17300000000023,34.636999999999716,-33.42623811792464,33.22623811792482,3190.0,2024-08
2024-08-22 14:00:00+00:00,2024-08-26 08:00:00+00:00,HTF,sell,2482.715,2523.464423704042,2523.264423704042,2442.165576295958,0.02,stop_loss,RANGING,480,-81.49884740808375,81.09884740808411,-1.0049322525878432,29.618176790026823,raw,854.662564694135,1.0,12.010000000000218,42.309999999999945,-40.749423704041874,40.549423704042056,5400.0,2024-08
2024-08-26 11:35:00+00:00,2024-08-26 14:00:00+00:00,HTF,buy,2522.365,2511.6755531604426,2511.8755531604425,2532.854446839557,0.02,stop_loss,RANGING,29,-21.3788936791143,20.978893679114663,-1.019066782363164,41.40351790165116,raw,833.2836710150207,1.0,4.343000000000302,11.817000000000007,-10.68944683955715,10.489446839557331,145.0,2024-08
2024-08-28 08:55:00+00:00,2024-08-28 12:40:00+00:00,HTF,sell,2507.855,2496.4908368574834,2521.7341842874184,2493.9758157125816,0.02,stop_loss,RANGING,45,22.72832628503329,27.758368574836823,0.8187918617680109,103.32019305341646,trail,856.011997300054,1.0,14.340000000000146,3.4200000000000728,11.364163142516645,13.879184287418411,225.0,2024-08
2024-08-29 08:10:00+00:00,2024-08-29 23:00:00+00:00,HTF,buy,2518.205,2520.012726504045,2498.12773495955,2538.28226504045,0.02,stop_loss,RANGING,166,3.615453008090299,40.15453008090026,0.09003848384743048,51.56578836381169,locked,859.6274503081443,1.0,10.353000000000065,14.690000000000055,1.8077265040451493,20.07726504045013,890.0,2024-08
2024-08-30 16:00:00+00:00,2024-09-03 12:10:00+00:00,HTF,sell,2502.505,2499.2277272816473,2537.277727183528,2467.7322728164722,0.02,stop_loss,RANGING,476,6.554545436705666,69.54545436705575,0.09424836599831905,51.56339882508101,locked,866.1819957448499,1.0,17.929999999999836,4.619999999999891,3.277272718352833,34.77272718352788,5530.0,2024-08
2024-09-03 14:10:00+00:00,2024-09-05 08:20:00+00:00,HTF,sell,2480.8050000000003,2510.260242197574,2510.060242197574,2436.92213670364,0.02,stop_loss,WEAK,482,-58.91048439514726,58.510484395147614,-1.0068363816183483,20.707399921996643,raw,807.2715113497027,1.5,9.087000000000444,31.83999999999969,-29.455242197573625,29.255242197573807,2530.0,2024-09
2024-09-05 08:55:00+00:00,2024-09-12 16:25:00+00:00,HTF,buy,2514.7549999999997,2544.764846481483,2483.521154938275,2561.6057675925867,0.02,stop_loss,WEAK,1470,60.019692962966474,62.467690123449756,0.960811786770961,85.97511219084798,trail,867.2912043126692,1.5,40.2800000000002,29.73999999999978,30.009846481483237,31.233845061724878,10530.0,2024-09
2024-09-12 17:55:00+00:00,2024-09-13 13:50:00+00:00,HTF,buy,2554.075,2578.134558596915,2529.4577929845736,2578.692207015426,0.02,stop_loss,RANGING,227,48.11911719383079,49.23441403085235,0.9773472100973383,118.54716086074734,trail,915.4103215064999,1.0,29.183000000000447,2.156999999999698,24.059558596915394,24.617207015426175,1195.0,2024-09
2024-09-13 15:00:00+00:00,2024-09-16 10:50:00+00:00,HTF,buy,2574.7479999999996,2576.741352637766,2560.1256490815585,2596.681526377661,0.02,stop_loss,WEAK,226,3.986705275532586,29.244701836882086,0.13632230883286814,67.32615515505928,locked,919.3970267820325,1.5,14.76700000000028,1.1929999999997563,1.993352637766293,14.622350918441043,4070.0,2024-09
2024-09-16 16:55:00+00:00,2024-09-17 10:40:00+00:00,HTF,buy,2583.7549999999997,2569.7324767147597,2569.9324767147596,2604.48878492786,0.02,stop_loss,WEAK,201,-28.045046570479826,27.64504657048019,-1.0144691382226414,14.854981908593848,raw,891.3519802115527,1.5,3.080000000000382,14.109999999999673,-14.022523285239913,13.822523285240095,1065.0,2024-09
2024-09-17 16:00:00+00:00,2024-09-18 18:10:00+00:00,HTF,sell,2562.9350000000004,2591.14798100858,2590.94798100858,2520.9155284871313,0.02,stop_loss,WEAK,302,-56.42596201715878,56.025962017159145,-1.0071395471955864,4.643085526201708,raw,834.9260181943939,1.5,1.9510000000004766,28.368999999999687,-28.21298100857939,28.012981008579573,1570.0,2024-09
2024-09-19 08:00:00+00:00,2024-09-25 05:50:00+00:00,HTF,buy,2582.348,2654.3321758360007,2550.7163516720016,2661.427120819996,0.02,stop_loss,STRONG,1078,143.96835167200152,63.26329665599678,2.2757010665259827,111.28095391994802,trail,978.8943698663954,2.5,88.0,12.722999999999956,71.98417583600076,31.63164832799839,8510.0,2024-09
2024-09-26 06:00:00+00:00,2024-09-26 12:05:00+00:00,HTF,buy,2660.984,2680.5479660739284,2651.709932147856,2684.16916963036,0.02,stop_loss,STRONG,73,39.12793214785688,18.548135704288143,2.109534498327554,105.33026235883915,trail,1018.0223020142523,2.5,24.421000000000276,3.1289999999999054,19.56396607392844,9.274067852144071,365.0,2024-09
2024-09-30 12:40:00+00:00,2024-10-01 13:50:00+00:00,HTF,sell,2635.085,2668.665509775781,2668.4655097757814,2551.6337255605467,0.02,stop_loss,STRONG,290,-67.16101955156228,66.76101955156264,-1.0059915202416987,12.63851279785095,raw,950.86128246269,2.5,10.547000000000025,35.41899999999987,-33.58050977578114,33.38050977578132,1510.0,2024-09
2024-10-01 14:25:00+00:00,2024-10-03 14:00:00+00:00,HTF,buy,2665.365,2639.631697235154,2639.831697235154,2703.6649541472684,0.02,stop_loss,WEAK,547,-51.46660552969116,51.066605529691515,-1.0078329075498678,19.694540549568906,raw,899.3946769329989,1.5,7.54300000000012,29.109999999999673,-25.733302764845575,25.533302764845757,2855.0,2024-10
2024-10-03 15:00:00+00:00,2024-10-04 13:00:00+00:00,HTF,sell,2650.4480000000003,2638.9849999999997,2670.080944618375,2630.815055381626,0.02,stop_gap,RANGING,252,22.926000000001295,39.26588923674899,0.5838655496064719,93.61815233155727,trail,922.3206769330002,1.0,18.38000000000011,17.22699999999986,11.463000000000648,19.632944618374495,1320.0,2024-10
2024-10-07 06:05:00+00:00,2024-10-08 14:40:00+00:00,HTF,sell,2640.5350000000003,2624.990547879284,2665.94773939642,2615.122260603581,0.02,stop_loss,RANGING,379,31.08890424143283,50.82547879283902,0.6116795154679989,81.95495839749812,trail,953.409581174433,1.0,20.827000000000226,18.929999999999836,15.544452120716414,25.41273939641951,1955.0,2024-10
2024-10-09 06:10:00+00:00,2024-10-11 03:50:00+00:00,HTF,sell,2616.3250000000003,2645.352343091682,2645.1523430916823,2573.0839853624775,0.02,stop_loss,WEAK,512,-58.054686183363636,57.65468618336399,-1.0069378575529402,33.74342651834743,raw,895.3548949910694,1.5,14.59100000000035,28.86999999999989,-29.027343091681814,28.827343091681996,2740.0,2024-10
2024-10-11 07:25:00+00:00,2024-10-13 22:00:00+00:00,HTF,buy,2642.765,2645.2526005217937,2632.014597912825,2669.6410052179367,0.02,stop_loss,STRONG,163,4.975201043587731,21.50080417434947,0.23139604468948946,68.80858911151836,locked,900.3300960346571,2.5,18.493000000000393,6.739999999999782,2.4876005217938655,10.750402087174734,3755.0,2024-10
2024-10-14 06:55:00+00:00,2024-10-14 12:40:00+00:00,HTF,buy,2664.084,2649.209909823949,2649.409909823949,2686.095135264076,0.02,stop_loss,WEAK,69,-29.74818035210137,29.34818035210174,-1.0136294651048439,4.411403538938552,raw,870.5819156825557,1.5,0.9710000000000036,14.988999999999578,-14.874090176050686,14.674090176050868,345.0,2024-10
2024-10-14 16:25:00+00:00,2024-10-16 02:10:00+00:00,HTF,sell,2646.4350000000004,2670.0725707621737,2669.872570762174,2611.27864385674,0.02,stop_loss,WEAK,381,-47.27514152434651,46.87514152434687,-1.0085333075696823,24.120816063658303,raw,823.3067741582092,1.5,8.480000000000473,23.499999999999545,-23.637570762173254,23.437570762173436,2025.0,2024-10
2024-10-16 06:05:00+00:00,2024-10-16 13:55:00+00:00,HTF,buy,2670.785,2672.6556723762724,2650.078276237278,2691.491723762722,0.02,stop_loss,RANGING,94,3.7413447525450465,41.4134475254441,0.09034130158438014,70.08834505305673,locked,827.0481189107543,1.0,14.51299999999992,0.38999999999987267,1.8706723762725233,20.70672376272205,470.0,2024-10
2024-10-16 15:40:00+00:00,2024-10-17 12:30:00+00:00,HTF,buy,2672.525,2674.7763566902827,2648.0114330971755,2697.0385669028246,0.02,stop_loss,RANGING,238,4.502713380565183,49.0271338056491,0.09184125260951645,65.85332956233296,locked,831.5508322913195,1.0,16.14300000000003,5.880000000000109,2.2513566902825914,24.51356690282455,1250.0,2024-10
2024-10-17 13:55:00+00:00,2024-10-21 06:00:00+00:00,HTF,buy,2688.855,2723.9793645337268,2665.2695484457554,2724.233177331367,0.02,stop_loss,WEAK,457,70.2487290674535,47.170903108489256,1.4892385864626572,123.8616664435911,trail,901.799561358773,1.5,43.820000000000164,5.059999999999945,35.12436453372675,23.585451554244628,5285.0,2024-10
2024-10-22 06:55:00+00:00,2024-10-23 06:35:00+00:00,HTF,buy,2735.1549999999997,2748.3815020242314,2721.7433400807704,2755.2724898788438,0.02,stop_loss,WEAK,272,26.453004048463303,26.823319838458705,0.9861942596134409,89.12642734248797,trail,928.2525654072363,1.5,17.93000000000029,5.7169999999996435,13.22650202423165,13.41165991922935,1420.0,2024-10
2024-10-23 07:25:00+00:00,2024-10-23 13:00:00+00:00,HTF,buy,2752.5049999999997,2739.6183197040277,2739.8183197040275,2771.535020443958,0.02,stop_loss,WEAK,67,-25.773360591943856,25.373360591944223,-1.0157645653026595,30.651569803502,raw,902.4792048152924,1.5,5.833000000000538,12.899999999999636,-12.886680295971928,12.68668029597211,335.0,2024-10
2024-10-24 08:25:00+00:00,2024-10-30 12:15:00+00:00,HTF,buy,2736.258,2775.328950484971,2710.825900969941,2799.838247575147,0.02,stop_loss,STRONG,1150,78.14190096994207,50.864198060117815,1.5362849302683192,84.00407679582206,trail,980.6211057852345,2.5,53.41000000000031,19.372999999999593,39.070950484971036,25.432099030058907,8870.0,2024-10
2024-10-31 06:00:00+00:00,2024-10-31 10:05:00+00:00,HTF,buy,2784.5649999999996,2774.6125800896416,2774.8125800896414,2799.193629865537,0.02,stop_loss,WEAK,49,-19.904839820716006,19.50483982071637,-1.0205077305774535,9.023401454091939,raw,960.7162659645185,1.5,1.3200000000006185,9.849999999999454,-9.952419910358003,9.752419910358185,245.0,2024-10
2024-10-31 16:10:00+00:00,2024-11-06 15:30:00+00:00,HTF,sell,2740.5750000000003,2669.104433912781,2794.106446375937,2660.277830436095,0.02,stop_loss,WEAK,1084,142.94113217443828,107.06289275187373,1.3351136747791323,109.94160875090584,trail,1103.6573981389568,1.5,88.2800000000002,21.4729999999995,71.47056608721914,53.531446375936866,8600.0,2024-10
2024-11-06 16:40:00+00:00,2024-11-12 12:35:00+00:00,HTF,sell,2665.415,2604.8382783225197,2711.9592610750656,2595.5986083874013,0.02,stop_loss,WEAK,1055,121.15344335496047,93.08852215013121,1.3014863761567377,108.72375132361036,trail,1224.8108414939172,1.5,75.9069999999997,44.82900000000018,60.576721677480236,46.544261075065606,8395.0,2024-11
2024-11-13 16:05:00+00:00,2024-11-14 10:30:00+00:00,HTF,sell,2604.1850000000004,2547.616257459876,2625.6895149197526,2550.42371270062,0.02,stop_loss,STRONG,209,113.13748508024855,43.009029839504365,2.6305518981116442,125.59409082598046,trail,1337.9483265741658,2.5,67.52100000000019,0.7099999999995816,56.568742540124276,21.504514919752182,1105.0,2024-11
2024-11-14 13:00:00+00:00,2024-11-18 01:00:00+00:00,HTF,sell,2552.155,2578.4703581381664,2578.2703581381666,2486.866604654584,0.02,stop_loss,STRONG,408,-52.63071627633236,52.230716276332714,-1.0076583288248124,1.0216210652314661,raw,1285.3176102978334,2.5,0.6670000000003711,28.9699999999998,-26.315358138166175,26.115358138166357,5040.0,2024-11
2024-11-18 07:10:00+00:00,2024-11-18 16:40:00+00:00,HTF,buy,2585.6949999999997,2609.127842078062,2566.937806926872,2613.8307896096912,0.02,stop_loss,WEAK,114,46.86568415612419,37.514386146255674,1.2492723184490084,103.9956596417022,trail,1332.1832944539576,1.5,29.26000000000022,4.149999999999636,23.432842078062095,18.757193073127837,570.0,2024-11
2024-11-19 06:00:00+00:00,2024-11-19 13:15:00+00:00,HTF,buy,2623.335,2635.0376070453653,2610.110356817884,2643.171964773174,0.02,stop_loss,WEAK,87,23.405214090730624,26.44928636423174,0.8849090961630739,80.60708975812697,trail,1355.5885085446882,1.5,15.990000000000236,5.710000000000036,11.702607045365312,13.22464318211587,435.0,2024-11
2024-11-19 14:30:00+00:00,2024-11-20 01:05:00+00:00,HTF,buy,2627.3149999999996,2638.478118081332,2618.358726937773,2640.7494095933394,0.02,stop_loss,WEAK,115,22.326236162664827,17.912546124453,1.2464021589977403,104.58219173967731,trail,1377.914744707353,1.5,14.050000000000182,6.379999999999654,11.163118081332414,8.9562730622265,635.0,2024-11
2024-11-21 07:00:00+00:00,2024-11-21 12:55:00+00:00,HTF,buy,2661.1549999999997,2663.0568794852243,2647.142470098505,2682.1737948522423,0.02,stop_loss,WEAK,71,3.8037589704490533,28.025059802989745,0.135727059895275,58.186019160349865,locked,1381.7185036778021,1.5,12.230000000000473,1.2499999999995453,1.9018794852245264,14.012529901494872,355.0,2024-11
2024-11-21 15:55:00+00:00,2024-11-22 03:30:00+00:00,HTF,buy,2667.705,2685.022032621142,2652.928442070472,2689.8698368942914,0.02,stop_loss,WEAK,127,34.63406524228412,29.55311585905565,1.1719260130627334,102.27911943641988,trail,1416.3525689200862,1.5,22.670000000000073,6.5470000000000255,17.31703262114206,14.776557929527826,695.0,2024-11
2024-11-22 06:55:00+00:00,2024-11-22 13:20:00+00:00,HTF,buy,2693.045,2695.6219294654593,2674.532136896941,2720.8142946545886,0.02,stop_loss,WEAK,77,5.153858930918432,37.025726206117724,0.13919670075416007,61.18268472905704,locked,1421.5064278510047,1.5,16.98999999999978,2.68100000000004,2.576929465459216,18.512863103058862,385.0,2024-11
2024-11-25 08:10:00+00:00,2024-11-25 11:50:00+00:00,HTF,sell,2669.675,2688.2944001717196,2688.09440017172,2623.626499570701,0.02,stop_loss,STRONG,44,-37.238800343438925,36.83880034343929,-1.0108581168841149,4.039219480894696,raw,1384.2676275075657,2.5,1.8600000000001273,18.672999999999774,-18.619400171719462,18.419400171719644,220.0,2024-11
2024-11-25 13:55:00+00:00,2024-11-25 14:10:00+00:00,HTF,buy,2678.335,2664.3676751495104,2664.5676751495103,2712.7533121262245,0.02,stop_loss,STRONG,3,-27.934649700979207,27.534649700979575,-1.0145271504937796,0.7263575246896452,raw,1356.3329778065865,2.5,0.25,18.759999999999764,-13.967324850489604,13.767324850489786,15.0,2024-11
2024-11-26 16:00:00+00:00,2024-12-02 00:40:00+00:00,HTF,buy,2629.5049999999997,2636.3251334713555,2601.424466114577,2699.706334713556,0.02,stop_loss,STRONG,863,13.640266942711607,56.161067770844966,0.24287762829524961,52.26396356950674,locked,1369.9732447492981,2.5,36.69000000000051,10.09099999999944,6.820133471355803,28.080533885422483,7720.0,2024-11
2024-12-02 06:00:00+00:00,2024-12-09 14:45:00+00:00,HTF,sell,2622.8650000000002,2673.737938765465,2673.5379387654652,2572.1920612345352,0.02,stop_loss,RANGING,1485,-101.74587753092965,101.34587753093001,-1.0039468798311757,20.28696233226225,raw,1268.2273672183685,1.0,10.2800000000002,50.79999999999973,-50.87293876546482,50.672938765465005,10605.0,2024-12
2024-12-09 15:15:00+00:00,2024-12-11 05:00:00+00:00,HTF,buy,2674.6349999999998,2679.473992854829,2641.041714301141,2725.024928548288,0.02,stop_loss,WEAK,429,9.67798570965806,67.18657139771767,0.14404642934327233,58.47001741978295,locked,1277.9053529280266,1.5,29.463000000000193,17.95999999999958,4.83899285482903,33.593285698858836,2265.0,2024-12
2024-12-11 11:55:00+00:00,2024-12-11 16:05:00+00:00,HTF,buy,2696.564,2711.1050078621347,2681.397359540448,2719.3139606893274,0.02,stop_loss,WEAK,50,29.082015724269695,30.333280919103345,0.9587494277928365,84.79575091771471,trail,1306.9873686522963,1.5,19.291000000000167,6.230000000000018,14.541007862134848,15.166640459551672,250.0,2024-12
2024-12-12 16:15:00+00:00,2024-12-19 01:00:00+00:00,HTF,sell,2680.2740000000003,2597.4361457116247,2730.1811523720835,2605.4132714418756,0.02,stop_loss,WEAK,1197,165.67570857675128,99.8143047441663,1.6598393286552877,130.92311801895104,trail,1472.6630772290475,1.5,98.01000000000022,12.320999999999913,82.83785428837564,49.90715237208315,9165.0,2024-12
2024-12-19 06:00:00+00:00,2025-01-02 10:20:00+00:00,HTF,sell,2604.148,2644.2361400420336,2644.036140042034,2504.4276498949157,0.02,stop_loss,STRONG,2220,-80.176280084067,79.77628008406737,-1.0050140217064285,17.38160764752101,raw,1392.4867971449805,2.5,17.333000000000084,41.94999999999982,-40.0881400420335,39.88814004203368,20420.0,2024-12
2025-01-02 11:00:00+00:00,2025-01-03 02:25:00+00:00,HTF,buy,2643.305,2658.611040400302,2617.9852020015082,2668.6247979984914,0.02,stop_loss,RANGING,173,30.612080800604417,50.63959599698319,0.6045087879932555,81.24077451654868,trail,1423.098877945585,1.0,20.570000000000164,7.440000000000055,15.306040400302209,25.319797998491595,925.0,2025-01
2025-01-06 13:10:00+00:00,2025-01-06 14:15:00+00:00,HTF,buy,2645.915,2616.6613139701435,2616.8613139701433,2689.495529044785,0.02,stop_loss,WEAK,13,-58.50737205971291,58.10737205971327,-1.0068838081265934,0.45662593906459553,raw,1364.591505885872,1.5,0.19900000000006912,31.550000000000182,-29.253686029856453,29.053686029856635,65.0,2025-01
2025-01-07 11:55:00+00:00,2025-01-07 14:00:00+00:00,HTF,buy,2648.455,2659.996539958503,2628.9476997925153,2667.9623002074845,0.02,stop_loss,RANGING,25,23.083079917006216,39.01460041496921,0.5916523473645433,80.19049193695234,trail,1387.6745858028783,1.0,15.643000000000029,1.2210000000000036,11.541539958503108,19.507300207484604,125.0,2025-01
2025-01-07 14:30:00+00:00,2025-01-09 17:05:00+00:00,HTF,buy,2661.7349999999997,2664.8248927219715,2628.836072780281,2694.6339272197183,0.02,stop_loss,RANGING,583,6.179785443943729,65.79785443943729,0.09392077441722398,50.63994910452521,locked,1393.854371246822,1.0,16.66000000000031,19.699999999999818,3.0898927219718644,32.898927219718644,3035.0,2025-01
2025-01-10 06:10:00+00:00,2025-01-10 14:35:00+00:00,HTF,buy,2674.6949999999997,2689.361131768542,2662.6154392284725,2692.8143411572905,0.02,stop_loss,WEAK,101,29.332263537084145,24.159121543054425,1.2141279013316177,102.04565298203612,trail,1423.1866347839061,1.5,18.490000000000236,11.489999999999782,14.666131768542073,12.079560771527213,505.0,2025-01
2025-01-13 15:55:00+00:00,2025-01-15 06:20:00+00:00,HTF,sell,2661.2780000000002,2682.439187620335,2682.239187620335,2608.8750309491634,0.02,stop_loss,STRONG,437,-42.32237524066932,41.92237524066968,-1.0095414441024226,8.898350769928365,raw,1380.8642595432368,2.5,4.663000000000466,21.846999999999753,-21.16118762033466,20.96118762033484,2305.0,2025-01
2025-01-15 07:05:00+00:00,2025-01-16 12:05:00+00:00,HTF,buy,2681.535,2703.9039511021074,2659.3315036736903,2714.840244489464,0.02,stop_loss,WEAK,336,44.73790220421506,44.40699265261901,1.007451744237324,88.6046640772608,trail,1425.6021617474519,1.5,29.51000000000022,5.096000000000004,22.36895110210753,22.203496326309505,1740.0,2025-01
2025-01-16 13:25:00+00:00,2025-01-22 06:15:00+00:00,HTF,buy,2709.428,2750.305765225027,2682.863884083422,2749.274173874867,0.02,stop_loss,WEAK,987,81.75553045005381,53.12823183315595,1.538834017793009,123.09086476916795,trail,1507.3576921975057,1.5,49.047000000000025,20.11999999999989,40.877765225026906,26.564115916577975,8210.0,2025-01
2025-01-22 07:10:00+00:00,2025-01-23 13:20:00+00:00,HTF,buy,2750.015,2739.067704406523,2739.2677044065226,2776.883238983693,0.02,stop_loss,STRONG,350,-21.89459118695413,21.494591186954494,-1.0186093327628583,49.091419828464886,raw,1485.4631010105516,2.5,13.190000000000055,10.980000000000018,-10.947295593477065,10.747295593477247,1810.0,2025-01
2025-01-23 17:10:00+00:00,2025-01-27 02:10:00+00:00,HTF,buy,2755.178,2759.0792767556213,2727.8361549625233,2796.1907675562147,0.02,stop_loss,WEAK,372,7.802553511242877,54.68369007495312,0.14268520468439813,74.72551067906736,locked,1493.2656545217944,1.5,30.64700000000039,4.099999999999909,3.9012767556214385,27.34184503747656,4860.0,2025-01
2025-01-27 11:55:00+00:00,2025-01-27 15:35:00+00:00,HTF,buy,2771.4049999999997,2740.129467609591,2740.3294676095907,2849.093830976022,0.02,stop_loss,STRONG,44,-62.551064780817796,62.15106478081817,-1.0064359315710885,0.21882167341788877,raw,1430.7145897409766,2.5,0.1700000000005275,31.7199999999998,-31.275532390408898,31.07553239040908,220.0,2025-01
2025-01-28 10:15:00+00:00,2025-01-28 14:20:00+00:00,HTF,sell,2743.275,2752.8367243056928,2752.636724305693,2729.232413541461,0.02,stop_loss,WEAK,49,-19.123448611385356,18.72344861138572,-1.021363585752915,17.589352269918116,raw,1411.5911411295913,1.5,2.4700000000002547,9.739999999999782,-9.561724305692678,9.36172430569286,245.0,2025-01
2025-01-29 11:55:00+00:00,2025-01-29 15:15:00+00:00,HTF,buy,2763.04,2753.900921465039,2754.100921465039,2776.4486178024417,0.02,stop_loss,WEAK,40,-18.27815706992169,17.878157069922054,-1.0223736707556166,2.461103783119486,raw,1393.3129840596696,1.5,0.32999999999992724,10.579999999999927,-9.139078534960845,8.939078534961027,200.0,2025-01
2025-01-29 16:00:00+00:00,2025-01-29 17:30:00+00:00,HTF,sell,2758.67,2752.1154966202944,2768.447483101473,2748.892516898527,0.02,stop_loss,RANGING,18,13.109006759411388,19.55496620294616,0.670367139649486,98.59388044912608,trail,1406.421990819081,1.0,9.639999999999873,2.400000000000091,6.554503379705693,9.77748310147308,90.0,2025-01
2025-01-30 08:10:00+00:00,2025-01-30 11:20:00+00:00,HTF,buy,2761.58,2772.824911919255,2743.154559596275,2780.005440403725,0.02,stop_loss,RANGING,38,22.489823838510347,36.85088080745027,0.6102927079551245,82.11472653289321,trail,1428.9118146575913,1.0,15.13000000000011,0.9800000000000182,11.244911919255173,18.425440403725133,190.0,2025-01
2025-01-30 13:00:00+00:00,2025-01-30 17:30:00+00:00,HTF,buy,2777.5,2787.8013425530207,2761.6067127651045,2793.3932872348955,0.02,stop_loss,RANGING,54,20.602685106041463,31.786574469791052,0.6481568224855937,86.07407516025908,trail,1449.5144997636328,1.0,13.679999999999836,1.2899999999999636,10.301342553020731,15.893287234895524,270.0,2025-01
2025-01-31 10:00:00+00:00,2025-01-31 17:15:00+00:00,HTF,buy,2797.45,2813.5866445479232,2785.9721484930765,2814.666777260385,0.02,stop_loss,WEAK,87,32.27328909584685,22.955703013846687,1.40589417263239,114.88793576665928,trail,1481.7877888594796,1.5,19.7800000000002,6.429999999999836,16.136644547923424,11.477851506923344,435.0,2025-01
2025-02-03 07:05:00+00:00,2025-02-03 13:00:00+00:00,HTF,sell,2780.32,2801.099158384786,2800.899158384786,2749.4512624228214,0.02,stop_loss,WEAK,71,-41.55831676957132,41.158316769571684,-1.0097185704225726,0.0,raw,1440.2294720899083,1.5,0.0,21.31999999999971,-20.77915838478566,20.579158384785842,355.0,2025-02
2025-02-03 13:35:00+00:00,2025-02-03 17:05:00+00:00,HTF,buy,2799.04,2823.3886287559644,2779.86876251988,2827.79685622018,0.02,stop_loss,WEAK,42,48.69725751192891,38.34247496024,1.2700603589733452,109.05225439070556,trail,1488.9267296018372,1.5,31.360000000000127,0.599999999999909,24.348628755964455,19.17123748012,210.0,2025-02
2025-02-04 06:25:00+00:00,2025-02-05 13:10:00+00:00,HTF,buy,2820.5299999999997,2864.708968444111,2779.9265614803694,2881.435157779445,0.02,stop_loss,WEAK,357,88.35793688822287,81.20687703926069,1.0880597815072348,92.99704994626185,trail,1577.28466649006,1.5,56.64000000000033,13.33999999999969,44.17896844411143,40.603438519630345,1845.0,2025-02
2025-02-05 14:05:00+00:00,2025-02-06 09:45:00+00:00,HTF,buy,2869.08,2856.9054470922283,2857.105447092228,2899.0163822694294,0.02,stop_loss,STRONG,224,-24.349105815543226,23.94910581554359,-1.0167020849580124,44.79499185742932,raw,1552.9355606745169,2.5,13.409999999999854,14.029999999999745,-12.174552907771613,11.974552907771795,1180.0,2025-02
2025-02-06 14:00:00+00:00,2025-02-06 16:45:00+00:00,HTF,buy,2869.54,2848.269282324051,2848.4692823240507,2922.2167941898733,0.02,stop_loss,STRONG,33,-42.541435351898144,42.14143535189851,-1.0094918456540332,1.1580051697933325,raw,1510.3941253226187,2.5,0.6100000000001273,21.15000000000009,-21.270717675949072,21.070717675949254,165.0,2025-02
2025-02-07 06:40:00+00:00,2025-02-10 15:40:00+00:00,HTF,buy,2868.79,2899.59017877334,2850.5503575466796,2914.3891061333006,0.02,stop_loss,STRONG,384,61.60035754668024,36.479284906640714,1.6886393936813842,92.19478968974457,trail,1571.994482869299,2.5,42.039999999999964,16.40000000000009,30.80017877334012,18.239642453320357,4860.0,2025-02
2025-02-10 16:40:00+00:00,2025-02-11 04:30:00+00:00,HTF,buy,2906.02,2934.7342403312446,2890.7284806624893,2944.248798343777,0.02,stop_loss,STRONG,130,57.428480662489164,30.583038675021275,1.877788576626754,95.63470886850794,trail,1629.4229635317881,2.5,36.559999999999945,9.429999999999836,28.714240331244582,15.291519337510636,710.0,2025-02
2025-02-11 06:15:00+00:00,2025-02-11 14:50:00+00:00,HTF,buy,2920.0899999999997,2891.927623026904,2892.1276230269036,2989.99594243274,0.02,stop_loss,STRONG,103,-56.32475394619178,55.92475394619214,-1.007152467767395,13.117625885415135,raw,1573.0982095855964,2.5,9.170000000000528,29.61999999999989,-28.16237697309589,27.96237697309607,515.0,2025-02
2025-02-12 10:00:00+00:00,2025-02-12 16:10:00+00:00,HTF,sell,2892.5800000000004,2888.0421054764042,2911.5315780943843,2845.2010547640407,0.02,stop_loss,STRONG,74,9.075789047192302,37.90315618876775,0.23944678912733466,61.29304874849689,locked,1582.1739986327887,2.5,29.04000000000042,1.7799999999997453,4.537894523596151,18.951578094383876,370.0,2025-02
2025-02-13 06:05:00+00:00,2025-02-14 15:40:00+00:00,HTF,buy,2917.6299999999997,2921.3188559444516,2891.7042937036554,2956.518559444516,0.02,stop_loss,WEAK,391,7.377711888903832,51.851412592688575,0.14228564893416507,57.677631468972,locked,1589.5517105216925,1.5,22.43000000000029,11.739999999999782,3.688855944451916,25.925706296344288,2015.0,2025-02
2025-02-18 11:55:00+00:00,2025-02-19 04:40:00+00:00,HTF,buy,2912.8399999999997,2932.726160795959,2879.8208039797923,2945.859196020207,0.02,stop_loss,RANGING,189,39.772321591918626,66.03839204041469,0.6022605996762981,80.83176823465524,trail,1629.324032113611,1.0,26.69000000000051,5.889999999999873,19.886160795959313,33.019196020207346,1005.0,2025-02
2025-02-19 09:55:00+00:00,2025-02-19 13:55:00+00:00,HTF,buy,2934.45,2936.0172528135076,2916.7774718649234,2952.122528135076,0.02,stop_loss,RANGING,48,3.134505627015642,35.34505627015278,0.08868300005120044,71.29709967750406,locked,1632.4585377406268,1.0,12.600000000000364,0.6099999999996726,1.567252813507821,17.67252813507639,240.0,2025-02
2025-02-19 14:40:00+00:00,2025-02-20 09:40:00+00:00,HTF,buy,2936.1699999999996,2950.123896730186,2916.889483650929,2955.4505163490703,0.02,stop_loss,RANGING,216,27.907793460372886,38.56103269814139,0.7237304477511574,93.4103613924649,trail,1660.3663312009996,1.0,18.01000000000022,17.55999999999949,13.953896730186443,19.280516349070695,1140.0,2025-02
2025-02-20 10:35:00+00:00,2025-02-20 16:05:00+00:00,HTF,buy,2954.66,2925.932025558533,2926.132025558533,2983.187974441467,0.02,stop_loss,RANGING,66,-57.455948882933626,57.05594888293399,-1.0070106624783395,0.8763328097932223,raw,1602.910382318066,1.0,0.25,29.06999999999971,-28.727974441466813,28.527974441466995,330.0,2025-02
2025-02-21 13:05:00+00:00,2025-02-21 17:50:00+00:00,HTF,sell,2931.86,2930.255205759639,2949.9079424036104,2913.81205759639,0.02,stop_loss,RANGING,57,3.2095884807222324,36.0958848072205,0.0889184043517392,55.962058023742024,locked,1606.1199707987882,1.0,10.099999999999909,7.109999999999673,1.604794240361116,18.04794240361025,285.0,2025-02
2025-02-24 13:25:00+00:00,2025-02-24 16:25:00+00:00,HTF,buy,2942.49,2944.9690280367063,2915.6997196329366,2969.280280367063,0.02,stop_loss,RANGING,36,4.95805607341299,53.58056073412627,0.09253460593694625,51.100622361649485,locked,1611.0780268722012,1.0,13.690000000000055,3.1299999999996544,2.479028036706495,26.790280367063133,180.0,2025-02
2025-02-25 12:00:00+00:00,2025-02-25 15:40:00+00:00,HTF,sell,2937.7200000000003,2935.508432808826,2961.8356719117432,2913.6043280882573,0.02,stop_loss,RANGING,44,4.423134382348508,48.231343823485986,0.09170663787714509,56.7680637309292,locked,1615.5011612545497,1.0,13.690000000000055,3.7799999999997453,2.211567191174254,24.115671911742993,220.0,2025-02
2025-02-25 17:10:00+00:00,2025-02-25 18:05:00+00:00,HTF,sell,2928.05,2893.45978985481,2962.6402101451904,2893.45978985481,0.02,take_profit,RANGING,11,69.18042029038043,69.18042029038043,1.0,115.00363782997032,locked,1684.6815815449302,1.0,39.7800000000002,0.0,34.59021014519021,34.59021014519021,55.0,2025-02
2025-02-26 06:00:00+00:00,2025-02-26 17:50:00+00:00,HTF,sell,2916.3500000000004,2913.0954314998376,2950.895685001625,2881.8043149983755,0.02,stop_loss,RANGING,142,6.509137000325609,69.09137000324972,0.094210564937697,74.04687444697427,locked,1691.1907185452558,1.0,25.580000000000382,4.669999999999618,3.2545685001628044,34.54568500162486,710.0,2025-02
2025-02-27 09:10:00+00:00,2025-02-27 11:25:00+00:00,HTF,sell,2893.96,2891.0186110948625,2914.9025927009166,2862.546110948625,0.02,stop_loss,WEAK,27,5.882777810275002,41.88518540183304,0.140450084053288,53.67052762052762,locked,1697.0734963555308,1.5,16.860000000000127,2.7399999999997817,2.941388905137501,20.94259270091652,135.0,2025-02
2025-02-27 12:15:00+00:00,2025-02-28 11:05:00+00:00,HTF,sell,2887.82,2859.5305548648594,2915.421849549531,2846.417225675704,0.02,stop_loss,WEAK,262,56.57889027028159,55.20369909906185,1.0249112141697605,88.81047369432498,trail,1753.6523866258124,1.5,36.76999999999998,7.059999999999945,28.289445135140795,27.601849549530925,1370.0,2025-02
2025-02-28 12:15:00+00:00,2025-02-28 23:15:00+00:00,HTF,sell,2861.9500000000003,2857.9617271053644,2878.7030915785435,2820.067271053642,0.02,stop_loss,STRONG,132,7.976545789271768,33.506183157086525,0.23806190492887389,70.14824663796087,locked,1761.6289324150841,2.5,29.38000000000011,2.9799999999995634,3.988272894635884,16.753091578543263,660.0,2025-02
2025-03-03 06:15:00+00:00,2025-03-03 21:50:00+00:00,HTF,buy,2864.06,2885.449194501883,2850.4583890037666,2898.0640274905836,0.02,stop_loss,STRONG,187,42.77838900376628,27.20322199246675,1.5725486126464239,85.37224012078903,trail,1804.4073214188504,2.5,29.0300000000002,5.230000000000018,21.38919450188314,13.601610996233376,935.0,2025-03
2025-03-04 11:55:00+00:00,2025-03-14 12:35:00+00:00,HTF,buy,2918.29,2991.024900313093,2872.873001043643,2986.4154984345355,0.02,stop_loss,WEAK,2228,145.46980062618604,90.83399791271404,1.6014906749560192,127.05962083078019,trail,1949.8771220450365,1.5,86.55999999999995,38.029999999999745,72.73490031309302,45.41699895635702,14440.0,2025-03
2025-03-14 13:40:00+00:00,2025-03-18 15:35:00+00:00,HTF,buy,2996.6299999999997,3027.678729542003,2962.025765140008,3048.536352289987,0.02,stop_loss,WEAK,575,62.097459084006914,69.20846971998344,0.8972523064771178,80.20212972667494,trail,2011.9745811290434,1.5,41.630000000000564,18.179999999999836,31.048729542003457,34.60423485999172,5875.0,2025-03
2025-03-19 06:15:00+00:00,2025-03-20 10:25:00+00:00,HTF,buy,3037.1299999999997,3039.477654020464,3020.1456398635723,3062.6065402046406,0.02,stop_loss,WEAK,326,4.695308040928467,33.968720272854625,0.13822446071601413,79.01386859560135,locked,2016.6698891699718,1.5,20.130000000000564,14.239999999999782,2.3476540204642333,16.984360136427313,1690.0,2025-03
2025-03-20 11:10:00+00:00,2025-03-21 07:40:00+00:00,HTF,buy,3043.3399999999997,3024.8486151360057,3025.0486151360055,3070.777077295991,0.02,stop_loss,WEAK,234,-36.98276972798794,36.58276972798831,-1.010934109226115,14.76104745526917,raw,1979.687119441984,1.5,4.050000000000182,21.749999999999545,-18.49138486399397,18.291384863994153,1230.0,2025-03
2025-03-25 16:05:00+00:00,2025-03-28 10:05:00+00:00,HTF,buy,3034.89,3075.9851265735383,3002.307088578461,3083.7643671323085,0.02,stop_loss,WEAK,756,82.19025314707687,65.16582284307788,1.2612478376125866,104.49240163406657,trail,2061.8773725890605,1.5,51.070000000000164,22.440000000000055,41.09512657353844,32.58291142153894,3960.0,2025-03
2025-03-28 11:15:00+00:00,2025-03-28 16:30:00+00:00,HTF,buy,3071.87,3074.3108983704424,3054.2640108637183,3098.278983704422,0.02,stop_loss,WEAK,63,4.881796740884965,35.2119782725631,0.13864022927359418,56.42019460788692,locked,2066.7591693299455,1.5,14.900000000000091,4.859999999999673,2.4408983704424827,17.60598913628155,315.0,2025-03
2025-03-28 17:40:00+00:00,2025-04-01 08:55:00+00:00,HTF,buy,3083.73,3132.8461629565372,3055.5023259130744,3154.299185217314,0.02,stop_loss,STRONG,435,98.23232591307442,56.45534817385124,1.740000355866608,92.5474763508765,trail,2164.99149524302,2.5,65.30999999999995,10.170000000000073,49.11616295653721,28.227674086925617,5235.0,2025-03
2025-04-01 09:50:00+00:00,2025-04-01 18:40:00+00:00,HTF,buy,3134.43,3119.325565033247,3119.525565033247,3171.691087416882,0.02,stop_loss,STRONG,106,-30.20886993350541,29.808869933505775,-1.0134188246951967,12.0232669269073,raw,2134.7826253095145,2.5,4.480000000000018,15.159999999999854,-15.104434966752706,14.904434966752888,530.0,2025-04
2025-04-02 09:20:00+00:00,2025-04-03 03:05:00+00:00,HTF,buy,3116.3199999999997,3158.6468381702844,3098.553676340568,3160.735809148579,0.02,stop_loss,STRONG,201,84.65367634056929,35.53264731886338,2.382419626123067,115.74707516421505,trail,2219.436301650084,2.5,51.41000000000031,11.86999999999989,42.326838170284645,17.76632365943169,1065.0,2025-04
2025-04-07 06:00:00+00:00,2025-04-09 19:10:00+00:00,HTF,sell,3027.6000000000004,3088.2509662300727,3088.050966230073,2876.472584424819,0.02,stop_loss,STRONG,710,-121.3019324601446,120.90193246014496,-1.0033084665551686,47.205200809187865,raw,2098.134369189939,2.5,71.34000000000015,62.749999999999545,-60.6509662300723,60.45096623007248,3670.0,2025-04
2025-04-10 06:00:00+00:00,2025-04-14 01:00:00+00:00,HTF,buy,3116.3399999999997,3216.132979157072,3058.285958314143,3261.4751042146413,0.02,stop_loss,STRONG,492,199.5859583141446,116.1080833717133,1.7189669531894838,88.89648076401392,trail,2297.720327504084,2.5,129.02000000000044,12.909999999999854,99.7929791570723,58.054041685856646,5460.0,2025-04
2025-04-15 11:35:00+00:00,2025-04-16 03:10:00+00:00,HTF,buy,3227.71,3253.4475974227244,3201.6686580757464,3266.7720128863803,0.02,stop_loss,WEAK,175,51.47519484544865,52.08268384850726,0.9883360656907464,86.40107743082446,trail,2349.1955223495324,1.5,33.75,16.090000000000146,25.73759742272432,26.04134192425363,935.0,2025-04
2025-04-16 06:45:00+00:00,2025-04-17 04:30:00+00:00,HTF,buy,3276.8999999999996,3336.5035784286465,3212.64526142882,3373.282107856769,0.02,stop_loss,WEAK,249,119.20715685729375,128.50947714235917,0.9276137410880555,83.78111020356668,trail,2468.402679206826,1.5,80.75000000000045,7.5799999999994725,59.60357842864687,64.25473857117959,1305.0,2025-04
2025-04-17 06:00:00+00:00,2025-04-17 17:25:00+00:00,HTF,buy,3339.18,3301.669242978285,3301.869242978285,3395.146135532572,0.02,stop_loss,WEAK,137,-75.0215140434293,74.62151404342967,-1.005360384402906,11.113863662035847,raw,2393.381165163397,1.5,6.220000000000255,37.51999999999998,-37.51075702171465,37.310757021714835,685.0,2025-04
2025-04-21 06:00:00+00:00,2025-04-22 10:05:00+00:00,HTF,buy,3382.8799999999997,3470.6911722471127,3285.9172408237087,3528.324138764436,0.02,stop_loss,WEAK,325,175.62234449422613,193.925518352582,0.905617507103535,80.51201031184712,trail,2569.003509657623,1.5,117.10000000000036,12.9699999999998,87.81117224711306,96.962759176291,1685.0,2025-04
2025-04-22 11:05:00+00:00,2025-04-22 15:50:00+00:00,HTF,buy,3468.48,3431.9879402259294,3432.187940225929,3522.918089661106,0.02,stop_loss,WEAK,57,-72.98411954814128,72.58411954814164,-1.0055108473105379,1.8553185945490132,raw,2496.0193901094817,1.5,1.0099999999997635,44.01000000000022,-36.49205977407064,36.29205977407082,285.0,2025-04
2025-04-23 06:00:00+00:00,2025-05-02 01:00:00+00:00,HTF,sell,3344.79,3240.955829918628,3412.8616598372564,3174.610850406859,0.02,stop_loss,STRONG,1872,207.66834016274424,136.1433196745129,1.5253656268940048,83.95858149579021,trail,2703.687730272226,2.5,142.8800000000001,25.970000000000255,103.83417008137212,68.07165983725645,12660.0,2025-04
2025-05-02 06:10:00+00:00,2025-05-05 17:10:00+00:00,HTF,buy,3250.72,3316.2061281556134,3209.5070938520444,3312.539359221933,0.02,stop_loss,WEAK,407,130.97225631122728,82.42581229591087,1.588971375144395,126.25494825949035,trail,2834.6599865834532,1.5,78.05000000000018,27.9399999999996,65.48612815561364,41.21290614795544,4980.0,2025-05
2025-05-06 06:55:00+00:00,2025-05-07 01:00:00+00:00,HTF,buy,3360.6499999999996,3420.6916161515687,3314.4553871718954,3429.941919242156,0.02,stop_loss,WEAK,205,120.08323230313817,92.38922565620851,1.2997536395637996,111.41270272830414,trail,2954.7432188865914,1.5,77.20000000000027,10.449999999999818,60.04161615156909,46.194612828104255,1085.0,2025-05
2025-05-07 06:00:00+00:00,2025-05-08 09:30:00+00:00,HTF,buy,3390.6899999999996,3334.586358123103,3334.7863581231027,3474.5454628153448,0.02,stop_loss,WEAK,318,-112.20728375379349,111.80728375379385,-1.0035775844521941,28.728003151146215,raw,2842.535935132798,1.5,24.0900000000006,64.23999999999978,-56.103641876896745,55.90364187689693,1650.0,2025-05
2025-05-09 17:10:00+00:00,2025-05-09 19:20:00+00:00,HTF,buy,3322.0099999999998,3341.668451400485,3303.1381713349488,3350.3177429975763,0.02,stop_loss,WEAK,26,39.31690280097064,37.743657330101996,1.041682380091288,90.15201248006693,trail,2881.8528379337686,1.5,25.520000000000437,1.6299999999996544,19.65845140048532,18.871828665050998,130.0,2025-05
2025-05-12 06:00:00+00:00,2025-05-13 08:10:00+00:00,HTF,sell,3271.52,3260.345870340711,3347.3475310619256,3157.7787034071116,0.02,stop_loss,WEAK,302,22.34825931857813,151.65506212385117,0.14736243555343453,56.0746201340455,locked,2904.2010972523467,1.5,63.7800000000002,13.170000000000073,11.174129659289065,75.82753106192558,1570.0,2025-05
2025-05-14 09:55:00+00:00,2025-05-14 15:45:00+00:00,HTF,sell,3227.78,3192.1504240240306,3251.5330506506466,3192.1504240240306,0.02,take_profit,WEAK,70,71.2591519519392,47.5061013012928,1.5,107.88789635309143,locked,2975.460249204286,1.5,38.440000000000055,16.009999999999764,35.6295759759696,23.7530506506464,350.0,2025-05
2025-05-14 17:55:00+00:00,2025-05-15 09:05:00+00:00,HTF,sell,3181.6600000000003,3131.406071478101,3216.413571593669,3129.5296426094974,0.02,stop_loss,WEAK,170,100.50785704379905,69.50714318733753,1.446007596268308,116.78416003165786,trail,3075.968106248085,1.5,60.88000000000011,10.989999999999782,50.253928521899525,34.75357159366877,910.0,2025-05
2025-05-15 15:15:00+00:00,2025-05-15 17:10:00+00:00,HTF,sell,3179.0800000000004,3201.0405166244836,3200.840516624484,3146.4392250632754,0.02,stop_loss,WEAK,23,-43.92103324896652,43.52103324896689,-1.0091909582594556,3.86020246897558,raw,3032.0470729991184,1.5,1.2600000000002183,27.369999999999436,-21.96051662448326,21.760516624483444,115.0,2025-05
2025-05-16 13:10:00+00:00,2025-05-16 23:00:00+00:00,HTF,sell,3204.6000000000004,3197.9684669002686,3250.1435539982117,3136.2846690026836,0.02,stop_loss,WEAK,118,13.26306619946354,91.08710799642267,0.14560859918820157,73.55596359765003,locked,3045.310139198582,1.5,50.250000000000455,3.2199999999998,6.631533099731769,45.54355399821134,590.0,2025-05
2025-05-19 06:00:00+00:00,2025-05-21 15:25:00+00:00,HTF,buy,3228.6899999999996,3293.764816453714,3185.3596329074276,3337.01591773143,0.02,stop_loss,STRONG,665,130.1496329074289,86.66073418514407,1.5018293363332706,84.91042764857451,trail,3175.459772106011,2.5,91.98000000000047,24.119999999999436,65.07481645371445,43.33036709257203,3445.0,2025-05
2025-05-22 06:00:00+00:00,2025-05-22 13:30:00+00:00,HTF,buy,3340.83,3297.084055559572,3297.2840555595717,3406.1489166606425,0.02,stop_loss,WEAK,90,-87.4918888808561,87.09188888085646,-1.0045928502084374,6.858656311272549,raw,3087.9678832251548,1.5,4.480000000000018,49.929999999999836,-43.74594444042805,43.54594444042823,450.0,2025-05
2025-05-23 12:15:00+00:00,2025-05-23 15:50:00+00:00,HTF,buy,3328.64,3352.1082474815294,3292.3312374076445,3364.9487625923553,0.02,stop_loss,RANGING,43,46.936494963058976,72.61752518471076,0.6463521697230906,87.55462243897341,trail,3134.9043781882137,1.0,31.789999999999964,5.179999999999836,23.468247481529488,36.30876259235538,215.0,2025-05
2025-05-23 17:40:00+00:00,2025-05-27 09:45:00+00:00,HTF,buy,3353.24,3315.490945824318,3315.6909458243176,3409.563581263523,0.02,stop_loss,WEAK,412,-75.49810835136395,75.09810835136432,-1.0053263658536928,22.42400024406777,raw,3059.40626983685,1.5,12.63000000000011,47.44999999999982,-37.74905417568198,37.54905417568216,5285.0,2025-05
2025-05-29 07:35:00+00:00,2025-05-29 15:15:00+00:00,HTF,sell,3273.1800000000003,3309.261109811688,3309.0611098116883,3237.2988901883123,0.02,stop_loss,RANGING,92,-72.16221962337568,71.76221962337604,-1.0055739635994947,19.899050050214786,raw,2987.244050213474,1.0,7.140000000000327,37.26999999999953,-36.08110981168784,35.88110981168802,460.0,2025-05
2025-05-29 16:00:00+00:00,2025-06-03 04:00:00+00:00,HTF,buy,3311.6,3371.728988398294,3249.86329466098,3404.2050580085297,0.02,stop_loss,WEAK,684,120.2579767965881,123.47341067803971,0.9739584914371893,87.07947679550308,trail,3107.502027010062,1.5,80.63999999999987,39.779999999999745,60.12898839829404,61.73670533901986,6480.0,2025-05
2025-06-04 10:05:00+00:00,2025-06-05 07:15:00+00:00,HTF,buy,3361.7799999999997,3364.889642526449,3328.6835747355117,3394.876425264488,0.02,stop_loss,RANGING,242,6.219285052898158,66.19285052897612,0.09395705130081454,69.10111837528112,locked,3113.7213120629604,1.0,22.870000000000346,17.979999999999563,3.109642526449079,33.09642526448806,1270.0,2025-06
2025-06-05 08:15:00+00:00,2025-06-05 12:30:00+00:00,HTF,buy,3367.85,3383.0939056465522,3343.9695282327602,3391.7304717672396,0.02,stop_loss,RANGING,51,30.487811293104645,47.76094353447934,0.6383418968910244,92.04173273558688,trail,3144.209123356065,1.0,21.980000000000018,6.650000000000091,15.24390564655232,23.88047176723967,255.0,2025-06
2025-06-05 16:40:00+00:00,2025-06-05 18:30:00+00:00,HTF,buy,3385.02,3357.1060723624105,3357.3060723624103,3412.7339276375897,0.02,stop_loss,RANGING,22,-55.827855275179,55.42785527517936,-1.007216588085788,0.7938246894366707,raw,3088.381268080886,1.0,0.2199999999997999,32.23000000000002,-27.913927637589495,27.713927637589677,110.0,2025-06
2025-06-06 08:00:00+00:00,2025-06-06 17:15:00+00:00,HTF,buy,3375.04,3330.572888605272,3330.772888605272,3419.307111394728,0.02,stop_loss,RANGING,111,-88.93422278945582,88.53422278945618,-1.0045180268984897,1.2650475315781224,raw,2999.44704529143,1.0,0.5599999999999454,51.36000000000013,-44.46711139472791,44.26711139472809,555.0,2025-06
2025-06-09 08:20:00+00:00,2025-06-10 16:20:00+00:00,HTF,sell,3310.42,3344.509891469754,3344.3098914697543,3276.530108530246,0.02,stop_loss,RANGING,372,-68.17978293950819,67.77978293950855,-1.005901464753238,25.022210553752195,raw,2931.267262351922,1.0,8.480000000000018,34.25999999999976,-34.08989146975409,33.889891469754275,1920.0,2025-06
2025-06-11 12:15:00+00:00,2025-06-11 15:50:00+00:00,HTF,buy,3340.97,3343.4415366147086,3314.254633852911,3367.6853661470886,0.02,stop_loss,RANGING,43,4.943073229417678,53.43073229417769,0.09251367176107975,73.77776479454249,locked,2936.2103355813397,1.0,19.710000000000036,14.75,2.471536614708839,26.715366147088844,215.0,2025-06
2025-06-12 06:00:00+00:00,2025-06-13 06:15:00+00:00,HTF,buy,3374.0,3428.2294614409425,3295.3973072047106,3452.6026927952894,0.02,stop_loss,RANGING,279,108.45892288188497,157.20538559057877,0.6899186212637288,89.56436159680668,trail,3044.6692584632247,1.0,70.40000000000009,35.32999999999993,54.22946144094249,78.60269279528939,1455.0,2025-06
2025-06-13 07:10:00+00:00,2025-06-13 17:00:00+00:00,HTF,buy,3428.16,3431.4342889627283,3393.4171103727176,3462.902889627282,0.02,stop_loss,RANGING,118,6.5485779254568115,69.48577925456448,0.09424342643500885,53.651265625767245,locked,3051.2178363886815,1.0,18.640000000000327,20.25,3.2742889627284057,34.74288962728224,590.0,2025-06
2025-06-19 12:30:00+00:00,2025-06-20 06:15:00+00:00,HTF,sell,3371.3500000000004,3349.5410116209605,3393.655058104803,3349.0449418951976,0.02,stop_loss,RANGING,171,43.61797675807975,44.61011620960562,0.9777597653665775,118.6726341425698,trail,3094.835813146761,1.0,26.470000000000255,7.649999999999636,21.808988379039874,22.30505810480281,1065.0,2025-06
2025-06-20 06:50:00+00:00,2025-06-23 01:00:00+00:00,HTF,sell,3354.6200000000003,3392.64,3389.5782655566113,3319.6617344433894,0.02,stop_gap,RANGING,206,-76.03999999999905,69.91653111322194,-1.0875825615098216,40.76289190298697,raw,3018.795813146762,1.0,14.250000000000455,42.07999999999947,-38.01999999999953,34.95826555661097,3970.0,2025-06
2025-06-23 09:10:00+00:00,2025-06-23 16:50:00+00:00,HTF,sell,3356.27,3386.5168516585854,3386.3168516585856,3326.2231483414143,0.02,stop_loss,RANGING,92,-60.49370331717091,60.093703317171276,-1.0066562714214575,15.375986983580573,raw,2958.3021098295912,1.0,4.619999999999891,31.420000000000073,-30.246851658585456,30.046851658585638,460.0,2025-06
2025-06-24 07:10:00+00:00,2025-06-24 15:50:00+00:00,HTF,sell,3348.8700000000003,3315.616565448242,3392.1528272412097,3305.587172758791,0.02,stop_loss,RANGING,104,66.50686910351669,86.56565448241872,0.7682824036988489,102.23454155016532,trail,3024.808978933108,1.0,44.250000000000455,1.6599999999998545,33.253434551758346,43.28282724120936,520.0,2025-06
2025-06-24 16:20:00+00:00,2025-06-30 01:40:00+00:00,HTF,sell,3312.13,3264.527417639494,3391.367088197472,3232.892911802528,0.02,stop_loss,RANGING,928,95.2051647210119,158.47417639494415,0.6007613788365412,80.32854493766057,trail,3120.01414365412,1.0,63.65000000000009,38.15000000000009,47.60258236050595,79.23708819747208,7760.0,2025-06
2025-06-30 13:15:00+00:00,2025-07-01 16:15:00+00:00,HTF,buy,3286.87,3346.690984333642,3266.3719686672844,3338.115078331789,0.02,stop_loss,STRONG,312,119.64196866728433,40.996062665431054,2.918377055954926,138.64746101075912,trail,3239.656112321404,2.5,71.05000000000018,12.230000000000018,59.82098433364217,20.498031332715527,1620.0,2025-06
2025-07-02 15:55:00+00:00,2025-07-03 02:20:00+00:00,HTF,buy,3346.8399999999997,3350.147192815625,3323.4587145624964,3381.9119281562544,0.02,stop_loss,WEAK,113,6.614385631251025,46.76257087500653,0.14144615036095579,53.88925272598534,locked,3246.270497952655,1.5,18.90000000000009,12.949999999999818,3.3071928156255126,23.381285437503266,625.0,2025-07
2025-07-03 12:50:00+00:00,2025-07-03 15:30:00+00:00,HTF,buy,3347.1099999999997,3333.512591069951,3333.712591069951,3367.206113395073,0.02,stop_loss,WEAK,32,-27.19481786009692,26.794817860097282,-1.0149282597138052,40.90343161586404,raw,3219.0756800925583,1.5,8.220000000000255,19.20999999999958,-13.59740893004846,13.397408930048641,160.0,2025-07
2025-07-04 13:30:00+00:00,2025-07-07 04:10:00+00:00,HTF,buy,3335.5299999999997,3313.4439049067214,3313.643904906721,3357.4160950932783,0.02,stop_loss,RANGING,112,-44.17219018655669,43.772190186557054,-1.0091382221975833,33.03467324429605,raw,3174.9034899060016,1.0,7.230000000000473,24.759999999999764,-22.086095093278345,21.886095093278527,3760.0,2025-07
2025-07-07 08:00:00+00:00,2025-07-07 20:10:00+00:00,HTF,sell,3307.44,3332.007676260083,3331.807676260083,3283.072323739917,0.02,stop_loss,RANGING,146,-49.135352520165725,48.73535252016609,-1.0082075942681263,45.10073050339673,raw,3125.768137385836,1.0,10.990000000000236,25.079999999999927,-24.567676260082862,24.367676260083044,730.0,2025-07
2025-07-09 06:00:00+00:00,2025-07-10 11:55:00+00:00,HTF,sell,3287.9700000000003,3330.164076585755,3329.9640765857553,3245.9759234142452,0.02,stop_loss,RANGING,347,-84.38815317150966,83.98815317151002,-1.004762576445547,12.38269875843439,raw,3041.379984214326,1.0,5.200000000000273,42.13999999999987,-42.19407658575483,41.99407658575501,1795.0,2025-07
2025-07-11 06:05:00+00:00,2025-07-11 16:20:00+00:00,HTF,buy,3335.0299999999997,3352.8428542189117,3310.894271094558,3359.1657289054415,0.02,stop_loss,RANGING,123,35.62570843782396,48.271457810883476,0.7380284344715118,96.74454039271124,trail,3077.00569265215,1.0,23.350000000000364,5.4699999999998,17.81285421891198,24.135728905441738,615.0,2025-07
2025-07-11 17:55:00+00:00,2025-07-15 18:25:00+00:00,HTF,buy,3361.3599999999997,3333.3541920214675,3333.5541920214673,3389.165807978532,0.02,stop_loss,RANGING,558,-56.01161595706435,55.61161595706472,-1.0071927418960178,48.76679005504706,raw,3020.994076695086,1.0,13.5600000000004,28.649999999999636,-28.005807978532175,27.805807978532357,5790.0,2025-07
2025-07-16 11:55:00+00:00,2025-07-16 16:50:00+00:00,HTF,buy,3342.3399999999997,3322.2412395096712,3322.441239509671,3362.2387604903283,0.02,stop_loss,RANGING,59,-40.19752098065692,39.79752098065728,-1.0100508772944436,3.2665351206976396,raw,2980.796555714429,1.0,0.650000000000091,20.33999999999969,-20.09876049032846,19.89876049032864,295.0,2025-07
2025-07-17 08:10:00+00:00,2025-07-17 15:30:00+00:00,HTF,sell,3339.9900000000002,3317.409518657393,3362.5704813426073,3317.409518657393,0.02,take_profit,RANGING,88,45.160962685214145,45.160962685214145,1.0,121.29945143515688,locked,3025.957518399643,1.0,27.390000000000327,1.2899999999999636,22.580481342607072,22.580481342607072,440.0,2025-07
2025-07-17 16:05:00+00:00,2025-07-21 08:10:00+00:00,HTF,sell,3315.0,3361.9231628661105,3361.7231628661107,3268.2768371338893,0.02,stop_loss,RANGING,454,-93.84632573222098,93.44632573222134,-1.0042805321329151,4.83700131019907,raw,2932.111192667422,1.0,2.2600000000002183,48.26000000000022,-46.92316286611049,46.72316286611067,5285.0,2025-07
2025-07-21 08:45:00+00:00,2025-07-21 16:50:00+00:00,HTF,buy,3367.73,3388.9593244447838,3337.6766222239166,3397.7833777760834,0.02,stop_loss,RANGING,97,42.458648889567485,60.10675555216676,0.7063873020515564,91.30421280577964,trail,2974.5698415569896,1.0,27.440000000000055,4.880000000000109,21.229324444783742,30.05337777608338,485.0,2025-07
2025-07-21 17:20:00+00:00,2025-07-23 04:00:00+00:00,HTF,buy,3396.23,3428.3193760698823,3344.9768803494103,3447.4831196505897,0.02,stop_loss,RANGING,388,64.17875213976458,102.50623930117946,0.6260960559795518,82.99982574721282,trail,3038.748593696754,1.0,42.539999999999964,12.9699999999998,32.08937606988229,51.253119650589724,2080.0,2025-07
2025-07-23 06:10:00+00:00,2025-07-23 19:20:00+00:00,HTF,buy,3424.85,3381.9303938292296,3382.1303938292294,3488.929409256156,0.02,stop_loss,WEAK,158,-85.83921234154059,85.43921234154095,-1.004681691099874,14.029467662635467,raw,2952.9093813552136,1.5,8.990000000000236,43.32999999999993,-42.919606170770294,42.719606170770476,790.0,2025-07
2025-07-24 12:15:00+00:00,2025-07-28 18:30:00+00:00,HTF,sell,3364.3300000000004,3315.4785373642667,3408.958457880891,3297.387313178665,0.02,stop_loss,WEAK,623,97.7029252714674,89.25691576178087,1.0946258274510425,93.40826155796177,trail,3050.612306626681,1.5,62.5300000000002,13.05999999999949,48.8514626357337,44.62845788089044,6135.0,2025-07
2025-07-29 06:05:00+00:00,2025-07-29 18:05:00+00:00,HTF,sell,3316.11,3333.274569422536,3333.074569422536,3273.6985764436604,0.02,stop_loss,STRONG,144,-34.32913884507161,33.929138845071975,-1.0117892765220515,16.858665426549436,raw,3016.2831677816093,2.5,7.150000000000091,18.029999999999745,-17.164569422535806,16.964569422535988,720.0,2025-07
2025-07-30 06:10:00+00:00,2025-07-30 16:35:00+00:00,HTF,sell,3326.2200000000003,3307.35,3343.091465649255,3300.912801526118,0.02,stop_gap,WEAK,125,37.74000000000069,33.742931298509575,1.1184564751097266,96.05962518960396,trail,3054.02316778161,1.5,24.3100000000004,7.829999999999927,18.870000000000346,16.871465649254787,625.0,2025-07
2025-07-31 06:05:00+00:00,2025-07-31 10:45:00+00:00,HTF,sell,3295.17,3306.885323499756,3306.685323499756,3266.38169125061,0.02,stop_loss,STRONG,56,-23.430646999511737,23.0306469995121,-1.0173681616503483,5.9051749611247555,raw,3030.5925207820983,2.5,1.7000000000002728,14.489999999999782,-11.715323499755868,11.51532349975605,280.0,2025-07
2025-07-31 11:55:00+00:00,2025-08-01 04:50:00+00:00,HTF,buy,3310.24,3284.9462285954223,3285.146228595422,3372.974428511444,0.02,stop_loss,STRONG,189,-50.58754280915492,50.187542809155275,-1.0079701052813184,4.622661063168957,raw,2980.0049779729434,2.5,2.900000000000091,28.31999999999971,-25.293771404577456,25.093771404577637,1015.0,2025-07
2025-08-01 09:25:00+00:00,2025-08-01 15:30:00+00:00,HTF,sell,3291.86,3308.534775717124,3308.334775717124,3250.6730607071904,0.02,stop_loss,STRONG,73,-33.34955143424759,32.94955143424795,-1.0121397707279218,15.903099653592518,raw,2946.655426538696,2.5,6.550000000000182,38.83999999999969,-16.674775717123794,16.474775717123975,365.0,2025-08
2025-08-01 16:00:00+00:00,2025-09-02 10:50:00+00:00,HTF,buy,3344.64,3475.0969787298927,3277.853957459785,3511.6051063505374,0.02,stop_loss,STRONG,5937,260.9139574597857,133.57208508043004,1.9533569256081997,98.25406253183392,trail,3207.5693839984815,2.5,164.05000000000018,33.08999999999969,130.45697872989285,66.78604254021502,45770.0,2025-08
2025-09-02 11:40:00+00:00,2025-09-03 01:35:00+00:00,HTF,buy,3479.9399999999996,3531.2973061454354,3462.8346122908697,3522.7034692728243,0.02,stop_loss,STRONG,153,102.71461229087163,34.2107754182598,3.002405266618082,140.8445129082998,trail,3310.283996289353,2.5,60.23000000000047,5.9099999999994,51.357306145435814,17.1053877091299,835.0,2025-09
2025-09-03 07:15:00+00:00,2025-09-03 21:30:00+00:00,HTF,buy,3533.3999999999996,3568.8159878549923,3514.511975709984,3580.6200607250385,0.02,stop_loss,STRONG,171,70.83197570998527,37.776048580030874,1.8750498893478336,95.42554437272668,trail,3381.1159719993384,2.5,45.0600000000004,6.309999999999491,35.415987854992636,18.888024290015437,855.0,2025-09
2025-09-04 12:40:00+00:00,2025-09-09 09:05:00+00:00,HTF,buy,3540.49,3638.2111306760985,3500.1522613521965,3641.334346619508,0.02,stop_loss,STRONG,779,195.44226135219742,80.67547729560647,2.4225733507106386,117.73590090079675,trail,3576.558233351536,2.5,118.73000000000002,5.419999999999618,97.72113067609871,40.337738647803235,6985.0,2025-09
2025-09-09 09:55:00+00:00,2025-09-11 12:15:00+00:00,HTF,buy,3647.68,3617.05616528566,3617.25616528566,3723.73958678585,0.02,stop_loss,STRONG,580,-61.24766942867973,60.84766942868009,-1.0065737932735201,34.762218830406354,raw,3515.310563922856,2.5,26.440000000000055,33.51999999999998,-30.623834714339864,30.423834714340046,3020.0,2025-09
2025-09-12 06:45:00+00:00,2025-09-16 15:30:00+00:00,HTF,buy,3651.3999999999996,3688.887709085802,3619.0590302860055,3699.911454570991,0.02,stop_loss,WEAK,657,74.97541817160436,64.68193942798825,1.1591399211997353,99.11061299891674,trail,3590.2859820944605,1.5,48.08000000000038,24.70999999999958,37.48770908580218,32.34096971399413,6285.0,2025-09
2025-09-16 16:55:00+00:00,2025-09-17 09:30:00+00:00,HTF,buy,3695.8999999999996,3673.7900872711243,3673.990087271124,3728.764869093313,0.02,stop_loss,WEAK,187,-44.21982545775063,43.819825457750994,-1.0091282882992152,21.786181407480782,raw,3546.06615663671,1.5,7.160000000000309,21.909999999999854,-22.109912728875315,21.909912728875497,995.0,2025-09
2025-09-17 12:55:00+00:00,2025-09-17 21:05:00+00:00,HTF,sell,3667.61,3701.1435655545497,3700.94356555455,3617.6096516681755,0.02,stop_loss,WEAK,98,-67.06713110909914,66.6671311090995,-1.0059999582004668,32.29977497920911,raw,3478.9990255276107,1.5,16.15000000000009,39.809999999999945,-33.53356555454957,33.33356555454975,490.0,2025-09
2025-09-18 13:10:00+00:00,2025-09-18 16:50:00+00:00,HTF,sell,3667.25,3636.3399999999997,3694.7676556060414,3625.973516590938,0.02,stop_gap,WEAK,44,61.82000000000062,55.035311212082895,1.1232788302363257,95.62345611868245,trail,3540.8190255276113,1.5,39.4699999999998,5.170000000000073,30.91000000000031,27.517655606041444,220.0,2025-09
2025-09-22 06:25:00+00:00,2025-09-22 09:55:00+00:00,HTF,buy,3691.73,3714.2156907575413,3674.115635858471,3718.151546212294,0.02,stop_loss,WEAK,42,44.97138151508261,35.228728283058445,1.2765542131905292,106.16335537149084,trail,3585.790407042694,1.5,28.050000000000182,1.6300000000001091,22.485690757541306,17.614364141529222,210.0,2025-09
2025-09-22 10:30:00+00:00,2025-09-23 12:40:00+00:00,HTF,buy,3713.8799999999997,3779.061887284625,3674.1529576154153,3773.470563576876,0.02,stop_loss,WEAK,297,130.36377456925038,79.45408476916873,1.6407435180706604,129.7185248135426,trail,3716.1541816119443,1.5,77.30000000000018,1.8499999999994543,65.18188728462519,39.727042384584365,1570.0,2025-09
2025-09-23 13:35:00+00:00,2025-09-24 19:15:00+00:00,HTF,buy,3784.8799999999997,3737.321990918262,3737.521990918262,3903.275022704344,0.02,stop_loss,STRONG,344,-95.11601816347502,94.71601816347538,-1.0042231505056436,3.3531815014843396,raw,3621.0381634484693,2.5,3.9700000000002547,47.379999999999654,-47.55800908173751,47.35800908173769,1780.0,2025-09
2025-09-25 13:05:00+00:00,2025-09-25 15:50:00+00:00,HTF,buy,3757.6099999999997,3734.387546261256,3734.5875462612557,3792.1436806081156,0.02,stop_loss,WEAK,33,-46.444907477487504,46.04490747748787,-1.0086871713271484,9.17944436903008,raw,3574.5932559709818,1.5,3.1700000000005275,27.03999999999951,-23.222453738743752,23.022453738743934,165.0,2025-09
2025-09-29 06:00:00+00:00,2025-09-30 09:50:00+00:00,HTF,buy,3797.02,3858.6434101580703,3732.9370507903513,3861.1029492096486,0.02,stop_loss,RANGING,322,123.24682031614064,128.16589841929726,0.9616194466404491,116.47404016287335,trail,3697.8400762871224,1.0,74.63999999999987,4.829999999999927,61.62341015807033,64.08294920964863,1670.0,2025-09
2025-10-01 06:45:00+00:00,2025-10-01 15:55:00+00:00,HTF,buy,3863.29,3869.3458703832785,3838.266518466886,3925.8487038327853,0.02,stop_loss,STRONG,110,12.111740766556977,50.04696306622828,0.24200750703952278,51.23187987664737,locked,3709.9518170536794,2.5,32.05000000000018,9.940000000000055,6.055870383278489,25.023481533114136,550.0,2025-10
2025-10-01 16:55:00+00:00,2025-10-02 17:40:00+00:00,HTF,buy,3873.0,3840.032144556285,3840.2321445562848,3954.919638609288,0.02,stop_loss,STRONG,285,-65.9357108874301,65.53571088743047,-1.0061035425508196,29.07727671213071,raw,3644.0161061662493,2.5,23.820000000000164,36.51000000000022,-32.96785544371505,32.767855443715234,1485.0,2025-10
2025-10-03 16:00:00+00:00,2025-10-06 02:05:00+00:00,HTF,buy,3872.33,3909.45234647647,3841.0044882549,3919.31826761765,0.02,stop_loss,WEAK,109,74.24469295294057,62.65102349019981,1.185051557291068,103.5790474252737,trail,3718.26079911919,1.5,48.67000000000007,5.949999999999818,37.122346476470284,31.325511745099902,3485.0,2025-10
2025-10-06 06:05:00+00:00,2025-10-07 01:40:00+00:00,HTF,buy,3923.79,3960.6572434048953,3882.6474780163176,3985.503782975524,0.02,stop_loss,WEAK,223,73.73448680979072,82.2850439673648,0.8960861324815561,84.94050675971405,trail,3791.9952859289806,1.5,52.42000000000007,3.480000000000018,36.86724340489536,41.1425219836824,1175.0,2025-10
2025-10-07 06:05:00+00:00,2025-10-07 10:55:00+00:00,HTF,buy,3964.72,3943.2834125465024,3943.483412546502,4017.811468633744,0.02,stop_loss,STRONG,58,-42.87317490699479,42.473174906995155,-1.0094177089627872,22.922703615444906,raw,3749.122111021986,2.5,12.170000000000073,21.529999999999745,-21.436587453497395,21.236587453497577,290.0,2025-10
2025-10-08 06:00:00+00:00,2025-10-09 19:55:00+00:00,HTF,buy,4012.66,3966.439432645141,3966.639432645141,4127.711418387147,0.02,stop_loss,STRONG,443,-92.44113470971752,92.04113470971788,-1.0043458829713603,40.4949375271716,raw,3656.6809763122683,2.5,46.590000000000146,48.73999999999978,-46.22056735485876,46.02056735485894,2275.0,2025-10
2025-10-10 16:25:00+00:00,2025-10-13 09:05:00+00:00,HTF,buy,3992.98,4059.852400148598,3958.1848002971965,4079.967999257009,0.02,stop_loss,STRONG,188,133.74480029719598,69.59039940560706,1.9218857980346618,97.8985615572002,trail,3790.4257766094643,2.5,85.15999999999985,22.25,66.87240014859799,34.79519970280353,3880.0,2025-10
2025-10-13 09:45:00+00:00,2025-10-14 08:35:00+00:00,HTF,buy,4068.25,4154.813678958746,3994.395596529154,4179.031605206269,0.02,stop_loss,WEAK,262,173.1273579174922,147.70880694169227,1.1720855479242605,100.5130768710862,trail,3963.5531345269565,1.5,111.35000000000036,1.8299999999999272,86.5636789587461,73.85440347084614,1370.0,2025-10
2025-10-14 10:15:00+00:00,2025-10-16 08:30:00+00:00,HTF,buy,4121.599999999999,4212.93914226463,4066.03828452926,4260.504288676848,0.02,stop_loss,STRONG,531,182.67828452926187,111.12343094147855,1.643922285170142,86.77917805722267,trail,4146.231419056218,2.5,120.54000000000087,23.8799999999992,91.33914226463094,55.56171547073927,2775.0,2025-10
2025-10-16 17:05:00+00:00,2025-10-17 01:35:00+00:00,HTF,buy,4260.849999999999,4354.127179888395,4211.14435977679,4385.114100558023,0.02,stop_loss,STRONG,90,186.5543597767919,99.41128044641846,1.8765914586256895,95.22460587460509,trail,4332.78577883301,2.5,118.33000000000084,6.469999999999345,93.27717988839595,49.70564022320923,510.0,2025-10
2025-10-17 06:10:00+00:00,2025-10-17 17:00:00+00:00,HTF,buy,4359.42,4246.778538269267,4246.978538269267,4640.523654326833,0.02,stop_loss,STRONG,130,-225.28292346146554,224.8829234614659,-1.0017787033085603,6.791089232089682,raw,4107.502855371545,2.5,19.090000000000146,122.39000000000033,-112.64146173073277,112.44146173073295,650.0,2025-10
2025-10-20 10:55:00+00:00,2025-10-20 23:15:00+00:00,HTF,buy,4255.349999999999,4350.191861978663,4193.0737239573255,4411.040690106684,0.02,stop_loss,STRONG,148,189.68372395732695,124.55255208534798,1.5229212150333835,81.04530843400919,trail,4297.186579328872,2.5,126.18000000000029,9.669999999999163,94.84186197866347,62.276276042674,740.0,2025-10
2025-10-21 06:25:00+00:00,2025-10-21 11:10:00+00:00,HTF,buy,4349.0199999999995,4254.212100706587,4254.412100706587,4585.539748233531,0.02,stop_loss,STRONG,57,-189.6157985868249,189.21579858682526,-1.0021139883825085,0.6553363985783396,raw,4107.570780742047,2.5,1.550000000000182,104.42999999999938,-94.80789929341245,94.60789929341263,285.0,2025-10
2025-10-21 11:55:00+00:00,2025-10-21 17:50:00+00:00,HTF,sell,4273.66,4113.41,4377.251457162129,4118.272814256807,0.02,stop_gap,WEAK,71,320.5,207.18291432425758,1.5469422324004587,124.20586618961562,trail,4428.070780742047,1.5,193.0,4.369999999999891,160.25,103.59145716212879,355.0,2025-10
2025-10-22 10:25:00+00:00,2025-10-22 15:30:00+00:00,HTF,sell,4141.66,4046.0608703273115,4202.761740654623,3988.9056483634413,0.02,stop_loss,STRONG,61,191.19825934537675,122.20348130924685,1.5645893005415488,82.84543035546008,trail,4619.2690400874235,2.5,126.54999999999973,6.230000000000473,95.59912967268838,61.10174065462343,305.0,2025-10
2025-10-22 17:55:00+00:00,2025-10-23 09:00:00+00:00,HTF,sell,4015.09,4124.658076785983,4124.458076785983,3741.669808035042,0.02,stop_loss,STRONG,169,-219.13615357196613,218.73615357196653,-1.0018286871807316,0.10606385648252722,raw,4400.132886515457,2.5,0.2899999999999636,109.53999999999996,-109.56807678598307,109.36807678598325,905.0,2025-10
2025-10-27 06:10:00+00:00,2025-10-28 12:35:00+00:00,HTF,sell,4057.23,3915.228413301307,4151.924711004357,3915.1879334934647,0.02,stop_loss,WEAK,353,284.0031733973865,189.38942200871406,1.4995725230330927,120.11230489395224,trail,4684.136059912844,1.5,170.61000000000013,27.289999999999964,142.00158669869325,94.69471100435703,1825.0,2025-10
2025-10-28 13:40:00+00:00,2025-10-29 11:45:00+00:00,HTF,sell,3927.42,4026.5629286429153,4026.3629286429154,3779.005607035627,0.02,stop_loss,WEAK,253,-198.2858572858304,197.88585728583075,-1.0020213672946918,14.71555390537009,raw,4485.8502026270135,1.5,21.840000000000146,100.63999999999987,-99.1429286429152,98.94292864291538,1325.0,2025-10
2025-10-29 16:35:00+00:00,2025-10-29 20:35:00+00:00,HTF,buy,4013.89,3975.3087977476916,3975.5087977476915,4071.4618033784627,0.02,stop_loss,WEAK,48,-77.16240450461646,76.76240450461682,-1.0052108841897414,2.0148752200356745,raw,4408.687798122397,1.5,1.1600000000003092,62.40000000000009,-38.58120225230823,38.38120225230841,240.0,2025-10
2025-10-30 07:25:00+00:00,2025-10-30 19:45:00+00:00,HTF,sell,3950.04,4017.1025529840117,4016.902552984012,3849.746170523982,0.02,stop_loss,WEAK,148,-134.1251059680235,133.72510596802385,-1.002991210940564,2.851621096673755,raw,4274.5626921543735,1.5,2.8600000000001273,67.7800000000002,-67.06255298401175,66.86255298401193,740.0,2025-10
2025-10-31 16:35:00+00:00,2025-11-03 02:10:00+00:00,HTF,buy,4016.29,3968.062455487188,3968.2624554871877,4088.3313167692186,0.02,stop_loss,WEAK,91,-96.45508902562415,96.05508902562451,-1.0041642770212094,8.536767893487236,raw,4178.107603128749,1.5,6.150000000000091,49.69999999999982,-48.227544512812074,48.027544512812256,3455.0,2025-10
2025-11-04 06:15:00+00:00,2025-11-04 08:55:00+00:00,HTF,sell,3990.3100000000004,3986.25720875826,4032.837912417406,3947.7820875825946,0.02,stop_loss,RANGING,32,8.105582483481157,85.05582483481157,0.09529720626686242,55.02268667771102,locked,4186.2131856122305,1.0,23.400000000000546,3.069999999999709,4.052791241740579,42.52791241740579,160.0,2025-11
2025-11-04 10:10:00+00:00,2025-11-04 16:35:00+00:00,HTF,sell,3991.4900000000002,3942.2661542406995,4032.620771203497,3950.3592287965034,0.02,stop_loss,RANGING,77,98.44769151860146,82.26154240699361,1.1967644738719578,141.52421240049884,trail,4284.660877130832,1.0,58.210000000000036,9.199999999999818,49.22384575930073,41.130771203496806,385.0,2025-11
2025-11-04 17:05:00+00:00,2025-11-10 03:15:00+00:00,HTF,sell,3952.71,4030.918566196279,4030.718566196279,3874.701433803721,0.02,stop_loss,RANGING,938,-156.4171323925575,156.01713239255787,-1.0025638209975118,30.355640610568468,raw,4128.2437447382745,1.0,23.679999999999836,82.19999999999982,-78.20856619627875,78.00856619627893,7810.0,2025-11
2025-11-10 12:05:00+00:00,2025-11-10 16:15:00+00:00,HTF,buy,4079.3999999999996,4082.8110591448426,4043.2894085515736,4115.510591448426,0.02,stop_loss,RANGING,50,6.822118289685932,72.22118289685204,0.09446145875829033,72.85951003482441,locked,4135.06586302796,1.0,26.3100000000004,3.639999999999418,3.411059144842966,36.11059144842602,250.0,2025-11
2025-11-10 17:10:00+00:00,2025-11-11 03:50:00+00:00,HTF,buy,4087.7599999999998,4131.950896757801,4043.564483789008,4131.955516210992,0.02,stop_loss,RANGING,116,88.38179351560302,88.39103242198325,0.9998954768812279,120.44208228245769,trail,4223.447656543563,1.0,53.23000000000002,9.599999999999909,44.19089675780151,44.19551621099163,640.0,2025-11
2025-11-11 06:00:00+00:00,2025-11-13 12:55:00+00:00,HTF,buy,4148.36,4221.906435543148,4086.748118477158,4240.777822284262,0.02,stop_loss,WEAK,635,147.09287108629724,123.22376304568297,1.1937053978116643,99.79676832929061,trail,4370.540527629861,1.5,92.23000000000047,51.19999999999982,73.54643554314862,61.611881522841486,3295.0,2025-11
2025-11-13 13:55:00+00:00,2025-11-13 20:30:00+00:00,HTF,buy,4230.74,4174.490131485829,4174.690131485829,4314.814802771256,0.02,stop_loss,WEAK,79,-112.49973702834177,112.09973702834213,-1.0035682510111377,17.424959104405,raw,4258.040790601519,1.5,14.650000000000546,70.94999999999982,-56.249868514170885,56.04986851417107,395.0,2025-11
2025-11-14 07:00:00+00:00,2025-11-14 09:20:00+00:00,HTF,buy,4199.599999999999,4168.760913719817,4168.960913719817,4245.558629420273,0.02,stop_loss,WEAK,28,-61.678172560365056,61.27817256036542,-1.0065276098043818,0.3916565882638966,raw,4196.362618041154,1.5,0.18000000000029104,38.36999999999989,-30.839086280182528,30.63908628018271,140.0,2025-11
2025-11-17 06:15:00+00:00,2025-11-17 22:15:00+00:00,HTF,sell,4081.3900000000003,4025.983102115059,4131.5336737168645,4006.174489424704,0.02,stop_loss,WEAK,192,110.81379576988274,100.28734743372843,1.104962875233193,98.91576807887333,trail,4307.176413811037,1.5,74.40000000000055,14.36999999999989,55.40689788494137,50.143673716864214,960.0,2025-11
2025-11-18 06:10:00+00:00,2025-11-19 07:15:00+00:00,HTF,sell,4010.8700000000003,4084.568096952317,4084.368096952317,3827.1247576192086,0.02,stop_loss,STRONG,289,-147.39619390463304,146.9961939046334,-1.0027211588910876,6.808339545507591,raw,4159.7802199064035,2.5,12.510000000000218,78.24999999999955,-73.69809695231652,73.4980969523167,1505.0,2025-11
2025-11-19 16:00:00+00:00,2025-11-19 18:25:00+00:00,HTF,buy,4115.36,4072.5061195744725,4072.7061195744723,4221.994701063818,0.02,stop_loss,STRONG,29,-85.70776085105445,85.30776085105481,-1.004688905159497,16.03605564549426,raw,4074.072459055349,2.5,17.100000000000364,43.85999999999967,-42.85388042552722,42.653880425527404,145.0,2025-11
2025-11-20 12:00:00+00:00,2025-11-24 22:30:00+00:00,HTF,sell,4067.13,4127.747761576987,4127.547761576987,3976.50335763452,0.02,stop_loss,WEAK,678,-121.23552315397319,120.83552315397357,-1.0033102848364377,49.1246269727827,raw,3952.836935901376,1.5,44.51999999999998,63.970000000000255,-60.617761576986595,60.41776157698678,6390.0,2025-11
2025-11-25 06:10:00+00:00,2025-11-28 10:25:00+00:00,HTF,buy,4145.23,4154.276993510041,4052.760064899585,4237.699935100414,0.02,stop_loss,RANGING,877,18.09398702008366,184.93987020082932,0.09783713485056032,51.66003409446128,locked,3970.9309229214596,1.0,47.77000000000044,36.219999999999345,9.04699351004183,92.46993510041466,4575.0,2025-11
2025-11-28 15:55:00+00:00,2025-12-01 01:05:00+00:00,HTF,buy,4182.75,4219.775163136956,4146.000543789852,4237.874184315222,0.02,stop_loss,WEAK,71,74.0503262739112,73.49891242029662,1.007502340313029,87.52963984752556,trail,4044.9812491953708,1.5,48.25,0.0500000000001819,37.0251631369556,36.74945621014831,3430.0,2025-11
2025-12-01 06:00:00+00:00,2025-12-02 11:35:00+00:00,HTF,buy,4238.41,4185.394205468793,4185.594205468793,4317.63369179681,0.02,stop_loss,WEAK,343,-106.03158906241332,105.6315890624137,-1.0037867460250294,33.09616025878755,raw,3938.9496601329574,1.5,26.220000000000255,57.5,-53.015794531206666,52.81579453120685,1775.0,2025-12
2025-12-03 08:25:00+00:00,2025-12-03 16:50:00+00:00,HTF,buy,4209.15,4212.975409560866,4182.313936260892,4249.404095608661,0.02,stop_loss,WEAK,101,7.6508191217326385,53.67212747821577,0.14254734219056106,79.99186048803524,locked,3946.60047925469,1.5,32.20000000000073,14.539999999999964,3.8254095608663192,26.836063739107885,505.0,2025-12
2025-12-03 17:45:00+00:00,2025-12-04 07:50:00+00:00,HTF,buy,4226.429999999999,4176.653290096595,4176.853290096595,4300.795064855107,0.02,stop_loss,WEAK,157,-99.55341980680896,99.15341980680932,-1.0040341523346243,0.0,raw,3847.047059447881,1.5,0.0,51.35999999999967,-49.77670990340448,49.57670990340466,845.0,2025-12
2025-12-09 07:55:00+00:00,2025-12-09 18:10:00+00:00,HTF,sell,4179.55,4220.112084683149,4219.912084683149,4139.187915316851,0.02,stop_loss,RANGING,123,-81.12416936629779,80.72416936629816,-1.0049551454433006,22.99187485693495,raw,3765.9228900815833,1.0,9.279999999999745,40.92999999999938,-40.562084683148896,40.36208468314908,615.0,2025-12
2025-12-11 06:00:00+00:00,2025-12-11 17:55:00+00:00,HTF,buy,4215.61,4252.957054120278,4173.995270601395,4257.224729398605,0.02,stop_loss,RANGING,143,74.6941082405574,83.2294587972101,0.8974479627766268,110.2253953417212,trail,3840.6169983221407,1.0,45.86999999999989,11.269999999999527,37.3470541202787,41.61472939860505,715.0,2025-12
2025-12-12 06:10:00+00:00,2025-12-12 11:30:00+00:00,HTF,buy,4269.22,4309.769451737481,4233.717258687408,4304.722741312593,0.02,stop_loss,RANGING,64,81.09890347496184,71.00548262518532,1.142149880214974,137.00350508637212,trail,3921.7159017971026,1.0,48.63999999999942,3.1500000000005457,40.54945173748092,35.50274131259266,320.0,2025-12
2025-12-12 12:10:00+00:00,2025-12-23 08:10:00+00:00,HTF,buy,4319.59,4472.505991432327,4244.743304774425,4431.8600428383625,0.02,stop_loss,WEAK,1833,305.8319828646545,149.69339045114975,2.0430560223329186,158.72444286545638,trail,4227.547884661757,1.5,178.19999999999982,62.150000000000546,152.91599143232725,74.84669522557488,15600.0,2025-12
2025-12-23 08:55:00+00:00,2025-12-23 16:55:00+00:00,HTF,buy,4481.67,4444.114184150159,4444.314184150159,4575.059539624603,0.02,stop_loss,STRONG,96,-75.11163169968131,74.71163169968167,-1.005353918672363,16.82201246857993,raw,4152.436252962076,2.5,15.710000000000036,40.10999999999967,-37.555815849840656,37.35581584984084,480.0,2025-12
2025-12-23 17:40:00+00:00,2025-12-23 23:05:00+00:00,HTF,buy,4453.45,4490.60772769953,4423.009092331769,4499.111361502346,0.02,stop_loss,WEAK,65,74.31545539906074,60.88181533646093,1.220651108846859,101.81474767810208,trail,4226.7517083611365,1.5,46.48999999999978,2.0599999999994907,37.15772769953037,30.440907668230466,325.0,2025-12
2025-12-24 06:00:00+00:00,2025-12-29 13:40:00+00:00,HTF,buy,4493.929999999999,4441.627672032248,4441.827672032247,4624.185819919379,0.02,stop_loss,STRONG,584,-104.60465593550362,104.204655935504,-1.0038386000741386,42.984643630246175,raw,4122.147052425633,2.5,55.99000000000069,59.66999999999916,-52.30232796775181,52.10232796775199,7660.0,2025-12
2025-12-29 15:55:00+00:00,2026-01-02 10:45:00+00:00,HTF,sell,4421.29,4395.098580161036,4526.8556793558555,4157.375801610361,0.02,stop_loss,STRONG,756,52.382839677928125,211.1313587117111,0.2481054448640866,55.62413879046664,locked,4174.529892103561,2.5,146.80000000000018,0.1999999999998181,26.191419838964066,105.56567935585554,5450.0,2025-12
2026-01-02 11:30:00+00:00,2026-01-02 17:00:00+00:00,HTF,buy,4388.46,4345.400760323341,4345.600760323341,4495.608099191648,0.02,stop_loss,STRONG,66,-86.11847935331753,85.71847935331789,-1.0046664383574853,12.926034250246381,raw,4088.4114127502435,2.5,13.850000000000364,46.3100000000004,-43.05923967665876,42.859239676658945,330.0,2026-01
2026-01-05 08:25:00+00:00,2026-01-07 15:05:00+00:00,HTF,buy,4424.24,4434.979778217069,4351.308145219537,4533.637782170694,0.02,stop_loss,WEAK,632,21.47955643413843,145.8637095609247,0.14725771405921087,69.63578098972447,locked,4109.890969184382,1.5,76.18000000000029,28.01000000000022,10.739778217069215,72.93185478046234,3280.0,2026-01
2026-01-07 16:40:00+00:00,2026-01-08 16:45:00+00:00,HTF,sell,4444.02,4437.183580290448,4514.384197095523,4373.655802904478,0.02,stop_loss,RANGING,277,13.672839419105005,140.72839419104457,0.09715764538991019,51.57452440015155,locked,4123.563808603487,1.0,36.29000000000087,24.269999999999527,6.8364197095525014,70.36419709552229,1445.0,2026-01
2026-01-09 06:10:00+00:00,2026-01-09 16:15:00+00:00,HTF,buy,4462.73,4488.248107591037,4422.620537955185,4502.839462044814,0.02,stop_loss,RANGING,121,51.03621518207546,80.21892408962958,0.6362116640339388,84.11980186197107,trail,4174.600023785562,1.0,33.74000000000069,4.489999999999782,25.518107591037733,40.10946204481479,605.0,2026-01
2026-01-09 16:55:00+00:00,2026-01-12 03:00:00+00:00,HTF,buy,4494.23,4587.015242384133,4424.456211920661,4564.003788079338,0.02,stop_loss,RANGING,109,185.5704847682664,139.54757615867675,1.329800845535704,153.26672514670005,trail,4360.170508553829,1.0,106.94000000000051,12.25,92.7852423841332,69.77378807933837,3485.0,2026-01
2026-01-12 07:10:00+00:00,2026-01-12 18:35:00+00:00,HTF,buy,4570.33,4616.462812696912,4504.994063484559,4635.665936515441,0.02,stop_loss,RANGING,137,92.26562539382394,130.67187303088213,0.7060863463097257,91.52696538736755,trail,4452.436133947653,1.0,59.80000000000018,0.6999999999998181,46.13281269691197,65.33593651544106,685.0,2026-01
2026-01-13 16:10:00+00:00,2026-01-16 17:30:00+00:00,HTF,buy,4619.01,4557.609193610466,4557.809193610466,4710.811209584303,0.02,stop_loss,WEAK,842,-122.80161277906882,122.40161277906918,-1.003267930796971,26.034515349225252,raw,4329.634521168584,1.5,23.899999999999636,82.15999999999985,-61.40080638953441,61.20080638953459,4400.0,2026-01
2026-01-19 06:45:00+00:00,2026-01-21 08:40:00+00:00,HTF,buy,4664.11,4859.535147826355,4568.460492754515,4807.584260868227,0.02,stop_loss,WEAK,545,390.85029565271,191.29901449096906,2.0431380511432873,156.34860123518985,trail,4720.484816821294,1.5,224.32000000000062,4.609999999999673,195.425147826355,95.64950724548453,2995.0,2026-01
2026-01-21 15:55:00+00:00,2026-01-21 17:15:00+00:00,HTF,buy,4879.7,4835.243717602996,4835.443717602996,4990.340705992509,0.02,stop_loss,STRONG,16,-88.91256479400727,88.51256479400763,-1.0045191324071394,1.1297831017859068,raw,4631.572252027287,2.5,1.25,51.159999999999854,-44.45628239700363,44.256282397003815,80.0,2026-01
2026-01-22 11:15:00+00:00,2026-01-23 01:15:00+00:00,HTF,buy,4832.3099999999995,4939.583272105393,4794.416544210787,4927.043639473031,0.02,stop_loss,STRONG,156,214.54654421078706,75.78691157842513,2.8309181591173815,134.6723304516549,trail,4846.118796238074,2.5,127.58000000000084,21.609999999999673,107.27327210539352,37.89345578921257,840.0,2026-01
2026-01-23 07:10:00+00:00,2026-01-23 10:25:00+00:00,HTF,buy,4956.46,4914.1815776520025,4914.381577652002,5061.656055869995,0.02,stop_loss,STRONG,39,-84.5568446959951,84.15684469599546,-1.0047530299103369,10.304568845619672,raw,4761.5619515420785,2.5,10.840000000000146,55.100000000000364,-42.27842234799755,42.07842234799773,195.0,2026-01
2026-01-23 11:10:00+00:00,2026-01-26 06:30:00+00:00,HTF,buy,4912.36,5068.733211934075,4864.12642386815,5032.943940329625,0.02,stop_loss,STRONG,220,312.7464238681514,96.46715226369997,3.2419991316135914,149.84582483046353,trail,5074.30837541023,2.5,180.6900000000005,12.61999999999989,156.3732119340757,48.233576131849986,4040.0,2026-01
2026-01-26 07:55:00+00:00,2026-01-26 21:20:00+00:00,HTF,buy,5074.51,5026.415137845816,5026.615137845816,5194.24715538546,0.02,stop_loss,STRONG,161,-96.18972430836766,95.78972430836802,-1.0041758132501974,30.500139979468926,raw,4978.118651101862,2.5,36.51999999999953,54.23999999999978,-48.09486215418383,47.89486215418401,805.0,2026-01
2026-01-27 08:00:00+00:00,2026-01-28 13:00:00+00:00,HTF,buy,5084.08,5259.4589794952835,4980.277958990566,5343.585102523585,0.02,stop_loss,STRONG,336,350.7579589905672,207.6040820188682,1.6895523227654472,87.65916268614635,trail,5328.8766100924295,2.5,227.48000000000047,37.43000000000029,175.3789794952836,103.8020410094341,1740.0,2026-01
2026-01-28 14:15:00+00:00,2026-01-29 17:15:00+00:00,HTF,buy,5261.7699999999995,5309.0540904123945,5071.833638350419,5736.610904123951,0.02,stop_loss,STRONG,312,94.56818082479003,379.8727232991605,0.24894701573588615,70.81529773016857,locked,5423.4447909172195,2.5,336.2600000000002,26.539999999999964,47.28409041239502,189.93636164958025,1620.0,2026-01
2026-01-30 12:10:00+00:00,2026-02-03 18:15:00+00:00,HTF,sell,5038.89,4955.298348656494,5374.056605374025,4200.973486564939,0.02,stop_loss,STRONG,625,167.18330268701175,670.3332107480492,0.24940328184015503,75.99205765615314,locked,5590.628093604231,2.5,636.75,106.84999999999945,83.59165134350587,335.1666053740246,6125.0,2026-01
2026-02-04 09:00:00+00:00,2026-02-04 16:35:00+00:00,HTF,buy,5070.57,4981.50344257942,4981.70344257942,5292.7363935514495,0.02,stop_loss,STRONG,91,-178.1331148411591,177.73311484115948,-1.0022505654073364,9.618916550963851,raw,5412.494978763072,2.5,21.36999999999989,101.17000000000007,-89.06655742057956,88.86655742057974,455.0,2026-02
2026-02-05 13:55:00+00:00,2026-02-06 02:20:00+00:00,HTF,sell,4868.13,4687.820687734486,4975.965625781618,4706.376561327574,0.02,stop_loss,WEAK,137,360.6186245310291,215.6712515632353,1.6720755405144712,131.59534767670146,trail,5773.113603294101,1.5,212.85999999999967,38.779999999999745,180.30931226551456,107.83562578161764,745.0,2026-02
2026-02-06 06:05:00+00:00,2026-02-06 15:35:00+00:00,HTF,sell,4821.53,4936.534217255126,4936.3342172551265,4649.32367411731,0.02,stop_loss,WEAK,114,-230.00843451025324,229.6084345102536,-1.0017420962816668,8.22850143708014,raw,5543.105168783848,1.5,14.170000000000073,116.38000000000011,-115.0042172551266,114.80421725512679,570.0,2026-02
2026-02-09 06:05:00+00:00,2026-02-17 07:30:00+00:00,HTF,buy,5024.04,4877.745477641702,4877.9454776417015,5243.181783537448,0.02,stop_loss,WEAK,1643,-292.5890447165966,292.189044716597,-1.0013689767198068,43.39199876218531,raw,5250.516124067251,1.5,95.09000000000015,164.96000000000004,-146.2945223582983,146.0945223582985,11605.0,2026-02
2026-02-17 08:00:00+00:00,2026-02-19 08:45:00+00:00,HTF,sell,4891.31,5013.632609197526,5013.432609197526,4708.126086203712,0.02,stop_loss,WEAK,561,-244.64521839505142,244.24521839505178,-1.0016376983861877,27.202170194602726,raw,5005.8709056722,1.5,49.83000000000084,125.0,-122.32260919752571,122.12260919752589,2925.0,2026-02
2026-02-20 08:15:00+00:00,2026-02-20 17:00:00+00:00,HTF,buy,5017.37,5024.527320011639,4943.7967998836075,5090.943200116392,0.02,stop_loss,RANGING,105,14.314640023278116,147.1464002327848,0.09728161885464023,63.70526214144798,locked,5020.185545695478,1.0,46.86999999999989,12.38000000000011,7.157320011639058,73.5732001163924,525.0,2026-02
2026-02-23 06:15:00+00:00,2026-03-02 02:20:00+00:00,HTF,buy,5164.47,5349.9353789357065,5019.921263119021,5381.293105321469,0.02,stop_loss,WEAK,1280,370.9307578714124,289.0974737619581,1.2830646807271502,105.62988647378371,trail,5391.116303566891,1.5,229.02999999999975,70.32999999999993,185.4653789357062,144.54873688097905,9845.0,2026-02
2026-03-02 06:00:00+00:00,2026-03-03 13:05:00+00:00,HTF,buy,5360.37,5219.745551825429,5219.945551825429,5500.794448174571,0.02,stop_loss,RANGING,361,-281.24889634914143,280.8488963491418,-1.0014242534159805,41.93714183358605,raw,5109.867407217749,1.0,58.89000000000033,200.27999999999975,-140.62444817457072,140.4244481745709,1865.0,2026-03
2026-03-03 13:35:00+00:00,2026-03-19 15:50:00+00:00,HTF,sell,5133.97,4584.436371340674,5406.191237802247,4725.63814329663,0.02,stop_loss,WEAK,3317,1099.067257318653,544.4424756044937,2.0187022625271114,154.62913060409994,trail,6208.934664536402,1.5,631.4000000000005,104.57999999999993,549.5336286593265,272.22123780224683,23175.0,2026-03
2026-03-19 16:45:00+00:00,2026-03-25 01:35:00+00:00,HTF,sell,4614.400000000001,4536.725475026146,4925.898099895417,3835.6547502614603,0.02,stop_loss,STRONG,922,155.3490499477084,622.9961997908322,0.24935794150889856,66.24374276096086,locked,6364.2837144841105,2.5,515.8700000000008,121.4399999999996,77.6745249738542,311.4980998954161,7730.0,2026-03
2026-03-25 08:55:00+00:00,2026-03-26 07:55:00+00:00,HTF,buy,4545.63,4442.4331637147,4442.6331637147,4803.122090713252,0.02,stop_loss,STRONG,264,-206.39367257060078,205.99367257060112,-1.0019418072167365,15.546108577205938,raw,6157.89004191351,2.5,40.029999999999745,106.65999999999985,-103.19683628530038,102.99683628530056,1380.0,2026-03
2026-03-26 08:35:00+00:00,2026-03-30 06:05:00+00:00,HTF,sell,4442.7300000000005,4557.8953611503575,4557.695361150358,4155.316597124107,0.02,stop_loss,STRONG,544,-230.33072230071414,229.9307223007145,-1.0017396544315487,31.940055363263575,raw,5927.559319612796,2.5,91.80000000000018,119.06980468749953,-115.16536115035706,114.96536115035724,5610.0,2026-03
2026-03-30 08:10:00+00:00,2026-03-31 07:15:00+00:00,HTF,buy,4561.80009765625,4573.604855908809,4481.768375972521,4681.847680181842,0.02,stop_loss,WEAK,265,23.609516505119245,160.06344336745678,0.1475009909097045,73.05428439181914,locked,5951.168836117915,1.5,87.69990234375018,51.80009765624982,11.804758252559623,80.03172168372839,1385.0,2026-03
2026-03-31 11:25:00+00:00,2026-03-31 22:10:00+00:00,HTF,buy,4605.80009765625,4689.865806275584,4488.128640752919,4723.471554559581,0.02,stop_loss,RANGING,117,168.1314172386683,235.34291380666218,0.7144103662147687,95.01029641525183,trail,6119.300253356583,1.0,111.80000000000018,8.000292968749818,84.06570861933415,117.67145690333109,645.0,2026-03
2026-04-01 06:05:00+00:00,2026-04-08 18:40:00+00:00,HTF,buy,4712.9001953125,4736.574741095071,4553.736556762031,4951.645653138203,0.02,stop_loss,WEAK,1254,47.34909156514186,318.32727710093786,0.1487434315914059,73.34162764065337,locked,6166.649344921725,1.5,175.09980468750018,132.50029296874982,23.67454578257093,159.16363855046893,10835.0,2026-04
2026-04-09 13:00:00+00:00,2026-04-09 14:35:00+00:00,HTF,buy,4768.4001953125,4774.027641446121,4710.125733976289,4826.674656648711,0.02,stop_loss,RANGING,19,11.254892267243122,116.54892267242212,0.09656796484405653,59.03033436299594,locked,6177.904237188968,1.0,34.39960937500018,0.4001953124998181,5.627446133621561,58.27446133621106,95.0,2026-04
2026-04-09 15:15:00+00:00,2026-04-12 22:10:00+00:00,HTF,buy,4809.2,4688.5001953125,4707.863032221583,4910.5369677784165,0.02,stop_gap,RANGING,345,-241.39960937499927,202.67393555683338,-1.191073774295494,16.578352765335396,raw,5936.504627813969,1.0,16.800000000000182,121.30009765624982,-120.69980468749964,101.33696777841669,4735.0,2026-04
2026-04-13 08:05:00+00:00,2026-04-14 13:40:00+00:00,HTF,buy,4756.7,4812.107631152992,4673.738644046209,4839.661355953791,0.02,stop_loss,RANGING,343,110.81526230598502,165.9227119075822,0.6678727766196851,87.02835376023148,trail,6047.319890119954,1.0,72.19990234375018,34.19999999999982,55.40763115299251,82.9613559537911,1775.0,2026-04
2026-04-14 14:10:00+00:00,2026-04-15 01:20:00+00:00,HTF,buy,4818.9001953125,4877.0333751216185,4728.067559201841,4909.732831423159,0.02,stop_loss,RANGING,122,116.26635961823742,181.66527222131845,0.6400032223913049,84.2205074154761,trail,6163.586249738191,1.0,76.49970703125018,4.500292968749818,58.1331798091187,90.83263611065922,670.0,2026-04
2026-04-15 07:55:00+00:00,2026-04-17 13:10:00+00:00,HTF,buy,4834.30009765625,4906.755048142163,4761.8451471703365,4906.755048142163,0.02,take_profit,RANGING,615,144.90990097182657,144.90990097182657,1.0,115.10614126009906,locked,6308.496150710018,1.0,83.40009765625018,48.40019531249982,72.45495048591329,72.45495048591329,3195.0,2026-04
2026-04-17 13:40:00+00:00,2026-04-19 23:40:00+00:00,HTF,buy,4887.2,4770.6528510844355,4770.852851084435,5003.547148915564,0.02,stop_loss,RANGING,106,-233.09429783112864,232.694297831129,-1.001718993562489,18.6509962177915,raw,6075.401852878889,1.0,21.699902343750182,135.19999999999982,-116.54714891556432,116.3471489155645,3480.0,2026-04
2026-04-20 12:00:00+00:00,2026-04-21 16:50:00+00:00,HTF,buy,4830.30009765625,4726.957245250951,4727.157245250951,4933.442950061549,0.02,stop_loss,RANGING,333,-206.68570481059757,206.285704810598,-1.0019390582608079,23.753179653185068,raw,5868.716148068292,1.0,24.499707031250182,103.90019531249982,-103.3428524052988,103.14285240529898,1730.0,2026-04
2026-04-21 17:20:00+00:00,2026-04-28 12:10:00+00:00,HTF,sell,4721.5998046875,4592.363617537869,4827.417892376844,4615.781716998156,0.02,stop_loss,RANGING,1316,258.4723742992628,211.63617537868777,1.2213052604866321,145.53249864366836,trail,6127.1885223675545,1.0,153.99970703125018,69.19999999999982,129.2361871496314,105.81808768934388,9770.0,2026-04
2026-04-29 06:00:00+00:00,2026-04-29 10:00:00+00:00,HTF,sell,4610.8,4575.285956714047,4645.75286352599,4558.3707047110165,0.02,stop_loss,WEAK,48,71.0280865719069,69.90572705197883,1.0160553300460422,88.30940745016773,trail,6198.216608939461,1.5,46.30000000000018,1.499804687499818,35.51404328595345,34.952863525989414,240.0,2026-04
2026-04-29 10:30:00+00:00,2026-04-29 13:50:00+00:00,HTF,sell,4585.5998046875,4531.87277068362,4617.175055924568,4538.236927831898,0.02,stop_loss,WEAK,40,107.45406800776071,63.150502474136374,1.7015552338917508,133.85928723943553,trail,6305.670676947222,1.5,63.39960937500018,2.300097656249818,53.72703400388036,31.575251237068187,200.0,2026-04
2026-04-29 14:30:00+00:00,2026-04-30 08:00:00+00:00,HTF,sell,4551.8,4619.4967319066445,4619.296731906645,4450.554902140033,0.02,stop_loss,WEAK,198,-135.3934638132887,134.99346381328905,-1.0029631064253073,19.556502407045613,raw,6170.277213133933,1.5,19.800000000000182,87.40019531249982,-67.69673190664435,67.49673190664453,1050.0,2026-04
2026-05-01 07:55:00+00:00,2026-05-01 14:10:00+00:00,HTF,sell,4589.3,4665.194929149434,4664.994929149434,4475.757606275849,0.02,stop_loss,WEAK,75,-151.78985829886733,151.3898582988677,-1.002642184915782,16.998056291546142,raw,6018.487354835066,1.5,19.300000000000182,83.69999999999982,-75.89492914943366,75.69492914943385,375.0,2026-05
2026-05-04 07:55:00+00:00,2026-05-05 12:20:00+00:00,HTF,sell,4589.5001953125,4577.566819106603,4670.389370018477,4468.166433253535,0.02,stop_loss,WEAK,329,23.86675241179364,161.77834941195397,0.14752748126400467,65.4394096984016,locked,6042.35410724686,1.5,79.40009765625018,5.799609374999818,11.93337620589682,80.88917470597698,1705.0,2026-05
2026-05-05 13:00:00+00:00,2026-05-06 09:05:00+00:00,HTF,buy,4584.9998046875,4702.632967120965,4527.109044049051,4671.8359456451735,0.02,stop_loss,WEAK,229,235.26632486693052,115.78152127689827,2.031985089436486,155.6959914776735,trail,6277.62043211379,1.5,135.20039062500018,28.899707031249818,117.63316243346526,57.89076063844914,1205.0,2026-05
2026-05-06 13:55:00+00:00,2026-05-07 15:30:00+00:00,HTF,buy,4713.7,4694.0998046875,4643.3564440175405,4819.215333973689,0.02,stop_gap,WEAK,294,-39.20039062499927,140.68711196491859,-0.2786352642932509,58.28555243718011,locked,6238.420041488791,1.5,61.50019531250018,23.900195312499818,-19.600195312499636,70.34355598245929,1535.0,2026-05
2026-05-11 17:25:00+00:00,2026-05-12 01:35:00+00:00,HTF,buy,4727.9001953125,4734.770838225418,4680.762575893051,4798.606624441673,0.02,stop_loss,WEAK,86,13.741285825835803,94.27523883889808,0.14575710435820324,78.49315502817683,locked,6252.161327314627,1.5,55.49970703125018,0.5002929687498181,6.870642912917901,47.13761941944904,490.0,2026-05
2026-05-12 06:00:00+00:00,2026-05-12 14:00:00+00:00,HTF,buy,4714.9998046875,4683.297648879062,4683.497648879062,4762.253038400157,0.02,stop_loss,WEAK,96,-63.40431161687593,63.004311616876294,-1.0063487718496473,10.158034959445544,raw,6188.757015697751,1.5,4.800000000000182,31.599902343749818,-31.702155808437965,31.502155808438147,480.0,2026-05
2026-05-13 17:55:00+00:00,2026-05-15 00:25:00+00:00,HTF,sell,4693.19990234375,4632.837814576922,4753.561990110578,4632.837814576922,0.02,take_profit,RANGING,342,120.72417553365631,120.72417553365631,1.0,106.19215977934759,locked,6309.481191231407,1.0,64.09980468750018,32.59990234374982,60.362087766828154,60.362087766828154,1830.0,2026-05
2026-05-15 06:00:00+00:00,2026-05-20 15:15:00+00:00,HTF,sell,4567.19990234375,4547.840637519851,4697.595001169744,4371.60725410476,0.02,stop_loss,WEAK,937,38.71852964779828,260.7901976519879,0.14846620001978109,57.36406933181636,locked,6348.199720879205,1.5,112.19990234375018,26.599902343749818,19.35926482389914,130.39509882599395,7755.0,2026-05
2026-05-21 12:55:00+00:00,2026-05-21 17:15:00+00:00,HTF,sell,4504.8,4542.08116121723,4541.88116121723,4412.097096956924,0.02,stop_loss,STRONG,52,-74.56232243445993,74.1623224344603,-1.0053935743497397,17.799006040655613,raw,6273.6373984447455,2.5,16.500195312500182,37.59990234374982,-37.281161217229965,37.08116121723015,260.0,2026-05
2026-05-22 14:00:00+00:00,2026-05-27 13:30:00+00:00,HTF,sell,4507.90009765625,4446.999764589368,4560.56597962081,4428.90127470941,0.02,stop_loss,WEAK,474,121.80066613376404,105.33176392911992,1.1563526669478963,97.34334612554666,trail,6395.4380645785095,1.5,76.90009765625018,35.69999999999982,60.90033306688201,52.66588196455996,7170.0,2026-05
2026-05-27 15:00:00+00:00,2026-05-28 12:55:00+00:00,HTF,sell,4467.5998046875,4455.662146394477,4548.517526640988,4346.223221757269,0.02,stop_loss,WEAK,251,23.87531658604712,161.83544390697534,0.14752835355258082,59.31927336645868,locked,6419.313381164557,1.5,71.99970703125018,34.40019531249982,11.93765829302356,80.91772195348767,1315.0,2026-05
2026-05-28 13:45:00+00:00,2026-05-28 14:10:00+00:00,HTF,sell,4455.40009765625,4493.716463877878,4493.516463877878,4360.109182102181,0.02,stop_loss,STRONG,5,-76.63273244325501,76.23273244325537,-1.0052470898940606,5.0372062983030155,raw,6342.680648721302,2.5,4.800000000000182,43.49980468749982,-38.316366221627504,38.116366221627686,25.0,2026-05
2026-05-28 15:55:00+00:00,2026-06-01 06:20:00+00:00,HTF,buy,4512.7,4534.856582369973,4423.273670520109,4736.265823699728,0.02,stop_loss,STRONG,435,44.31316473994593,178.85265895978227,0.2477635222069045,51.17065558727859,locked,6386.993813461248,2.5,114.40009765625018,5.199999999999818,22.156582369972966,89.42632947989114,5185.0,2026-05
2026-06-01 12:55:00+00:00,2026-06-01 13:35:00+00:00,HTF,sell,4531.8,4498.416805888032,4565.8560196267745,4480.715970559839,0.02,stop_loss,WEAK,8,66.76638822393579,68.11203925354857,0.9802435656844223,85.74108283941544,trail,6453.760201685183,1.5,43.80000000000018,1.999804687499818,33.383194111967896,34.05601962677429,40.0,2026-06
2026-06-01 14:20:00+00:00,2026-06-02 06:30:00+00:00,HTF,sell,4484.5001953125,4565.597700423523,4565.397700423523,4363.153937645966,0.02,stop_loss,WEAK,182,-162.1950102220453,161.79501022204568,-1.0024722641288546,4.367666627647351,raw,6291.565191463138,1.5,5.300000000000182,83.19999999999982,-81.09750511102266,80.89750511102284,970.0,2026-06
2026-06-02 08:25:00+00:00,2026-06-02 18:40:00+00:00,HTF,buy,4561.4001953125,4510.134295572277,4510.3342955722765,4612.466095052723,0.02,stop_loss,RANGING,123,-102.53179948044635,102.13179948044673,-1.0039165079048293,8.811569078662238,raw,6189.033391982692,1.0,4.499707031250182,53.40019531249982,-51.265899740223176,51.06589974022336,615.0,2026-06
2026-06-03 08:00:00+00:00,2026-06-05 13:05:00+00:00,HTF,sell,4486.0998046875,4440.3120099246335,4560.6588777481675,4411.540731626833,0.02,stop_loss,RANGING,613,91.57558952573345,149.11814612133458,0.6141143241629369,81.6796760944806,trail,6280.608981508425,1.0,60.89960937500018,57.10039062499982,45.787794762866724,74.55907306066729,3185.0,2026-06
2026-06-05 16:00:00+00:00,2026-06-08 11:15:00+00:00,HTF,sell,4358.90009765625,4350.001896094894,4449.882113269814,4267.918082042686,0.02,stop_loss,RANGING,217,17.796403122712945,181.96403122712763,0.09780176336332899,72.43200451411592,locked,6298.405384631138,1.0,65.90009765625018,18.599902343749818,8.898201561356473,90.98201561356382,4035.0,2026-06
2026-06-08 12:10:00+00:00,2026-06-09 13:45:00+00:00,HTF,sell,4346.8,4386.958721801057,4386.758721801058,4246.903195497356,0.02,stop_loss,STRONG,294,-80.31744360211451,79.91744360211487,-1.0050051651050191,10.811156626851194,raw,6218.087941029024,2.5,10.800000000000182,41.80009765624982,-40.158721801057254,39.958721801057436,1535.0,2026-06
2026-06-10 11:55:00+00:00,2026-06-10 22:35:00+00:00,HTF,sell,4170.0001953125,4086.870135743483,4224.940564455716,4032.6492724544596,0.02,stop_loss,STRONG,116,166.2601191380345,109.88073828643246,1.513096123404583,80.66945735424223,trail,6384.348060167058,2.5,110.80024414062518,39.49980468749982,83.13005956901725,54.94036914321623,640.0,2026-06
2026-06-11 06:30:00+00:00,2026-06-11 17:30:00+00:00,HTF,sell,4105.0001953125,4169.713352571603,4169.513352571603,3943.7173021647436,0.02,stop_loss,STRONG,132,-129.4263145182049,129.02631451820525,-1.003100142800275,19.965010458285594,raw,6254.921745648853,2.5,32.20014648437518,65.99980468749982,-64.71315725910245,64.51315725910263,660.0,2026-06
2026-06-15 07:55:00+00:00,2026-06-17 18:00:00+00:00,HTF,buy,4344.4998046875,4355.971671712635,4297.812336586959,4461.2184749388525,0.02,stop_loss,STRONG,673,22.943734050269995,93.37493620108216,0.2457161951989006,50.63482375311352,locked,6277.865479699123,2.5,59.10029296875018,17.799609374999818,11.471867025134998,46.68746810054108,3485.0,2026-06
2026-06-18 12:00:00+00:00,2026-06-24 06:10:00+00:00,HTF,sell,4261.8,4112.359388442195,4405.664628140651,4046.003057789024,0.02,stop_loss,WEAK,830,298.8812231156098,287.7292562813018,1.0387585432862803,90.27004646319396,trail,6576.746702814733,1.5,194.80000000000018,34.40019531249982,149.4406115578049,143.8646281406509,8290.0,2026-06
2026-06-24 09:55:00+00:00,2026-06-24 13:30:00+00:00,HTF,sell,4081.600048828125,3998.281638310251,4133.872502049795,4003.1913689956205,0.02,stop_loss,WEAK,43,166.63682103574865,104.54490644333964,1.5939257751027887,129.19488023060137,trail,6743.383523850482,1.5,101.30000000000018,2.099902343749818,83.31841051787433,52.27245322166982,215.0,2026-06
2026-06-24 14:40:00+00:00,2026-06-30 06:25:00+00:00,HTF,sell,4032.999951171875,4017.7340650919696,4136.105858371244,3878.3410903728222,0.02,stop_loss,WEAK,1003,30.531772159811226,206.21181439873726,0.14806024693024664,50.174977642535666,locked,6773.915296010293,1.5,77.60004882812518,78.50004882812482,15.265886079905613,103.10590719936863,8145.0,2026-06
2026-06-30 12:00:00+00:00,2026-07-01 06:05:00+00:00,HTF,buy,4045.59990234375,3977.649386960287,3977.8493869602867,4147.225675418945,0.02,stop_loss,WEAK,205,-135.90103076692594,135.5010307669263,-1.0029520070639732,31.980268714367003,raw,6638.014265243367,1.5,32.50019531250018,68.39995117187482,-67.95051538346297,67.75051538346315,1085.0,2026-06
2026-07-01 06:35:00+00:00,2026-07-01 11:10:00+00:00,HTF,sell,3980.19990234375,4028.2624973677216,4028.062497367722,3908.4060098077925,0.02,stop_loss,WEAK,55,-96.12519004794285,95.72519004794322,-1.0041786284237126,10.02857219385917,raw,6541.889075195424,1.5,7.199902343750182,52.80009765624982,-48.062595023971426,47.86259502397161,275.0,2026-07
2026-07-01 16:20:00+00:00,2026-07-05 23:30:00+00:00,HTF,buy,4096.30009765625,4190.013517765308,4016.678164686443,4215.73299711096,0.02,stop_loss,WEAK,422,187.42684021811692,159.2438659396139,1.1769799678763775,98.63278923800269,trail,6729.315915413541,1.5,117.80000000000018,54.19999999999982,93.71342010905846,79.62193296980695,6190.0,2026-07
2026-07-06 07:05:00+00:00,2026-07-07 14:00:00+00:00,HTF,buy,4160.9998046875,4166.771708758571,4121.187110880361,4220.718845398209,0.02,stop_loss,WEAK,359,11.543808142141643,79.62538761427822,0.14497647657380616,52.579708720303266,locked,6740.859723555683,1.5,31.400097656250182,33.29960937499982,5.771904071070821,39.81269380713911,1855.0,2026-07
2026-07-07 15:10:00+00:00,2026-07-07 19:05:00+00:00,HTF,buy,4159.80009765625,4124.425245516122,4124.625245516122,4212.5623758664415,0.02,stop_loss,WEAK,47,-70.74970428025517,70.34970428025554,-1.0056858803330024,0.0,raw,6670.1100192754275,1.5,0.0,41.30009765624982,-35.37485214012759,35.17485214012777,235.0,2026-07
2026-07-08 13:25:00+00:00,2026-07-14 12:30:00+00:00,HTF,sell,4077.3,4066.0655027640064,4153.52998157329,3962.955027640066,0.02,stop_loss,WEAK,1091,22.46899447198757,152.45996314657896,0.14737636037852966,75.99817977366484,locked,6692.579013747415,1.5,86.90009765625018,71.09990234374982,11.234497235993786,76.22998157328948,8585.0,2026-07
2026-07-15 07:00:00+00:00,2026-07-15 12:35:00+00:00,HTF,sell,4038.499951171875,4065.3398350501748,4065.139835050175,3998.5401253544255,0.02,stop_loss,WEAK,67,-53.679767756599176,53.27976775659954,-1.0075075402322882,38.03795945755271,raw,6638.899245990816,1.5,15.199902343750182,34.50004882812482,-26.839883878299588,26.63988387829977,335.0,2026-07
2026-07-16 16:10:00+00:00,2026-07-21 05:30:00+00:00,HTF,sell,3993.69990234375,4063.5497551019716,4063.349755101972,3924.0500495855285,0.02,stop_loss,RANGING,698,-139.69970551644292,139.29970551644328,-1.0028715064293687,44.077483480575324,raw,6499.199540474373,1.0,30.699902343750182,72.30009765624982,-69.84985275822146,69.64985275822164,6560.0,2026-07
2026-07-21 06:05:00+00:00,2026-07-22 05:15:00+00:00,HTF,buy,4072.2,4128.861866162535,3992.509330812672,4151.890669187327,0.02,stop_loss,RANGING,266,113.32373232507054,159.38133837465557,0.7110225919842759,92.608081664517,trail,6612.5232727994435,1.0,73.80000000000018,23.800097656249818,56.66186616253526,79.69066918732779,1390.0,2026-07
2026-07-22 06:20:00+00:00,2026-07-23 13:00:00+00:00,HTF,buy,4129.7,4059.003916373721,4059.203916373721,4235.444125439419,0.02,stop_loss,WEAK,356,-141.39216725255756,140.99216725255792,-1.0028370370340014,39.43472242119036,raw,6471.131105546886,1.5,41.69990234375018,73.00004882812482,-70.69608362627878,70.49608362627896,1840.0,2026-07
2026-07-23 13:40:00+00:00,2026-07-29 18:00:00+00:00,HTF,sell,4059.100048828125,4140.794325464697,4140.594325464697,3936.858633873267,0.02,stop_loss,WEAK,1150,-163.38855327314377,162.98855327314413,-1.0024541600742312,40.739057232273176,raw,6307.742552273742,1.5,49.80000000000018,90.29985351562482,-81.69427663657189,81.49427663657207,8900.0,2026-07
2026-07-30 06:25:00+00:00,2026-07-30 12:35:00+00:00,HTF,buy,4090.7,4131.5998046875,4025.217989951224,4156.182010048776,0.02,stop_gap,RANGING,74,81.79960937500073,130.96402009755184,0.6245960479379774,83.53424444821653,trail,6389.542161648743,1.0,54.69990234375018,2.399951171874818,40.899804687500364,65.48201004877592,370.0,2026-07
2026-07-30 13:40:00+00:00,2026-07-31 20:55:00+00:00,HTF,buy,4148.30009765625,4106.8,4029.5129746219477,4267.0872206905515,0.02,open_at_window_end,RANGING,363,-83.00019531249927,237.57424606860425,-0.3493652897399128,26.854844903549456,raw,6306.541966336244,1.0,31.900097656250182,71.90019531249982,-41.500097656249636,118.78712303430211,1875.0,2026-07
