entry_ts,exit_ts,path,side,entry,exit,sl0,tp0,lot,reason,regime,bars,pnl,risk_usd,r,max_fav_pct,stage,balance,rr,mfe_pts,mae_pts,pts,stop_pts,mins,month
2022-03-01 12:10:00+00:00,2022-03-01 21:15:00+00:00,HTF,buy,1921.248,1943.9182406975956,1891.449203487978,1951.0467965120222,0.02,stop_loss,RANGING,109,45.34048139519109,59.59759302404427,0.7607770564978817,96.74887369484418,trail,1045.340481395191,1.0,28.829999999999927,10.1400000000001,22.670240697595545,29.798796512022136,545.0,2022-03
2022-03-03 07:55:00+00:00,2022-03-04 00:50:00+00:00,HTF,buy,1932.19,1946.0790068579984,1909.070034289992,1955.309965710008,0.02,stop_loss,RANGING,191,27.778013715996625,46.23993142001609,0.6007364817148545,80.93870135758715,trail,1073.1184951111877,1.0,18.712999999999965,8.97199999999998,13.88900685799831,23.119965710008046,1015.0,2022-03
2022-03-07 06:55:00+00:00,2022-03-07 11:30:00+00:00,HTF,buy,1983.318,1986.5261738453241,1960.5968410311718,2017.3997384532422,0.02,stop_loss,WEAK,55,6.416347690648308,45.4423179376563,0.14119763211575367,56.33515445915739,locked,1079.534842801836,1.5,19.200000000000045,4.135999999999967,3.208173845324154,22.72115896882815,275.0,2022-03
2022-03-07 14:55:00+00:00,2022-03-08 15:10:00+00:00,HTF,buy,1984.568,2048.358,1947.7532894753365,2039.7900657869952,0.02,stop_gap,WEAK,279,127.58000000000038,73.629421049327,1.7327312666838703,142.750907407315,trail,1207.1148428018364,1.5,78.83000000000015,9.769999999999982,63.79000000000019,36.8147105246635,1455.0,2022-03
2022-03-08 15:40:00+00:00,2022-03-09 14:05:00+00:00,HTF,buy,2064.49,1980.834235180815,1981.0342351808151,2189.6736472287766,0.02,stop_loss,WEAK,257,-167.3115296383694,166.9115296383693,-1.0023964791459687,4.687513209514057,raw,1039.803313163467,1.5,5.868000000000393,88.48199999999974,-83.6557648191847,83.45576481918465,1345.0,2022-03
2022-03-09 17:10:00+00:00,2022-03-11 16:40:00+00:00,HTF,sell,1995.548,1988.6805698034545,2023.8177207861822,1924.8736980345443,0.02,stop_loss,STRONG,546,13.734860393090912,56.53944157236447,0.24292529270052576,52.50847757667078,locked,1053.538173556558,2.5,37.1099999999999,13.513999999999896,6.867430196545456,28.269720786182233,2850.0,2022-03
2022-03-14 06:00:00+00:00,2022-03-14 11:25:00+00:00,HTF,sell,1974.0919999999999,1959.2514089428425,1995.7440447142124,1952.4399552857874,0.02,stop_loss,RANGING,65,29.68118211431465,43.30408942842496,0.6854129137935832,89.89451230545309,trail,1083.2193556708726,1.0,19.463999999999942,4.376000000000204,14.840591057157326,21.65204471421248,325.0,2022-03
2022-03-14 11:55:00+00:00,2022-03-15 07:10:00+00:00,HTF,sell,1965.031,1932.9227213709726,1988.6467379032422,1929.6073931451365,0.02,stop_loss,WEAK,219,64.21655725805476,47.23147580648447,1.3596136085427675,113.49211322471619,trail,1147.4359129289273,1.5,40.202999999999975,2.8510000000001128,32.10827862902738,23.615737903242234,1155.0,2022-03
2022-03-15 07:55:00+00:00,2022-03-15 14:20:00+00:00,HTF,sell,1928.9579999999999,1914.428179063108,1945.1252635436933,1904.7071046844596,0.02,stop_loss,WEAK,77,29.059641873783676,32.33452708738696,0.8987186296322623,80.73928712831012,trail,1176.495554802711,1.5,19.579999999999927,6.2710000000001855,14.529820936891838,16.16726354369348,385.0,2022-03
2022-03-15 14:50:00+00:00,2022-03-17 10:00:00+00:00,HTF,sell,1915.568,1946.1339762501,1945.9339762501,1870.01903562485,0.02,stop_loss,WEAK,494,-61.13195250019999,60.731952500199895,-1.0065863187915585,45.26996449396654,raw,1115.363602302511,1.5,20.61999999999989,31.11500000000001,-30.565976250099993,30.365976250099948,2590.0,2022-03
2022-03-17 15:55:00+00:00,2022-03-18 19:30:00+00:00,HTF,buy,1948.353,1918.1639910953522,1918.3639910953523,1993.3365133569719,0.02,stop_loss,WEAK,319,-60.37801780929567,59.97801780929558,-1.0066691100274758,0.0,raw,1054.9855844932154,1.5,0.0,30.11500000000001,-30.189008904647835,29.98900890464779,1655.0,2022-03
2022-03-21 06:00:00+00:00,2022-03-21 14:00:00+00:00,HTF,buy,1923.988,1934.7774668191846,1916.7950221205438,1934.7774668191846,0.02,take_profit,WEAK,96,21.578933638369108,14.385955758912589,1.5000000000000155,102.3220163240128,locked,1076.5645181315845,1.5,11.039999999999964,6.130000000000109,10.789466819184554,7.1929778794562935,480.0,2022-03
2022-03-22 11:55:00+00:00,2022-03-22 14:05:00+00:00,HTF,sell,1927.388,1910.5854080539852,1938.5897279640096,1910.5854080539852,0.02,take_profit,WEAK,26,33.605183892029345,22.40345592801941,1.5000000000000102,100.46069114951976,locked,1110.1697020236138,1.5,16.87999999999988,3.415000000000191,16.802591946014672,11.201727964009706,130.0,2022-03
2022-03-22 14:35:00+00:00,2022-03-23 18:05:00+00:00,HTF,sell,1913.173,1938.9471531934573,1938.7471531934573,1874.811770209814,0.02,stop_loss,WEAK,318,-51.548306386914646,51.148306386914555,-1.007820395791295,5.849656051887066,raw,1058.6213956366992,1.5,2.2439999999999145,25.964999999999918,-25.774153193457323,25.574153193457278,1650.0,2022-03
2022-03-24 10:55:00+00:00,2022-03-24 12:05:00+00:00,HTF,buy,1943.848,1954.6144833143308,1928.780416571654,1958.9155834283458,0.02,stop_loss,RANGING,14,21.532966628661597,30.135166856691743,0.7145461225106852,92.78196511392905,trail,1080.1543622653608,1.0,13.980000000000018,0.2400000000000091,10.766483314330799,15.06758342834587,70.0,2022-03
2022-03-24 12:35:00+00:00,2022-03-24 13:50:00+00:00,HTF,buy,1946.788,1948.4197470326321,1928.4705296736788,1965.1054703263212,0.02,stop_loss,RANGING,15,3.26349406526424,36.6349406526424,0.08908146177190139,56.3123609114189,locked,1083.417856330625,1.0,10.315000000000055,0.8900000000001,1.63174703263212,18.3174703263212,75.0,2022-03
2022-03-24 14:25:00+00:00,2022-03-28 08:25:00+00:00,HTF,buy,1960.063,1929.19709956557,1929.39709956557,1990.7289004344302,0.02,stop_loss,RANGING,480,-61.73180086886032,61.33180086886023,-1.0065219020855978,19.630925277644977,raw,1021.6860554617647,1.0,6.019999999999982,31.465000000000146,-30.86590043443016,30.665900434430114,5400.0,2022-03
2022-03-28 08:55:00+00:00,2022-03-29 12:50:00+00:00,HTF,sell,1927.148,1897.705274304832,1960.7993715241596,1893.4966284758402,0.02,stop_loss,RANGING,323,58.885451390335675,67.30274304831937,0.8749338990248795,110.39668910174545,trail,1080.5715068521004,1.0,37.149999999999864,18.375,29.442725695167837,33.651371524159686,1675.0,2022-03
2022-03-29 13:20:00+00:00,2022-03-30 04:45:00+00:00,HTF,sell,1896.518,1927.0367240927455,1926.8367240927455,1851.0399138608818,0.02,stop_loss,WEAK,173,-61.03744818549103,60.63744818549094,-1.0065965836619062,7.01436729382541,raw,1019.5340586666093,1.5,3.1900000000000546,30.519999999999982,-30.518724092745515,30.31872409274547,925.0,2022-03
2022-03-31 09:55:00+00:00,2022-03-31 13:45:00+00:00,HTF,sell,1925.5729999999999,1940.9651288030198,1940.7651288030197,1902.78480679547,0.02,stop_loss,WEAK,46,-30.784257606039773,30.384257606039682,-1.0131647119763947,4.4452844106945655,raw,988.7498010605696,1.5,1.01299999999992,16.705000000000155,-15.392128803019887,15.192128803019841,230.0,2022-03
2022-03-31 15:55:00+00:00,2022-04-01 14:30:00+00:00,HTF,buy,1944.459,1918.8967822470502,1919.0967822470502,1982.5023266294247,0.02,stop_loss,WEAK,259,-51.12443550589978,50.72443550589969,-1.0078857457162549,13.836855150118362,raw,937.6253655546698,1.5,5.263999999999896,25.82899999999995,-25.56221775294989,25.362217752949846,1355.0,2022-03
2022-04-01 15:55:00+00:00,2022-04-11 08:20:00+00:00,HTF,sell,1925.618,1953.8364598486073,1953.6364598486073,1897.5995401513926,0.02,stop_loss,RANGING,1565,-56.43691969721476,56.03691969721467,-1.007138151100407,37.760819321144126,raw,881.188445857455,1.0,10.579999999999927,29.779999999999973,-28.21845984860738,28.018459848607336,13945.0,2022-04
2022-04-11 08:50:00+00:00,2022-04-14 13:55:00+00:00,HTF,buy,1957.518,1960.969791712797,1933.1727219146871,1994.0359171279692,0.02,stop_loss,WEAK,889,6.903583425593752,48.69055617062577,0.14178485457018813,65.6225816933185,locked,888.0920292830488,1.5,23.963999999999942,16.779999999999973,3.451791712796876,24.345278085312884,4625.0,2022-04
2022-04-18 06:00:00+00:00,2022-04-18 14:35:00+00:00,HTF,buy,1984.082,1986.2855242781993,1974.4679028872029,2008.1172427819934,0.02,stop_loss,STRONG,103,4.407048556398422,19.228194225594507,0.22919721450141337,59.0216630165592,locked,892.4990778394472,2.5,14.185999999999922,0.25,2.203524278199211,9.614097112797253,515.0,2022-04
2022-04-18 15:40:00+00:00,2022-04-19 04:45:00+00:00,HTF,buy,1987.508,1974.4513740078291,1974.6513740078292,2019.6495649804272,0.02,stop_loss,STRONG,145,-26.11325198434179,25.713251984341696,-1.015556180923505,9.190591689604457,raw,866.3858258551054,2.5,2.953999999999951,13.090000000000146,-13.056625992170893,12.856625992170848,785.0,2022-04
2022-04-19 17:55:00+00:00,2022-04-20 04:25:00+00:00,HTF,sell,1954.9579999999999,1943.9589394360235,1966.0944647867448,1938.2533028198825,0.02,stop_loss,WEAK,114,21.9981211279528,22.27292957348982,0.9876617736957195,87.04138628329095,trail,888.3839469830582,1.5,14.539999999999964,0.8900000000001,10.9990605639764,11.13646478674491,630.0,2022-04
2022-04-20 06:10:00+00:00,2022-04-20 19:55:00+00:00,HTF,sell,1940.262,1958.0699931788058,1957.8699931788058,1896.2420170529854,0.02,stop_loss,STRONG,165,-35.615986357611746,35.215986357611655,-1.0113584778213556,2.5034085118258758,raw,852.7679606254464,2.5,1.1019999999998618,17.80600000000004,-17.807993178805873,17.607993178805827,825.0,2022-04
2022-04-21 06:40:00+00:00,2022-04-21 11:25:00+00:00,HTF,sell,1952.676,1942.6576389030436,1958.067277806087,1939.197805484782,0.02,stop_loss,STRONG,57,20.036722193912738,10.782555612174292,1.8582535453181264,98.1659671483538,trail,872.8046828193592,2.5,13.230999999999995,0.43600000000014916,10.018361096956369,5.391277806087146,285.0,2022-04
2022-04-21 11:55:00+00:00,2022-04-25 07:10:00+00:00,HTF,sell,1939.5159999999998,1919.3175697003758,1959.4478990012528,1909.6181514981204,0.02,stop_loss,WEAK,495,40.39686059924816,39.86379800250597,1.0133720975785767,91.60525379703566,trail,913.2015434186073,1.5,27.38799999999992,15.966000000000122,20.19843029962408,19.931899001252987,5475.0,2022-04
2022-04-25 07:55:00+00:00,2022-04-27 08:15:00+00:00,HTF,sell,1915.193,1892.8254342134107,1927.5078684268212,1884.4058289329469,0.02,stop_loss,STRONG,556,44.73513157317848,24.6297368536425,1.8163057055383272,93.30184945358606,trail,957.9366749917858,2.5,28.72499999999991,5.884999999999991,22.36756578658924,12.31486842682125,2900.0,2022-04
2022-04-28 06:00:00+00:00,2022-04-29 01:00:00+00:00,HTF,sell,1873.798,1900.5687859836594,1900.3687859836593,1807.3710350408517,0.02,stop_loss,STRONG,216,-53.54157196731876,53.14157196731867,-1.0075270637505056,0.2709742950182372,raw,904.3951030244671,2.5,0.18000000000006366,27.5150000000001,-26.77078598365938,26.570785983659334,1140.0,2022-04
2022-04-29 07:55:00+00:00,2022-05-02 00:20:00+00:00,HTF,buy,1917.345,1893.2297758255252,1893.4297758255252,1977.133060436187,0.02,stop_loss,STRONG,185,-48.23044834894972,47.83044834894963,-1.0083628737301784,4.169728841865961,raw,856.1646546755173,2.5,2.492999999999938,24.626999999999953,-24.11522417447486,23.915224174474815,3865.0,2022-04
2022-05-02 06:25:00+00:00,2022-05-04 18:45:00+00:00,HTF,sell,1886.328,1879.865548446858,1912.9778062125686,1819.7034844685786,0.02,stop_loss,STRONG,700,12.924903106284091,53.29961242513719,0.2424952549971722,54.06418300034358,locked,869.0895577818014,2.5,36.01999999999998,1.3299999999999272,6.462451553142046,26.649806212568592,3620.0,2022-05
2022-05-05 06:00:00+00:00,2022-05-05 13:20:00+00:00,HTF,buy,1899.288,1900.6807160278133,1888.6698931479104,1915.2151602781344,0.02,stop_loss,WEAK,88,2.785432055626643,21.236213704179136,0.1311642505781758,64.95194258955371,locked,871.8749898374281,1.5,10.345000000000027,9.904999999999973,1.3927160278133215,10.618106852089568,440.0,2022-05
2022-05-06 12:10:00+00:00,2022-05-09 08:35:00+00:00,HTF,buy,1882.768,1865.752285837165,1865.952285837165,1907.9915712442526,0.02,stop_loss,WEAK,233,-34.03142832567028,33.631428325670186,-1.0118936369911706,38.079461100055866,raw,837.8435615117578,1.5,9.605000000000018,18.360000000000127,-17.01571416283514,16.815714162835093,4105.0,2022-05
2022-05-09 09:05:00+00:00,2022-05-10 17:55:00+00:00,HTF,sell,1865.648,1845.9755872855314,1895.8359364276566,1835.4600635723432,0.02,stop_loss,RANGING,382,39.34482542893693,60.37587285531345,0.6516647059202613,85.82898689379235,trail,877.1883869406947,1.0,25.909999999999854,5.800000000000182,19.672412714468464,30.187936427656723,1970.0,2022-05
2022-05-11 13:25:00+00:00,2022-05-12 16:50:00+00:00,HTF,buy,1849.828,1827.2967806234824,1827.4967806234824,1883.3248290647762,0.02,stop_loss,WEAK,317,-45.06243875303517,44.662438753035076,-1.0089560716156125,26.509971982207503,raw,832.1259481876596,1.5,8.88000000000011,23.440000000000055,-22.531219376517583,22.331219376517538,1645.0,2022-05
2022-05-13 06:10:00+00:00,2022-05-16 07:55:00+00:00,HTF,sell,1825.118,1793.5988383231004,1838.639676646201,1791.3138083844974,0.02,stop_loss,STRONG,297,63.03832335379912,27.043353292402116,2.3310098667205543,113.83203727419759,trail,895.1642715414587,2.5,38.48000000000002,3.560000000000173,31.519161676899557,13.521676646201058,4425.0,2022-05
2022-05-17 11:55:00+00:00,2022-05-18 01:50:00+00:00,HTF,buy,1834.703,1811.0905576887826,1811.2905576887827,1869.821663466826,0.02,stop_loss,WEAK,155,-47.22488462243473,46.82488462243464,-1.0085424663237386,3.118000208163929,raw,847.939386919024,1.5,1.0950000000000273,23.464999999999918,-23.612442311217364,23.41244231121732,835.0,2022-05
2022-05-19 07:55:00+00:00,2022-05-19 08:45:00+00:00,HTF,sell,1812.883,1822.8415735870572,1822.641573587057,1798.2451396194144,0.02,stop_loss,WEAK,10,-19.917147174114234,19.517147174114143,-1.0204947985702857,14.004779023025096,raw,828.0222397449097,1.5,2.0499999999999545,9.980000000000018,-9.958573587057117,9.758573587057072,50.0,2022-05
2022-05-19 11:55:00+00:00,2022-05-19 14:20:00+00:00,HTF,buy,1830.548,1843.1930823207522,1820.031607735841,1846.3225883962386,0.02,stop_loss,WEAK,29,25.290164641504365,21.03278452831819,1.2024163803634327,101.42895394858675,trail,853.3124043864141,1.5,16.0,3.244999999999891,12.64508232075218,10.516392264159094,145.0,2022-05
2022-05-19 14:50:00+00:00,2022-05-25 13:00:00+00:00,HTF,buy,1845.678,1849.4525165504922,1819.18122299672,1885.4231655049202,0.02,stop_loss,WEAK,1082,7.549033100984161,52.993554006560316,0.14245191217123562,60.120519556125586,locked,860.8614374873982,1.5,23.894999999999982,13.5,3.7745165504920806,26.496777003280158,8530.0,2022-05
2022-05-25 13:30:00+00:00,2022-05-26 14:15:00+00:00,HTF,sell,1853.748,1851.5248383372532,1869.9024110849796,1829.5163833725308,0.02,stop_loss,WEAK,285,4.446323325493722,32.30882216995906,0.1376194805896682,53.44257545458089,locked,865.307760812892,1.5,12.950000000000045,2.4700000000000273,2.223161662746861,16.15441108497953,1485.0,2022-05
2022-05-27 07:55:00+00:00,2022-05-31 14:20:00+00:00,HTF,buy,1858.358,1842.5056100859242,1842.7056100859243,1881.8365848711135,0.02,stop_loss,WEAK,599,-31.70477982815146,31.304779828151368,-1.0127776014460381,23.532082663115187,raw,833.6029809847405,1.5,5.525000000000091,16.210000000000036,-15.85238991407573,15.652389914075684,6145.0,2022-05
2022-05-31 14:55:00+00:00,2022-06-01 06:10:00+00:00,HTF,sell,1844.9679999999998,1833.7958746042134,1863.5073730210668,1826.428626978933,0.02,stop_loss,RANGING,171,22.344250791572904,37.078746042133844,0.6026161393425326,83.22827305144679,trail,855.9472317763134,1.0,15.429999999999836,2.020000000000209,11.172125395786452,18.539373021066922,915.0,2022-05
2022-06-01 07:10:00+00:00,2022-06-01 12:25:00+00:00,HTF,sell,1835.418,1834.7098654513431,1841.4722303243793,1826.3366545134309,0.02,stop_loss,WEAK,63,1.4162690973134886,12.108460648758864,0.11696524755677001,77.74178408300199,locked,857.3635008736269,1.5,7.059999999999945,1.6440000000000055,0.7081345486567443,6.054230324379432,315.0,2022-06
2022-06-02 12:25:00+00:00,2022-06-02 14:25:00+00:00,HTF,buy,1855.8980000000001,1865.9484909377954,1844.899636459318,1872.3955453110234,0.02,stop_loss,WEAK,24,20.100981875590605,21.996727081364497,0.9138169420040695,82.13343103198616,trail,877.4644827492175,1.5,13.549999999999955,5.150000000000091,10.050490937795303,10.998363540682249,120.0,2022-06
2022-06-02 14:55:00+00:00,2022-06-06 15:10:00+00:00,HTF,buy,1865.498,1843.8206401243156,1844.0206401243156,1897.7140398135266,0.02,stop_loss,WEAK,555,-43.354719751368975,42.954719751368884,-1.0093121315262996,26.27573112336954,raw,834.1097629978485,1.5,8.464999999999918,23.00999999999999,-21.677359875684488,21.477359875684442,5775.0,2022-06
2022-06-07 06:00:00+00:00,2022-06-07 13:50:00+00:00,HTF,sell,1838.4379999999999,1852.0539413148485,1851.8539413148485,1825.0220586851513,0.02,stop_loss,RANGING,94,-27.231882629697342,26.831882629697247,-1.0149076382570852,0.0,raw,806.8778803681512,1.0,0.0,14.63000000000011,-13.61594131484867,13.415941314848624,470.0,2022-06
2022-06-08 08:55:00+00:00,2022-06-08 15:05:00+00:00,HTF,sell,1847.168,1858.1442293000164,1857.9442293000163,1836.3917706999835,0.02,stop_loss,RANGING,74,-21.95245860003297,21.552458600032878,-1.018559367514548,24.962349307059785,raw,784.9254217681182,1.0,2.689999999999827,11.89500000000021,-10.976229300016485,10.776229300016439,370.0,2022-06
2022-06-09 12:25:00+00:00,2022-06-09 14:20:00+00:00,HTF,sell,1848.998,1842.3549144577169,1860.222572288584,1837.7734277114162,0.02,stop_loss,RANGING,23,13.286171084566375,22.449144577167772,0.5918341805361825,80.96522314033335,trail,798.2115928526846,1.0,9.087999999999965,3.5329999999999018,6.643085542283188,11.224572288583886,115.0,2022-06
2022-06-09 14:50:00+00:00,2022-06-10 12:35:00+00:00,HTF,sell,1842.214,1828.967139506909,1861.3096975345445,1823.1183024654554,0.02,stop_loss,RANGING,249,26.493720986181867,38.19139506908914,0.6937091703053554,90.41827337684441,trail,824.7053138388665,1.0,17.26599999999985,8.234000000000151,13.246860493090935,19.09569753454457,1305.0,2022-06
2022-06-10 13:55:00+00:00,2022-06-10 14:50:00+00:00,HTF,sell,1833.4379999999999,1855.173425227658,1854.973425227658,1811.9025747723417,0.02,stop_loss,RANGING,11,-43.470850455316395,43.070850455316304,-1.0092870234920266,21.59232961895651,raw,781.2344633835501,1.0,4.649999999999864,23.825000000000045,-21.735425227658197,21.535425227658152,55.0,2022-06
2022-06-10 15:55:00+00:00,2022-06-13 22:00:00+00:00,HTF,buy,1867.373,1813.6954343700295,1813.8954343700295,1920.8505656299706,0.02,stop_loss,RANGING,337,-107.35513125994112,106.95513125994103,-1.0037398860184459,21.29865087504387,raw,673.879332123609,1.0,11.389999999999873,58.22000000000003,-53.67756562997056,53.47756562997051,4685.0,2022-06
2022-06-14 06:55:00+00:00,2022-06-15 00:00:00+00:00,HTF,sell,1829.5529999999999,1811.4666436554946,1849.4984788516492,1799.634781722526,0.02,stop_loss,WEAK,193,36.172712689010496,39.89095770329868,0.9067897782263393,82.19072329756443,trail,710.0520448126194,1.5,24.589999999999918,1.9850000000001273,18.086356344505248,19.94547885164934,1025.0,2022-06
2022-06-15 07:55:00+00:00,2022-06-15 14:00:00+00:00,HTF,buy,1820.858,1822.9721015036573,1805.4306566422833,1843.9990150365747,0.02,stop_loss,WEAK,73,4.2282030073147325,30.854686715433218,0.13703600513953124,67.23127734634927,locked,714.2802478199342,1.5,15.557999999999993,3.5799999999999272,2.1141015036573663,15.427343357716609,365.0,2022-06
2022-06-15 15:25:00+00:00,2022-06-15 19:35:00+00:00,HTF,buy,1823.5240000000001,1837.2742832276147,1808.9782774253827,1845.3425838619264,0.02,stop_loss,WEAK,50,27.50056645522909,29.09144514923491,0.9453145525825603,83.93761994772726,trail,741.7808142751633,1.5,18.31399999999985,10.55600000000004,13.750283227614545,14.545722574617457,250.0,2022-06
2022-06-16 15:55:00+00:00,2022-06-29 09:30:00+00:00,HTF,buy,1845.3880000000001,1814.055935425973,1814.2559354259731,1892.0860968610407,0.02,stop_loss,WEAK,2377,-62.66412914805415,62.26412914805406,-1.0064242446730276,25.76122113883441,raw,679.1166851271091,1.5,12.029999999999745,33.41000000000008,-31.332064574027072,31.132064574027027,18335.0,2022-06
2022-06-29 10:00:00+00:00,2022-06-29 12:25:00+00:00,HTF,sell,1815.163,1828.1863258652477,1827.9863258652476,1802.3396741347524,0.02,stop_loss,RANGING,29,-26.04665173049534,25.64665173049525,-1.0155965778380525,1.0917604486642012,raw,653.0700333966138,1.0,0.14000000000010004,13.045000000000073,-13.02332586524767,12.823325865247625,145.0,2022-06
2022-06-30 07:25:00+00:00,2022-06-30 11:35:00+00:00,HTF,sell,1815.838,1805.7991510116333,1825.8768489883666,1805.7991510116333,0.02,take_profit,RANGING,50,20.07769797673336,20.07769797673336,1.0,111.76580116905932,locked,673.1477313733471,1.0,11.220000000000027,1.125,10.03884898836668,10.03884898836668,250.0,2022-06
2022-06-30 12:05:00+00:00,2022-07-01 11:55:00+00:00,HTF,sell,1805.403,1789.400312938968,1826.3645646948398,1784.4414353051602,0.02,stop_loss,RANGING,274,32.00537412206404,41.923129389679616,0.7634299869308643,97.29712593936607,trail,705.1531054954112,1.0,20.394999999999982,19.605000000000018,16.00268706103202,20.961564694839808,1430.0,2022-06
2022-07-01 12:40:00+00:00,2022-07-01 15:10:00+00:00,HTF,sell,1787.988,1806.4759318215486,1806.2759318215485,1769.7000681784516,0.02,stop_loss,RANGING,30,-36.975863643097,36.57586364309691,-1.0109361737539062,19.635899975134908,raw,668.1772418523142,1.0,3.591000000000122,20.605999999999995,-18.4879318215485,18.287931821548455,150.0,2022-07
2022-07-04 11:55:00+00:00,2022-07-05 12:15:00+00:00,HTF,sell,1804.964,1803.4587586409211,1822.0164135907892,1787.9115864092107,0.02,stop_loss,RANGING,250,3.0104827181576184,34.10482718157846,0.08827145500926961,51.347569969387585,locked,671.1877245704718,1.0,8.755999999999858,7.094000000000051,1.5052413590788092,17.05241359078923,1460.0,2022-07
2022-07-05 13:10:00+00:00,2022-07-05 14:05:00+00:00,HTF,sell,1794.068,1769.172186380387,1818.963813619613,1769.172186380387,0.02,take_profit,RANGING,11,49.79162723922582,49.79162723922582,1.0,111.90636476347898,locked,720.9793518096976,1.0,27.8599999999999,2.1289999999999054,24.89581361961291,24.89581361961291,55.0,2022-07
2022-07-05 14:35:00+00:00,2022-07-06 19:15:00+00:00,HTF,sell,1774.868,1740.328079672214,1812.3883983610692,1737.3476016389307,0.02,stop_loss,RANGING,332,69.07984065557184,75.04079672213857,0.9205637956025576,113.91137052624292,trail,790.0591924652695,1.0,42.74000000000001,0.9260000000001583,34.53992032778592,37.52039836106928,1720.0,2022-07
2022-07-07 06:25:00+00:00,2022-07-12 01:30:00+00:00,HTF,sell,1745.664,1742.1435285981,1760.5458856076,1708.459285981,0.02,stop_loss,STRONG,769,7.040942803800135,29.763771215199995,0.2365608428075946,60.787995812708765,locked,797.1001352690696,2.5,22.615999999999985,6.722999999999956,3.5204714019000676,14.881885607599997,6905.0,2022-07
2022-07-12 06:00:00+00:00,2022-07-13 12:45:00+00:00,HTF,sell,1728.514,1711.5059163279361,1743.0403877597862,1706.7244183603204,0.02,stop_loss,WEAK,357,34.01616734412755,29.052775519572606,1.1708405388397798,98.97390577122187,trail,831.1163026131971,1.5,21.565999999999804,10.794000000000096,17.008083672063776,14.526387759786303,1845.0,2022-07
2022-07-14 06:00:00+00:00,2022-07-14 11:25:00+00:00,HTF,sell,1727.3239999999998,1715.0851750149195,1740.7812500497319,1707.1381249254018,0.02,stop_loss,WEAK,65,24.477649970160655,26.91450009946402,0.909459580512443,86.57538964952653,trail,855.5939525833578,1.5,17.475999999999885,1.4640000000001692,12.238824985080328,13.45725004973201,325.0,2022-07
2022-07-14 12:25:00+00:00,2022-07-21 13:00:00+00:00,HTF,sell,1712.329,1708.2788329253829,1740.6634471641141,1669.8273292538288,0.02,stop_loss,WEAK,1387,8.100334149234186,56.66889432822836,0.14294145395385247,74.30531422778229,locked,863.694286732592,1.5,31.580999999999904,11.469000000000051,4.050167074617093,28.33444716411418,10115.0,2022-07
2022-07-22 08:25:00+00:00,2022-07-22 13:45:00+00:00,HTF,buy,1719.478,1733.1865265022104,1705.7694734977897,1733.1865265022104,0.02,take_profit,RANGING,64,27.417053004420723,27.417053004420723,1.0,131.1300670943842,locked,891.1113397370127,1.0,17.975999999999885,2.3400000000001455,13.708526502210361,13.708526502210361,320.0,2022-07
2022-07-22 14:15:00+00:00,2022-07-29 09:15:00+00:00,HTF,buy,1735.928,1760.1548159995618,1704.5120799978104,1767.3439200021899,0.02,stop_loss,RANGING,1320,48.453631999123445,62.8318400043795,0.7711636647239064,101.40081843148178,trail,939.5649717361362,1.0,31.855999999999995,24.613000000000056,24.226815999561722,31.41592000218975,9780.0,2022-07
2022-07-29 10:25:00+00:00,2022-08-01 10:45:00+00:00,HTF,buy,1760.434,1771.4471542566785,1749.6511808555952,1776.6082287166073,0.02,stop_loss,WEAK,280,22.02630851335698,21.565638288809623,1.021361307204452,89.32728881943666,trail,961.5912802494931,1.5,14.448000000000093,8.505999999999858,11.01315425667849,10.782819144404812,4340.0,2022-07
2022-08-01 11:40:00+00:00,2022-08-02 13:45:00+00:00,HTF,buy,1772.284,1774.6950889927455,1754.8767400483646,1798.3948899274533,0.02,stop_loss,WEAK,301,4.822177985490725,34.81451990327105,0.13851054097223528,59.91369901012755,locked,966.4134582349839,1.5,15.644000000000005,8.18600000000015,2.4110889927453627,17.407259951635524,1565.0,2022-08
2022-08-02 14:25:00+00:00,2022-08-02 18:00:00+00:00,HTF,buy,1785.718,1767.0606546974545,1767.2606546974546,1813.4040179538183,0.02,stop_loss,WEAK,43,-37.31469060509107,36.91469060509098,-1.0108357944613229,1.1413703499258574,raw,929.0987676298928,1.5,0.3160000000000309,18.6400000000001,-18.657345302545536,18.45734530254549,215.0,2022-08
2022-08-03 11:10:00+00:00,2022-08-04 12:25:00+00:00,HTF,buy,1764.752,1784.87518838545,1753.4426279514998,1781.71605807275,0.02,stop_loss,WEAK,291,40.24637677090004,22.618744097000217,1.7793373760410363,139.8014549248446,trail,969.3451444007928,1.5,23.716000000000122,10.55399999999986,20.12318838545002,11.309372048500109,1515.0,2022-08
2022-08-05 15:55:00+00:00,2022-08-09 08:05:00+00:00,HTF,sell,1773.4279999999999,1791.135309264085,1790.935309264085,1747.1670361038723,0.02,stop_loss,WEAK,458,-35.414618528170195,35.014618528170104,-1.0114238000245035,10.902113156714726,raw,933.9305258726226,1.5,2.862999999999829,18.034000000000106,-17.707309264085097,17.507309264085052,5290.0,2022-08
2022-08-09 08:35:00+00:00,2022-08-10 12:35:00+00:00,HTF,buy,1791.935,1801.6779999999999,1773.2938656582612,1810.5761343417387,0.02,stop_gap,RANGING,324,19.485999999999876,37.28226868347747,0.522661326364926,80.65496296722525,trail,953.4165258726225,1.0,15.035000000000082,4.45699999999988,9.742999999999938,18.641134341738734,1680.0,2022-08
2022-08-10 14:55:00+00:00,2022-08-15 08:50:00+00:00,HTF,buy,1802.118,1781.803432070631,1782.003432070631,1822.2325679293688,0.02,stop_loss,RANGING,755,-40.629135858737754,40.22913585873766,-1.0099430423115392,2.1377540969807773,raw,912.7873900138848,1.0,0.43000000000006366,20.389999999999873,-20.314567929368877,20.11456792936883,6835.0,2022-08
2022-08-16 09:55:00+00:00,2022-08-17 12:40:00+00:00,HTF,sell,1775.4379999999999,1770.747,1783.8097254207619,1762.8804118688568,0.02,stop_gap,WEAK,309,9.381999999999607,16.74345084152401,0.5603384922737735,86.07544607386342,trail,922.1693900138844,1.5,10.808999999999969,6.7560000000000855,4.6909999999998035,8.371725420762004,1605.0,2022-08
2022-08-17 13:25:00+00:00,2022-08-17 16:45:00+00:00,HTF,sell,1773.0539999999999,1762.5965171896532,1781.2490572988431,1760.7614140517348,0.02,stop_loss,WEAK,40,20.914965620693238,16.390114597686534,1.276071957644847,108.52069740364709,trail,943.0843556345776,1.5,13.339999999999918,0.22000000000002728,10.457482810346619,8.195057298843267,200.0,2022-08
2022-08-18 06:10:00+00:00,2022-08-18 11:35:00+00:00,HTF,sell,1762.954,1772.2275088912,1772.0275088912,1749.3437366632002,0.02,stop_loss,WEAK,65,-18.547017782399962,18.14701778239987,-1.0220421892344227,16.355304411937187,raw,924.5373378521776,1.5,2.2259999999998854,9.279999999999973,-9.273508891199981,9.073508891199936,325.0,2022-08
2022-08-18 14:10:00+00:00,2022-08-19 05:40:00+00:00,HTF,sell,1765.5539999999999,1755.2229639930592,1776.783879976864,1748.7091800347036,0.02,stop_loss,WEAK,174,20.662072013881243,22.45975995372828,0.9199596102740794,82.51794930807642,trail,945.1994098660589,1.5,13.899999999999864,0.790000000000191,10.331036006940622,11.22987997686414,930.0,2022-08
2022-08-19 07:10:00+00:00,2022-08-22 09:50:00+00:00,HTF,sell,1753.576,1736.3264791137792,1766.237597045931,1734.5836044311036,0.02,stop_loss,WEAK,308,34.499041772441615,25.32319409186175,1.362349538028015,115.74106025887316,trail,979.6984516385005,1.5,21.98199999999997,4.4220000000000255,17.249520886220807,12.661597045930876,4480.0,2022-08
2022-08-22 10:40:00+00:00,2022-08-23 13:45:00+00:00,HTF,sell,1735.1779999999999,1746.2012430302016,1746.0012430302015,1718.9431354546973,0.02,stop_loss,WEAK,313,-22.046486060403367,21.646486060403276,-1.0184787498018808,46.25847033736385,raw,957.6519655780971,1.5,7.509999999999991,13.170000000000073,-11.023243030201684,10.823243030201638,1625.0,2022-08
2022-08-24 12:55:00+00:00,2022-08-24 15:10:00+00:00,HTF,sell,1745.478,1753.7565358247764,1753.5565358247763,1733.3601962628356,0.02,stop_loss,WEAK,27,-16.557071649552654,16.157071649552563,-1.0247569614516854,21.62107966780126,raw,941.0948939285445,1.5,2.6200000000001182,8.52599999999984,-8.278535824776327,8.078535824776282,135.0,2022-08
2022-08-25 06:25:00+00:00,2022-08-26 14:00:00+00:00,HTF,buy,1758.925,1742.4660796897692,1742.6660796897693,1783.313380465346,0.02,stop_loss,WEAK,367,-32.91784062046145,32.51784062046136,-1.0123009398031306,26.418318383850796,raw,908.177053308083,1.5,6.442999999999984,17.60699999999997,-16.458920310230724,16.25892031023068,1895.0,2022-08
2022-08-29 06:25:00+00:00,2022-08-29 14:15:00+00:00,HTF,sell,1722.8239999999998,1745.4522024888317,1745.2522024888317,1689.1816962667522,0.02,stop_loss,WEAK,94,-45.256404977663806,44.856404977663715,-1.008917344138463,7.775924088737253,raw,862.9206483304192,1.5,2.615999999999758,22.59400000000005,-22.628202488831903,22.428202488831857,470.0,2022-08
2022-08-30 06:00:00+00:00,2022-08-30 14:55:00+00:00,HTF,sell,1734.424,1723.927935142522,1742.8237838084065,1721.8243242873903,0.02,stop_loss,WEAK,107,20.99212971495581,16.799567616812965,1.2495636907908831,105.76462683609702,trail,883.912778045375,1.5,13.326000000000022,3.4139999999999873,10.496064857477904,8.399783808406482,535.0,2022-08
2022-08-30 15:25:00+00:00,2022-08-31 14:30:00+00:00,HTF,sell,1725.528,1723.0988041867738,1743.0559720881745,1699.2360418677383,0.02,stop_loss,WEAK,265,4.8583916264524305,35.05594417634893,0.1385896669053411,60.74100650724811,locked,888.7711696718275,1.5,15.970000000000027,1.490000000000009,2.4291958132262153,17.527972088174465,1385.0,2022-08
2022-08-31 15:25:00+00:00,2022-08-31 22:20:00+00:00,HTF,sell,1719.964,1706.500046330474,1728.9399691130172,1706.500046330474,0.02,take_profit,WEAK,71,26.92790733905167,17.9519382260346,1.4999999999999873,106.69971356568043,locked,915.6990770108791,1.5,14.365999999999985,1.1600000000000819,13.463953669525836,8.9759691130173,415.0,2022-08
2022-09-01 10:55:00+00:00,2022-09-02 12:30:00+00:00,HTF,sell,1701.738,1712.893425862691,1712.693425862691,1674.349435343273,0.02,stop_loss,STRONG,295,-22.31085172538178,21.91085172538169,-1.0182557942070654,47.720646057258584,raw,893.3882252854974,2.5,13.070000000000164,12.945999999999913,-11.15542586269089,10.955425862690845,1535.0,2022-09
2022-09-02 13:00:00+00:00,2022-09-02 19:35:00+00:00,HTF,buy,1707.268,1709.0306497324475,1694.18366845035,1726.894497324475,0.02,stop_loss,WEAK,79,3.5252994648949425,26.16866309929992,0.13471454202753114,54.05956969595819,locked,896.9135247503923,1.5,10.6099999999999,0.6340000000000146,1.7626497324474713,13.08433154964996,395.0,2022-09
2022-09-06 15:55:00+00:00,2022-09-07 07:45:00+00:00,HTF,sell,1702.7939999999999,1700.8012797889564,1717.4121347402895,1680.8667978895655,0.02,stop_loss,WEAK,178,3.9854404220868673,29.236269480579267,0.13631836389845395,52.792873170495426,locked,900.8989651724792,1.5,11.575999999999794,1.5300000000002,1.9927202110434337,14.618134740289634,950.0,2022-09
2022-09-07 10:55:00+00:00,2022-09-07 17:10:00+00:00,HTF,sell,1702.508,1715.796658657209,1715.596658657209,1689.419341342791,0.02,stop_loss,RANGING,75,-26.577317314417996,26.17731731441791,-1.0152804046035602,42.624688641621475,raw,874.3216478580612,1.0,5.578999999999951,13.135999999999967,-13.288658657208998,13.088658657208953,375.0,2022-09
2022-09-08 08:40:00+00:00,2022-09-08 12:20:00+00:00,HTF,buy,1718.394,1719.442579421177,1705.908205788229,1730.879794211771,0.02,stop_loss,RANGING,44,2.0971588423540197,24.971588423542016,0.0839817959027756,77.69629897355175,locked,876.4188067004152,1.0,9.701000000000022,1.8130000000001019,1.0485794211770099,12.485794211771008,220.0,2022-09
2022-09-09 06:55:00+00:00,2022-09-09 11:50:00+00:00,HTF,buy,1722.568,1723.6825399354177,1709.4226006458216,1735.7133993541784,0.02,stop_loss,RANGING,59,2.2290798708354487,26.29079870835676,0.0847855516130408,51.54655113498896,locked,878.6478865712506,1.0,6.776000000000067,1.2829999999999018,1.1145399354177243,13.14539935417838,295.0,2022-09
2022-09-09 14:25:00+00:00,2022-09-12 07:45:00+00:00,HTF,buy,1714.791,1723.7026770378802,1702.374385189402,1727.207614810598,0.02,stop_loss,RANGING,196,17.823354075760562,24.8332296211961,0.7177219535129516,93.47958503225017,trail,896.4712406470112,1.0,11.606999999999971,2.9829999999999472,8.911677037880281,12.416614810598048,3920.0,2022-09
2022-09-12 15:10:00+00:00,2022-09-13 12:30:00+00:00,HTF,buy,1729.674,1714.2554011780849,1714.455401178085,1744.892598821915,0.02,stop_loss,RANGING,244,-30.837197643830223,30.43719764383013,-1.0131418143247224,35.22663329741082,raw,865.634043003181,1.0,5.361000000000104,17.829999999999927,-15.418598821915111,15.218598821915066,1280.0,2022-09
2022-09-15 06:10:00+00:00,2022-09-15 15:00:00+00:00,HTF,sell,1687.908,1668.9485898301148,1705.609966100382,1661.3550508494268,0.02,stop_loss,WEAK,106,37.918820339770264,35.4039322007643,1.0710341474146103,92.15548849673311,trail,903.5528633429512,1.5,24.4699999999998,4.3400000000001455,18.959410169885132,17.70196610038215,530.0,2022-09
2022-09-15 15:30:00+00:00,2022-09-27 05:40:00+00:00,HTF,sell,1668.1879999999999,1633.463570406312,1706.9165680210403,1610.095147968439,0.02,stop_loss,WEAK,2090,69.44885918737555,77.45713604208095,0.8966102122552703,81.17177647670232,trail,973.0017225303268,1.5,47.15499999999997,19.76000000000022,34.72442959368777,38.72856802104047,16690.0,2022-09
2022-09-27 10:10:00+00:00,2022-09-27 17:00:00+00:00,HTF,buy,1635.195,1626.8687665204209,1627.068766520421,1655.5105836989474,0.02,stop_loss,STRONG,82,-16.65246695915812,16.252466959158028,-1.0246116482504029,35.14543370156789,raw,956.3492555711687,2.5,7.1400000000001,8.607999999999947,-8.32623347957906,8.126233479579014,410.0,2022-09
2022-09-28 15:55:00+00:00,2022-10-10 14:35:00+00:00,HTF,buy,1658.845,1669.5401033487278,1615.2645866050884,1767.7960334872791,0.02,stop_loss,STRONG,2192,21.390206697455596,87.1608267898232,0.24541078240383432,64.79057402263362,locked,977.7394622686243,2.5,70.58999999999992,17.437000000000126,10.695103348727798,43.5804133949116,17200.0,2022-09
2022-10-10 15:05:00+00:00,2022-10-13 15:35:00+00:00,HTF,sell,1665.918,1662.3269367214366,1691.1917551904216,1628.0073672143672,0.02,stop_loss,WEAK,834,7.182126557126595,50.547510380843505,0.14208665279484223,62.330798152636234,locked,984.9215888257509,1.5,23.62999999999988,17.922000000000025,3.591063278563297,25.273755190421753,4350.0,2022-10
2022-10-13 16:25:00+00:00,2022-10-14 14:05:00+00:00,HTF,sell,1666.645,1649.988,1681.9504713710992,1643.686792943351,0.02,stop_gap,WEAK,248,33.31399999999985,30.610942742198404,1.0883036266006658,93.76603297845779,trail,1018.2355888257507,1.5,21.527000000000044,5.803000000000111,16.656999999999925,15.305471371099202,1300.0,2022-10
2022-10-14 14:35:00+00:00,2022-10-20 15:00:00+00:00,HTF,sell,1649.743,1645.436556570884,1679.7859561941063,1604.6785657088403,0.02,stop_loss,WEAK,1108,8.612886858231832,60.085912388212826,0.14334286550538325,60.99266623966444,locked,1026.8484756839825,1.5,27.485999999999876,18.52500000000009,4.306443429115916,30.04295619410641,8665.0,2022-10
2022-10-20 15:30:00+00:00,2022-10-21 03:45:00+00:00,HTF,buy,1641.957,1620.594046715487,1620.794046715487,1673.7014299267698,0.02,stop_loss,WEAK,135,-42.72590656902639,42.3259065690263,-1.0094504768456114,5.484426729401807,raw,984.1225691149561,1.5,1.7409999999999854,21.44900000000007,-21.362953284513196,21.16295328451315,735.0,2022-10
2022-10-21 06:25:00+00:00,2022-10-21 12:55:00+00:00,HTF,sell,1619.828,1630.6668273390876,1630.4668273390876,1603.8697589913686,0.02,stop_loss,WEAK,78,-21.67765467817526,21.277654678175168,-1.0187990643729348,17.301405577886797,raw,962.4449144367809,1.5,2.7609999999999673,13.519999999999982,-10.83882733908763,10.638827339087584,390.0,2022-10
2022-10-24 06:40:00+00:00,2022-10-24 08:35:00+00:00,HTF,buy,1654.948,1645.4412504459956,1645.6412504459956,1668.9081243310068,0.02,stop_loss,WEAK,23,-19.013499108009,18.61349910800891,-1.0214897799537317,23.638757949099062,raw,943.4314153287719,1.5,3.2999999999999545,9.5,-9.5067495540045,9.306749554004455,115.0,2022-10
2022-10-24 10:55:00+00:00,2022-10-25 13:15:00+00:00,HTF,sell,1648.588,1646.910765767327,1661.102894884488,1629.8156576732679,0.02,stop_loss,WEAK,304,3.3544684653461445,25.02978976897612,0.1340190427609558,55.88008047915308,locked,946.785883794118,1.5,10.490000000000009,6.190000000000055,1.6772342326730723,12.514894884488058,1580.0,2022-10
2022-10-25 15:55:00+00:00,2022-10-27 07:00:00+00:00,HTF,buy,1656.098,1658.7877904358697,1627.2000956413008,1684.9959043586991,0.02,stop_loss,RANGING,445,5.379580871739563,57.79580871739836,0.09307908291488513,64.29531972067376,locked,952.1654646658576,1.0,18.580000000000155,6.539999999999964,2.6897904358697815,28.89790435869918,2345.0,2022-10
2022-10-27 14:55:00+00:00,2022-10-28 08:30:00+00:00,HTF,buy,1662.308,1649.7812927249417,1649.9812927249418,1680.7980609125873,0.02,stop_loss,WEAK,199,-25.053414550116486,24.653414550116395,-1.0162249330285245,24.607815093256377,raw,927.1120501157411,1.5,4.5499999999999545,14.509999999999991,-12.526707275058243,12.326707275058197,1055.0,2022-10
2022-11-01 11:55:00+00:00,2022-11-03 07:40:00+00:00,HTF,buy,1652.318,1628.6497494452744,1628.8497494452745,1687.5203758320881,0.02,stop_loss,WEAK,501,-47.33650110945109,46.936501109451,-1.0085221520681171,48.11891129393493,raw,879.77554900629,1.5,16.939000000000078,23.559999999999945,-23.668250554725546,23.4682505547255,2625.0,2022-11
2022-11-03 08:10:00+00:00,2022-11-04 12:35:00+00:00,HTF,sell,1628.338,1653.5514331828265,1653.3514331828264,1603.3245668171735,0.02,stop_loss,RANGING,329,-50.42686636565305,50.02686636565296,-1.007995703690022,47.41852073366445,raw,829.348682640637,1.0,11.860999999999876,27.90000000000009,-25.21343318282652,25.013433182826475,1705.0,2022-11
2022-11-04 13:10:00+00:00,2022-11-08 19:30:00+00:00,HTF,buy,1665.118,1708.6096055632281,1630.23102781614,1700.0049721838598,0.02,stop_loss,RANGING,616,86.98321112645635,69.77394436771965,1.2466431690896127,147.96354274585542,trail,916.3318937670933,1.0,51.62000000000012,3.839999999999918,43.49160556322818,34.886972183859825,6140.0,2022-11
2022-11-09 06:10:00+00:00,2022-11-17 02:20:00+00:00,HTF,buy,1708.4080000000001,1767.6067135646188,1675.6074271292373,1790.409432176907,0.02,stop_loss,STRONG,1610,118.39742712923726,65.60114574152567,1.8048073061975718,95.07029076250016,trail,1034.7293208963306,2.5,77.95899999999983,6.360000000000127,59.19871356461863,32.800572870762835,11290.0,2022-11
2022-11-17 08:55:00+00:00,2022-11-17 13:30:00+00:00,HTF,sell,1766.6979999999999,1765.1857115197597,1778.1132565349346,1749.5751151975978,0.02,stop_loss,WEAK,55,3.024576960480317,22.83051306986954,0.1324795877878009,59.569401521459376,locked,1037.753897856811,1.5,10.199999999999818,1.6800000000000637,1.5122884802401586,11.41525653493477,275.0,2022-11
2022-11-18 08:10:00+00:00,2022-11-18 14:25:00+00:00,HTF,buy,1763.797,1756.090822769157,1756.290822769157,1775.0562658462645,0.02,stop_loss,WEAK,75,-15.412354461685936,15.012354461685845,-1.0266447212541485,33.581230353969985,raw,1022.341543395125,1.5,3.780999999999949,8.797000000000025,-7.706177230842968,7.506177230842923,375.0,2022-11
2022-11-21 06:00:00+00:00,2022-11-21 13:25:00+00:00,HTF,sell,1746.268,1745.2506321178246,1754.3837858811703,1734.0943211782446,0.02,stop_loss,WEAK,89,2.0347357643508985,16.231571762340536,0.1253566687282721,77.5443490683356,locked,1024.3762791594759,1.5,9.440000000000055,0.6900000000000546,1.0173678821754493,8.115785881170268,445.0,2022-11
2022-11-21 14:10:00+00:00,2022-11-22 01:05:00+00:00,HTF,sell,1743.728,1742.3713802957232,1754.1054646951793,1728.1618029572312,0.02,stop_loss,WEAK,119,2.713239408553818,20.754929390358484,0.1307274699674107,73.17137235707307,locked,1027.0895185680297,1.5,11.3900000000001,2.5399999999999636,1.356619704276909,10.377464695179242,655.0,2022-11
2022-11-22 06:00:00+00:00,2022-11-23 07:15:00+00:00,HTF,sell,1741.9479999999999,1740.915812468102,1750.1625835459847,1729.6261246810227,0.02,stop_loss,WEAK,291,2.0643750637955236,16.429167091969703,0.12565305667896914,73.7793539105096,locked,1029.1538936318252,1.5,9.090999999999894,7.650000000000091,1.0321875318977618,8.214583545984851,1515.0,2022-11
2022-11-23 12:25:00+00:00,2022-11-23 13:35:00+00:00,HTF,sell,1737.368,1738.1280000000002,1745.0917644741137,1725.7823532888292,0.02,stop_gap,WEAK,14,-1.5200000000004366,15.447528948227502,-0.09839761460196818,79.67617371846474,locked,1027.6338936318248,1.5,9.230999999999995,2.609000000000151,-0.7600000000002183,7.72376447411375,70.0,2022-11
2022-11-23 14:25:00+00:00,2022-11-23 14:50:00+00:00,HTF,sell,1736.268,1745.1768474292103,1744.9768474292102,1723.2047288561848,0.02,stop_loss,WEAK,5,-17.81769485842051,17.41769485842042,-1.0229651514308573,4.4399292766309,raw,1009.8161987734043,1.5,0.5799999999999272,11.279999999999973,-8.908847429210255,8.70884742921021,25.0,2022-11
2022-11-24 06:40:00+00:00,2022-11-28 18:05:00+00:00,HTF,buy,1754.108,1741.1484436070662,1741.3484436070662,1773.2473345894005,0.02,stop_loss,WEAK,620,-25.919112785867583,25.51911278586749,-1.0156745261230873,49.68824781017567,raw,983.8970859875367,1.5,9.509999999999991,13.069999999999936,-12.959556392933791,12.759556392933746,6445.0,2022-11
2022-11-29 07:55:00+00:00,2022-11-30 12:35:00+00:00,HTF,buy,1754.008,1760.6447972055216,1742.6919860276082,1765.3240139723919,0.02,stop_loss,RANGING,332,13.273594411043177,22.63202794478366,0.5864960242814892,80.4170092242867,trail,997.1706803985799,1.0,9.099999999999909,7.2409999999999854,6.636797205521589,11.31601397239183,1720.0,2022-11
2022-11-30 13:25:00+00:00,2022-11-30 15:30:00+00:00,HTF,buy,1763.727,1749.4901046985813,1749.6901046985813,1777.7638953014189,0.02,stop_loss,RANGING,25,-28.47379060283765,28.073790602837562,-1.0142481649756145,5.841747640000241,raw,968.6968897957422,1.0,0.8199999999999363,14.749000000000024,-14.236895301418826,14.036895301418781,125.0,2022-11
2022-12-01 06:10:00+00:00,2022-12-01 14:35:00+00:00,HTF,buy,1781.027,1795.7297980128594,1759.8359900642981,1802.218009935702,0.02,stop_loss,RANGING,101,29.40559602571875,42.38201987140383,0.6938224302414482,90.32603947654107,trail,998.102485821461,1.0,19.14099999999985,6.56899999999996,14.702798012859375,21.191009935701913,505.0,2022-12
2022-12-01 15:05:00+00:00,2022-12-13 17:25:00+00:00,HTF,buy,1801.6480000000001,1805.6304112299142,1759.8238877008578,1843.4721122991425,0.02,stop_loss,RANGING,2236,7.964822459828157,83.64822459828474,0.095218069457884,54.29882130568373,locked,1006.0673082812891,1.0,22.70999999999981,35.64800000000014,3.982411229914078,41.82411229914237,17420.0,2022-12
2022-12-14 06:00:00+00:00,2022-12-15 08:10:00+00:00,HTF,buy,1810.7250000000001,1783.9773783398377,1784.1773783398378,1850.5464324902437,0.02,stop_loss,WEAK,302,-53.49524332032479,53.095243320324705,-1.0075336315456147,8.312106805326287,raw,952.5720649609643,1.5,3.3099999999999454,30.317000000000235,-26.747621660162395,26.54762166016235,1570.0,2022-12
2022-12-15 08:40:00+00:00,2022-12-20 08:45:00+00:00,HTF,sell,1776.645,1803.0467921406587,1802.8467921406586,1737.342311789012,0.02,stop_loss,WEAK,829,-52.8035842813174,52.40358428131731,-1.0076330656668975,7.727206810120868,raw,899.7684806796469,1.5,3.0370000000000346,28.74000000000001,-26.4017921406587,26.201792140658654,7205.0,2022-12
2022-12-20 11:55:00+00:00,2022-12-22 13:35:00+00:00,HTF,buy,1807.825,1810.602840173364,1778.0465982663604,1837.6034017336397,0.02,stop_loss,RANGING,572,5.555680346727968,59.55680346727923,0.09328372282068971,53.260078031936196,locked,905.3241610263749,1.0,15.8599999999999,9.539999999999964,2.777840173363984,29.778401733639612,2980.0,2022-12
2022-12-23 10:10:00+00:00,2022-12-23 17:45:00+00:00,HTF,buy,1797.655,1798.5377331640116,1790.4367789065893,1808.482331640116,0.02,stop_loss,WEAK,91,1.7654663280231944,14.436442186821296,0.12229234219736279,50.243219482115975,locked,907.0896273543981,1.5,5.440000000000055,6.589999999999918,0.8827331640115972,7.218221093410648,455.0,2022-12
2022-12-27 06:00:00+00:00,2022-12-27 15:40:00+00:00,HTF,buy,1806.355,1829.298,1791.922002297904,1820.787997702096,0.02,stop_gap,RANGING,116,45.88599999999997,28.865995404191835,1.5896212605000462,186.10132527146018,trail,952.9756273543981,1.0,26.8599999999999,4.166999999999916,22.942999999999984,14.432997702095918,580.0,2022-12
2022-12-27 16:10:00+00:00,2023-01-03 15:35:00+00:00,HTF,buy,1823.7250000000001,1827.9697503154,1794.0933312306668,1868.1725031540002,0.02,stop_loss,WEAK,1097,8.48950063079974,59.26333753866675,0.14325046450954115,58.81095257349096,locked,961.4651279851978,1.5,26.139999999999873,26.820000000000164,4.24475031539987,29.631668769333373,10045.0,2022-12
2023-01-03 16:25:00+00:00,2023-01-04 08:55:00+00:00,HTF,buy,1830.085,1859.0299439747266,1818.4748879494532,1859.1102801263671,0.02,stop_loss,STRONG,186,57.88988794945317,23.220224101093663,2.4930805016100845,120.41227456837133,trail,1019.355015934651,2.5,34.950000000000045,1.6400000000001,28.944943974726584,11.610112050546832,990.0,2023-01
2023-01-04 09:40:00+00:00,2023-01-05 15:15:00+00:00,HTF,buy,1860.9850000000001,1829.0828680668847,1829.2828680668847,1940.2403298327886,0.02,stop_loss,STRONG,343,-63.80426386623094,63.40426386623085,-1.0063087239817814,2.2711406334407593,raw,955.55075206842,2.5,1.7999999999999545,32.330000000000155,-31.90213193311547,31.702131933115425,1775.0,2023-01
2023-01-05 15:55:00+00:00,2023-01-06 15:05:00+00:00,HTF,sell,1826.5249999999999,1856.9658151903857,1856.7658151903856,1750.9229620240353,0.02,stop_loss,STRONG,266,-60.88163038077165,60.48163038077155,-1.0066135783291859,1.3187475188391224,raw,894.6691216876484,2.5,0.9969999999998436,33.67000000000007,-30.44081519038582,30.240815190385774,1390.0,2023-01
2023-01-06 15:55:00+00:00,2023-01-12 14:10:00+00:00,HTF,buy,1862.425,1892.425081414087,1833.2819380469568,1906.1395929295645,0.02,stop_loss,WEAK,1083,60.00016282817388,58.28612390608623,1.0294073238572083,89.32943757001132,trail,954.6692845158223,1.5,39.049999999999955,2.6779999999998836,30.000081414086935,29.143061953043116,8535.0,2023-01
2023-01-13 06:55:00+00:00,2023-01-13 08:55:00+00:00,HTF,buy,1896.185,1906.1315110011278,1885.8733700037596,1911.6524449943604,0.02,stop_loss,WEAK,24,19.893022002255748,20.623259992480598,0.9645915344862499,86.32970736193776,trail,974.562306518078,1.5,13.353000000000065,1.4800000000000182,9.946511001127874,10.311629996240299,120.0,2023-01
2023-01-13 09:25:00+00:00,2023-01-17 04:15:00+00:00,HTF,buy,1905.695,1908.4567304612483,1885.9501302583437,1935.3123046124842,0.02,stop_loss,WEAK,442,5.523460922496724,39.489739483312405,0.13987078655788124,78.29881990755159,locked,980.0857674405747,1.5,23.190000000000055,12.079999999999927,2.761730461248362,19.744869741656203,5450.0,2023-01
2023-01-17 11:55:00+00:00,2023-01-18 04:05:00+00:00,HTF,buy,1912.825,1898.5615227300066,1898.7615227300066,1933.92021590499,0.02,stop_loss,WEAK,182,-28.52695453998695,28.126954539986855,-1.0142212339210572,17.63433006210697,raw,951.5588129005878,1.5,3.7200000000000273,15.257000000000062,-14.263477269993473,14.063477269993427,970.0,2023-01
2023-01-18 12:25:00+00:00,2023-01-18 15:00:00+00:00,HTF,buy,1916.105,1917.592043234026,1904.8580451064927,1932.975432340261,0.02,stop_loss,WEAK,31,2.9740864680520644,22.493909787014672,0.13221740889922795,57.45555184657481,locked,954.5328993686398,1.5,9.692999999999984,1.349999999999909,1.4870432340260322,11.246954893507336,155.0,2023-01
2023-01-20 07:55:00+00:00,2023-01-23 07:25:00+00:00,HTF,buy,1933.175,1920.230309996934,1920.430309996934,1952.2920350045988,0.02,stop_loss,WEAK,270,-25.88938000613189,25.489380006131796,-1.0156928100998874,22.28379034183488,raw,928.643519362508,1.5,4.259999999999991,12.879999999999882,-12.944690003065944,12.744690003065898,4290.0,2023-01
2023-01-23 16:40:00+00:00,2023-01-24 01:35:00+00:00,HTF,sell,1921.0449999999998,1934.4506427545161,1934.250642754516,1901.2365358682255,0.02,stop_loss,WEAK,95,-26.81128550903259,26.411285509032496,-1.0151450409281781,9.879615032145244,raw,901.8322338534754,1.5,1.95699999999988,13.38000000000011,-13.405642754516293,13.205642754516248,535.0,2023-01
2023-01-24 06:00:00+00:00,2023-01-24 15:00:00+00:00,HTF,buy,1935.565,1920.2490741841882,1920.4490741841882,1950.6809258158119,0.02,stop_loss,RANGING,108,-30.631851631623704,30.231851631623613,-1.0132310784292708,44.873202492861125,raw,871.2003822218517,1.0,6.782999999999902,15.5,-15.315925815811852,15.115925815811806,540.0,2023-01
2023-01-25 11:55:00+00:00,2023-01-25 20:00:00+00:00,HTF,sell,1925.665,1944.5998469679598,1944.3998469679598,1906.9301530320402,0.02,stop_loss,RANGING,97,-37.86969393591971,37.46969393591962,-1.0106752940305348,31.855077387109176,raw,833.330688285932,1.0,5.968000000000075,20.819999999999936,-18.934846967959857,18.73484696795981,485.0,2023-01
2023-01-26 06:10:00+00:00,2023-01-27 15:45:00+00:00,HTF,buy,1948.7150000000001,1918.2806529107809,1918.480652910781,1978.9493470892194,0.02,stop_loss,RANGING,391,-60.868694178438545,60.468694178438454,-1.0066149931867179,0.5291994549368201,raw,772.4619941074934,1.0,0.15999999999985448,32.190000000000055,-30.434347089219273,30.234347089219227,2015.0,2023-01
2023-01-30 14:55:00+00:00,2023-01-31 12:40:00+00:00,HTF,sell,1924.955,1904.8485147686317,1936.833382562105,1907.1374261568421,0.02,stop_loss,WEAK,249,40.21297046273639,23.756765124210233,1.6926955438792397,136.32608016005324,trail,812.6749645702298,1.5,24.289999999999964,4.230000000000018,20.106485231368197,11.878382562105116,1305.0,2023-01
2023-02-02 07:55:00+00:00,2023-02-02 13:55:00+00:00,HTF,buy,1955.635,1944.383299930465,1944.583299930465,1972.2125501043024,0.02,stop_loss,WEAK,72,-22.50340013906998,22.10340013906989,-1.0180967632800102,23.525792264008377,raw,790.1715644311598,1.5,3.900000000000091,12.39799999999991,-11.25170006953499,11.051700069534945,360.0,2023-02
2023-02-03 10:55:00+00:00,2023-02-03 13:30:00+00:00,HTF,sell,1911.605,1894.9638691007017,1922.6990872661988,1894.9638691007017,0.02,take_profit,WEAK,31,33.282261798596664,22.188174532397625,1.5000000000000102,105.74401527447843,raw,823.4538262297565,1.5,17.59699999999998,5.379999999999882,16.641130899298332,11.094087266198812,155.0,2023-02
2023-02-03 14:00:00+00:00,2023-02-16 08:15:00+00:00,HTF,sell,1883.645,1844.2032401921106,1923.339133973702,1824.103799039447,0.02,stop_loss,WEAK,2415,78.88351961577882,79.38826794740407,0.9936420286690263,89.29950881445288,trail,902.3373458455353,1.5,53.17000000000007,6.4529999999999745,39.44175980788941,39.69413397370204,18375.0,2023-02
2023-02-17 06:40:00+00:00,2023-02-17 15:30:00+00:00,HTF,sell,1823.625,1837.2220918161026,1837.0220918161026,1803.529362275846,0.02,stop_loss,WEAK,106,-27.194183632205295,26.794183632205204,-1.0149286130710589,23.98530500082886,raw,875.14316221333,1.5,4.819999999999936,14.920000000000073,-13.597091816102647,13.397091816102602,530.0,2023-02
2023-02-17 16:25:00+00:00,2023-02-23 06:30:00+00:00,HTF,sell,1835.155,1833.3601317149487,1848.454121900342,1815.206317149487,0.02,stop_loss,WEAK,955,3.589736570102559,26.59824380068403,0.1349614131294729,60.705762334020285,locked,878.7328987834326,1.5,12.1099999999999,12.25,1.7948682850512796,13.299121900342016,8045.0,2023-02
2023-02-23 11:55:00+00:00,2023-02-23 13:35:00+00:00,HTF,sell,1826.215,1825.416989738738,1836.19510261262,1816.2348973873798,0.02,stop_loss,RANGING,20,1.5960205225237587,19.960205225240315,0.07996012588615772,63.29594238852775,locked,880.3289193059563,1.0,6.317000000000007,2.1700000000000728,0.7980102612618794,9.980102612620158,100.0,2023-02
2023-02-23 14:05:00+00:00,2023-02-23 19:15:00+00:00,HTF,sell,1825.0249999999999,1824.106153397177,1836.2134660282286,1813.8365339717711,0.02,stop_loss,RANGING,62,1.8376932056457917,22.376932056457463,0.08212444856199473,59.43620853137308,locked,882.1666125116021,1.0,6.649999999999864,5.000000000000227,0.9188466028228959,11.188466028228731,310.0,2023-02
2023-02-24 09:55:00+00:00,2023-02-24 13:35:00+00:00,HTF,sell,1821.325,1816.428,1832.7299368263732,1809.9200631736269,0.02,stop_gap,RANGING,44,9.793999999999869,22.80987365274632,0.42937546034239726,86.07675912153101,trail,891.960612511602,1.0,9.817000000000007,2.6130000000000564,4.8969999999999345,11.40493682637316,220.0,2023-02
2023-02-24 14:10:00+00:00,2023-03-01 04:00:00+00:00,HTF,sell,1811.675,1831.6304054742309,1831.4304054742308,1791.919594525769,0.02,stop_loss,RANGING,706,-39.91081094846186,39.51081094846177,-1.0101238114429454,35.84335441373967,raw,852.0498015631401,1.0,7.080999999999904,19.789999999999964,-19.95540547423093,19.755405474230884,6590.0,2023-02
2023-03-01 06:00:00+00:00,2023-03-01 07:30:00+00:00,HTF,buy,1831.608,1832.354487010576,1822.143129894239,1841.0728701057608,0.02,stop_loss,RANGING,18,1.4929740211518947,18.929740211521676,0.0788692292904891,52.372615203488174,locked,853.542775584292,1.0,4.957000000000107,0.21299999999996544,0.7464870105759474,9.464870105760838,90.0,2023-03
2023-03-01 08:25:00+00:00,2023-03-01 13:30:00+00:00,HTF,buy,1833.815,1834.803329616262,1821.9317038373797,1845.6982961626204,0.02,stop_loss,RANGING,61,1.9766592325240708,23.76659232524071,0.08316965282502069,64.79683662367074,locked,855.5194348168161,1.0,7.7000000000000455,3.490000000000009,0.9883296162620354,11.883296162620354,305.0,2023-03
2023-03-01 14:10:00+00:00,2023-03-03 15:05:00+00:00,HTF,buy,1837.7050000000002,1839.180265894916,1820.9523410508427,1854.4576589491576,0.02,stop_loss,RANGING,563,2.9505317898315297,33.50531789831484,0.08806159663328929,68.22797524075848,locked,858.4699666066476,1.0,11.429999999999836,7.851000000000113,1.4752658949157649,16.75265894915742,2935.0,2023-03
2023-03-06 06:25:00+00:00,2023-03-06 19:15:00+00:00,HTF,buy,1853.805,1845.3757818392696,1845.5757818392697,1866.1488272410957,0.02,stop_loss,WEAK,154,-16.858436321460886,16.458436321460795,-1.0243036453881416,35.345601609477676,raw,841.6115302851867,1.5,4.362999999999829,8.789999999999964,-8.429218160730443,8.229218160730397,770.0,2023-03
2023-03-07 06:00:00+00:00,2023-03-07 11:25:00+00:00,HTF,buy,1848.135,1842.1724595862543,1842.3724595862543,1856.7788106206185,0.02,stop_loss,WEAK,65,-11.925080827491456,11.525080827491365,-1.0347069149437937,39.56588303591673,raw,829.6864494576953,1.5,3.4200000000000728,6.029999999999973,-5.962540413745728,5.762540413745683,325.0,2023-03
2023-03-07 15:55:00+00:00,2023-03-10 14:35:00+00:00,HTF,sell,1817.705,1856.2848687864728,1856.0848687864727,1760.1351968202907,0.02,stop_loss,WEAK,812,-77.15973757294569,76.7597375729456,-1.0052110652361204,14.689992900619464,raw,752.5267118847496,1.5,8.45699999999988,39.28300000000013,-38.579868786472844,38.3798687864728,4240.0,2023-03
2023-03-10 15:05:00+00:00,2023-03-13 13:55:00+00:00,HTF,buy,1859.665,1898.818836139302,1824.2011204643406,1912.8608193034888,0.02,stop_loss,WEAK,274,78.30767227860406,70.92775907131863,1.1040483063882625,93.97918982088342,trail,830.8343841633537,1.5,49.99299999999994,5.6599999999998545,39.15383613930203,35.463879535659316,4250.0,2023-03
2023-03-13 14:40:00+00:00,2023-03-20 01:00:00+00:00,HTF,buy,1909.7150000000001,1970.176173933893,1869.3713478677867,2010.574130330534,0.02,stop_loss,STRONG,1216,120.9223478677859,80.68730426442698,1.4986539576474305,80.14445468158937,trail,951.7567320311396,2.5,80.83299999999986,24.15000000000009,60.46117393389295,40.34365213221349,9260.0,2023-03
2023-03-20 06:00:00+00:00,2023-03-21 13:45:00+00:00,HTF,buy,1991.615,1954.7316471589322,1954.9316471589323,2083.3233821026693,0.02,stop_loss,STRONG,369,-73.76670568213558,73.36670568213549,-1.0054520643428249,19.714664663649863,raw,877.990026349004,2.5,18.079999999999927,39.1400000000001,-36.88335284106779,36.683352841067745,1905.0,2023-03
2023-03-21 15:55:00+00:00,2023-03-22 18:00:00+00:00,HTF,sell,1947.855,1962.2614114766811,1962.061411476681,1912.3389713082975,0.02,stop_loss,STRONG,301,-28.81282295336223,28.412822953362138,-1.014078150582104,38.517819992627885,raw,849.1772033956418,2.5,13.680000000000064,18.480000000000018,-14.406411476681114,14.206411476681069,1565.0,2023-03
2023-03-23 06:00:00+00:00,2023-04-10 13:00:00+00:00,HTF,buy,1978.2150000000001,1988.273009388871,1937.1829624445163,2080.7950938887097,0.02,stop_loss,STRONG,3120,20.11601877774183,82.06407511096768,0.24512575996915573,52.4010048755826,locked,869.2932221733836,2.5,53.75299999999993,34.320000000000164,10.058009388870914,41.03203755548384,26340.0,2023-03
2023-04-10 15:55:00+00:00,2023-04-12 01:40:00+00:00,HTF,sell,1988.375,2012.3324346467793,2012.1324346467793,1952.738848029831,0.02,stop_loss,WEAK,381,-47.914869293558695,47.514869293558604,-1.0084184173490784,3.8472167285282524,raw,821.3783528798249,1.5,1.3710000000000946,24.74000000000001,-23.957434646779348,23.757434646779302,2025.0,2023-04
2023-04-12 07:10:00+00:00,2023-04-12 13:10:00+00:00,HTF,buy,2015.9080000000001,2017.567607828524,1997.3119217147605,2034.5040782852398,0.02,stop_loss,RANGING,72,3.319215657047607,37.192156570479256,0.0892450442005879,66.28817006962244,locked,824.6975685368725,1.0,12.32699999999977,9.608000000000175,1.6596078285238036,18.596078285239628,360.0,2023-04
2023-04-13 06:40:00+00:00,2023-04-13 13:05:00+00:00,HTF,buy,2022.925,2041.3403304319277,2009.0427681064257,2043.7483478403615,0.02,stop_loss,WEAK,77,36.83066086385543,27.764463787148543,1.3265396063907922,109.39643411155005,trail,861.5282294007279,1.5,22.779999999999973,2.9610000000000127,18.415330431927714,13.882231893574271,385.0,2023-04
2023-04-13 13:35:00+00:00,2023-04-14 14:20:00+00:00,HTF,buy,2042.635,2009.0341950259817,2009.2341950259818,2092.7362074610273,0.02,stop_loss,WEAK,285,-67.20160994803655,66.80160994803646,-1.0059878796380992,11.782151167897176,raw,794.3266194526914,1.5,5.90300000000002,34.82999999999993,-33.600804974018274,33.40080497401823,1485.0,2023-04
2023-04-17 06:55:00+00:00,2023-04-17 14:50:00+00:00,HTF,sell,2011.085,1986.0391192533316,2027.3020641777719,1986.7594037333424,0.02,stop_loss,WEAK,95,50.0917614933369,32.434128355543635,1.5444152204193649,123.78319392430424,trail,844.4183809460283,1.5,30.111000000000104,3.7999999999999545,25.045880746668445,16.217064177771817,475.0,2023-04
2023-04-17 16:10:00+00:00,2023-05-03 14:50:00+00:00,HTF,sell,1987.825,2020.8657222303038,2020.6657222303038,1938.5639166545443,0.02,stop_loss,WEAK,3296,-66.0814444606076,65.68144446060751,-1.0060900000492528,37.900100306507674,raw,778.3369364854207,1.5,18.670000000000073,33.822999999999865,-33.0407222303038,32.840722230303754,22960.0,2023-04
2023-05-03 17:55:00+00:00,2023-05-03 18:00:00+00:00,HTF,buy,2023.395,2034.768193206275,2015.8128711958166,2034.768193206275,0.02,take_profit,WEAK,1,22.746386412550237,15.164257608366825,1.5,110.3384051637856,raw,801.0833228979709,1.5,12.548999999999978,0.18000000000006366,11.373193206275118,7.582128804183412,5.0,2023-05
2023-05-04 07:10:00+00:00,2023-05-04 14:35:00+00:00,HTF,buy,2035.3880000000001,2054.2837620400846,2027.8655240801693,2054.1941897995775,0.02,stop_loss,STRONG,89,37.79152408016898,15.044951839661735,2.511907281786199,121.53977091368809,trail,838.8748469781399,2.5,22.856999999999744,5.1740000000002055,18.89576204008449,7.5224759198308675,445.0,2023-05
2023-05-04 15:05:00+00:00,2023-05-05 12:30:00+00:00,HTF,buy,2048.375,2023.070690732381,2023.2706907323811,2111.1357731690473,0.02,stop_loss,STRONG,245,-50.60861853523784,50.20861853523775,-1.007966759725113,9.018372008825546,raw,788.266228442902,2.5,5.6599999999998545,28.039999999999964,-25.30430926761892,25.104309267618873,1285.0,2023-05
2023-05-05 16:40:00+00:00,2023-05-10 12:30:00+00:00,HTF,sell,2018.024,2042.4941160562173,2042.2941160562173,1957.3487098594564,0.02,stop_loss,STRONG,778,-48.94023211243484,48.54023211243475,-1.0082405868821056,7.614302279063666,raw,739.3259963304672,2.5,4.619999999999891,27.720000000000027,-24.47011605621742,24.270116056217375,6950.0,2023-05
2023-05-11 12:55:00+00:00,2023-05-11 13:45:00+00:00,HTF,buy,2037.584,2021.4588502111665,2021.6588502111665,2061.4717246832506,0.02,stop_loss,WEAK,10,-32.25029957766719,31.8502995776671,-1.012558751575466,1.7163627153126717,raw,707.0756967528,1.5,0.4099999999998545,20.13000000000011,-16.125149788833596,15.92514978883355,50.0,2023-05
2023-05-11 15:55:00+00:00,2023-05-19 06:05:00+00:00,HTF,sell,2013.274,1964.3734958767566,2050.5689862558556,1957.3315206162163,0.02,stop_loss,WEAK,1538,97.80100824648662,74.5899725117115,1.311181717235929,109.73592996987382,trail,804.8767049992866,1.5,61.388999999999896,9.220000000000027,48.90050412324331,37.29498625585575,10930.0,2023-05
2023-05-19 15:10:00+00:00,2023-05-19 15:15:00+00:00,HTF,sell,1967.085,1969.401366767226,1969.2013667672259,1963.9104498491613,0.03,stop_loss,WEAK,1,-6.949100301677618,6.349100301677481,-1.0945015784112926,0.0,raw,797.927604697609,1.5,0.0,7.7000000000000455,-2.3163667672258725,2.116366767225827,5.0,2023-05
2023-05-22 14:40:00+00:00,2023-05-23 02:45:00+00:00,HTF,sell,1974.165,1963.785066297877,1984.8652209929232,1958.114668510615,0.02,stop_loss,WEAK,133,20.75986740424605,21.400441985846555,0.9700672265542853,87.22561281216574,trail,818.6874721018551,1.5,14.0,4.613000000000056,10.379933702123026,10.700220992923278,725.0,2023-05
2023-05-23 06:00:00+00:00,2023-05-23 13:55:00+00:00,HTF,sell,1960.145,1972.3658386123454,1972.1658386123454,1942.1137420814819,0.02,stop_loss,WEAK,95,-24.44167722469092,24.04167722469083,-1.0166377743225539,33.61385005632507,raw,794.2457948771641,1.5,6.060999999999922,13.139000000000124,-12.22083861234546,12.020838612345415,475.0,2023-05
2023-05-24 11:55:00+00:00,2023-05-24 15:55:00+00:00,HTF,buy,1982.015,1960.3354516071765,1960.5354516071766,2003.4945483928236,0.02,stop_loss,RANGING,48,-43.359096785647125,42.959096785647034,-1.0093111827279788,14.800124946118459,raw,750.886698091517,1.0,3.17899999999986,21.6400000000001,-21.679548392823563,21.479548392823517,240.0,2023-05
2023-05-25 06:00:00+00:00,2023-05-25 13:20:00+00:00,HTF,sell,1954.675,1952.82251058841,1975.1998941158995,1934.1501058841004,0.02,stop_loss,RANGING,88,3.704978823179772,41.049788231799084,0.09025573535869601,76.15630030408467,locked,754.5916769146968,1.0,15.630999999999858,9.950000000000045,1.852489411589886,20.524894115899542,440.0,2023-05
2023-05-29 10:25:00+00:00,2023-05-30 05:20:00+00:00,HTF,sell,1944.175,1934.0358733475346,1950.9344177683101,1934.0358733475346,0.02,take_profit,WEAK,185,20.278253304930786,13.518835536620372,1.5000000000000169,103.65784312837651,locked,774.8699302196276,1.5,10.509999999999991,5.400000000000091,10.139126652465393,6.759417768310186,1135.0,2023-05
2023-05-30 06:00:00+00:00,2023-05-30 09:55:00+00:00,HTF,sell,1934.315,1950.452880922966,1950.252880922966,1910.4081786155512,0.02,stop_loss,WEAK,47,-32.27576184593181,31.87576184593172,-1.012548719680284,9.369710694609958,raw,742.5941683736958,1.5,2.240000000000009,18.569999999999936,-16.137880922965905,15.93788092296586,235.0,2023-05
2023-05-30 15:55:00+00:00,2023-06-02 13:45:00+00:00,HTF,buy,1962.1580000000001,1965.219901852247,1940.4119876516872,1994.7770185224695,0.02,stop_loss,WEAK,802,6.123803704493639,43.492024696625776,0.1408029115041117,64.86093376913259,locked,748.7179720781894,1.5,21.156999999999925,8.90300000000002,3.0619018522468195,21.746012348312888,4190.0,2023-05
2023-06-02 15:55:00+00:00,2023-06-05 08:10:00+00:00,HTF,sell,1961.7749999999999,1942.1440204690596,1973.7050682301979,1943.8798976547027,0.02,stop_loss,WEAK,183,39.26195906188059,23.860136460396006,1.64550438037306,130.81791625602,trail,787.97993114007,1.5,23.409999999999854,0.3300000000001546,19.630979530940294,11.930068230198003,3855.0,2023-06
2023-06-05 08:55:00+00:00,2023-06-05 14:00:00+00:00,HTF,sell,1941.988,1953.7465543587648,1953.5465543587648,1924.650168461853,0.02,stop_loss,WEAK,61,-23.51710871752948,23.11710871752939,-1.0173032019223398,22.7421750599231,raw,764.4628224225405,1.5,3.9429999999999836,19.30600000000004,-11.75855435876474,11.558554358764695,305.0,2023-06
2023-06-07 15:55:00+00:00,2023-06-15 13:40:00+00:00,HTF,sell,1946.865,1943.782639822096,1979.688601779041,1914.041398220959,0.02,stop_loss,RANGING,1629,6.164720355808186,65.64720355808186,0.09390682346969895,66.92440442056188,locked,770.6275427783487,1.0,21.9670000000001,26.063000000000102,3.082360177904093,32.82360177904093,11385.0,2023-06
2023-06-20 15:55:00+00:00,2023-06-21 13:45:00+00:00,HTF,sell,1934.865,1923.9550000000002,1953.3436471692632,1916.3863528307368,0.02,stop_gap,RANGING,250,21.81999999999971,36.95729433852648,0.5904111864935211,85.44997832019065,trail,792.4475427783484,1.0,15.789999999999964,4.509999999999991,10.909999999999854,18.47864716926324,1310.0,2023-06
2023-06-21 14:25:00+00:00,2023-06-22 14:35:00+00:00,HTF,sell,1930.378,1919.0741871349899,1940.0752904499666,1915.83206432505,0.02,stop_loss,WEAK,278,22.607625730020118,19.394580899933317,1.1656671441710735,101.49226787399965,trail,815.0551685083685,1.5,14.76299999999992,7.12700000000018,11.303812865010059,9.697290449966658,1450.0,2023-06
2023-06-22 15:05:00+00:00,2023-06-29 14:50:00+00:00,HTF,sell,1915.565,1912.4504041305302,1937.6623057964662,1882.4190413053009,0.02,stop_loss,WEAK,1377,6.2291917389397895,44.19461159293223,0.1409491228549678,68.33412244498562,locked,821.2843602473083,1.5,22.65000000000009,21.673000000000002,3.1145958694698948,22.097305796466117,10065.0,2023-06
2023-07-04 06:55:00+00:00,2023-07-05 13:30:00+00:00,HTF,buy,1927.575,1928.556837965427,1919.696080230488,1939.3933796542683,0.02,stop_loss,WEAK,325,1.9636759308536966,15.757839539024191,0.12461580954614149,62.02203867560362,locked,823.248036178162,1.5,7.329999999999927,6.830000000000155,0.9818379654268483,7.878919769512095,1835.0,2023-07
2023-07-06 10:55:00+00:00,2023-07-06 12:20:00+00:00,HTF,buy,1924.935,1910.6220073565885,1910.8220073565885,1939.0479926434114,0.02,stop_loss,RANGING,17,-28.625985286822925,28.225985286822837,-1.0141713387835862,18.210170336905517,raw,794.6220508913391,1.0,2.5700000000001637,16.799999999999955,-14.312992643411462,14.112992643411417,85.0,2023-07
2023-07-07 07:10:00+00:00,2023-07-07 14:35:00+00:00,HTF,sell,1913.705,1930.970484810066,1930.770484810066,1896.639515189934,0.02,stop_loss,RANGING,89,-34.530969620132055,34.130969620131964,-1.0117195615727292,2.7540969695909276,raw,760.091081271207,1.0,0.4700000000000273,18.480000000000018,-17.265484810066027,17.065484810065982,445.0,2023-07
2023-07-11 06:10:00+00:00,2023-07-11 07:10:00+00:00,HTF,buy,1930.358,1931.421226258529,1917.7257374147098,1942.99026258529,0.02,stop_loss,RANGING,12,2.126452517058169,25.264525170580328,0.08416752354144182,62.59369567893231,locked,762.2175337882652,1.0,7.907000000000153,0.2239999999999327,1.0632262585290846,12.632262585290164,60.0,2023-07
2023-07-11 07:55:00+00:00,2023-07-12 07:10:00+00:00,HTF,buy,1932.375,1933.7168022331193,1916.9569776688058,1947.7930223311942,0.02,stop_loss,RANGING,267,2.6836044662386485,30.836044662388307,0.08702816770504698,55.00056893057585,locked,764.9011382545038,1.0,8.480000000000018,3.119999999999891,1.3418022331193242,15.418022331194152,1395.0,2023-07
2023-07-12 07:55:00+00:00,2023-07-12 12:30:00+00:00,HTF,buy,1934.815,1942.4710459793184,1927.1589540206817,1942.4710459793184,0.02,take_profit,RANGING,55,15.312091958636756,15.312091958636756,1.0,153.08163027834198,raw,780.2132302131406,1.0,11.720000000000027,1.3800000000001091,7.656045979318378,7.656045979318378,275.0,2023-07
2023-07-12 13:00:00+00:00,2023-07-12 14:00:00+00:00,HTF,buy,1943.515,1953.9032441230593,1927.656220615296,1959.3737793847042,0.02,stop_loss,RANGING,12,20.776488246118333,31.717558769408242,0.6550468904989425,86.76582015682484,trail,800.9897184592589,1.0,13.759999999999991,1.0700000000001637,10.388244123059167,15.858779384704121,60.0,2023-07
2023-07-12 14:30:00+00:00,2023-07-18 15:55:00+00:00,HTF,buy,1953.9850000000001,1977.7330838285548,1925.7104191427748,1982.2595808572255,0.02,stop_loss,RANGING,1121,47.496167657109254,56.54916171445075,0.8399093146056653,106.8450851757891,trail,848.4858861163682,1.0,30.20999999999981,8.347000000000207,23.748083828554627,28.274580857225374,8725.0,2023-07
2023-07-18 16:55:00+00:00,2023-07-20 16:20:00+00:00,HTF,buy,1977.9850000000001,1965.2089096254335,1965.4089096254336,1996.8491355618498,0.02,stop_loss,WEAK,545,-25.552180749133186,25.152180749133095,-1.015903193603357,49.830006623839985,raw,822.933705367235,1.5,9.399999999999864,12.680000000000064,-12.776090374566593,12.576090374566547,2845.0,2023-07
2023-07-21 06:55:00+00:00,2023-07-21 08:00:00+00:00,HTF,buy,1970.845,1963.8150256981407,1964.0150256981408,1981.0899614527889,0.02,stop_loss,WEAK,13,-14.059948603718567,13.659948603718478,-1.0292826870440202,2.147397049894604,raw,808.8737567635164,1.5,0.22000000000002728,7.0499999999999545,-7.0299743018592835,6.829974301859238,65.0,2023-07
2023-07-21 12:55:00+00:00,2023-07-25 01:35:00+00:00,HTF,sell,1962.725,1961.3261148435033,1973.3842343766444,1946.736148435033,0.02,stop_loss,WEAK,416,2.7977703129931797,21.318468753288926,0.13123692631824466,59.91674862371402,locked,811.6715270765096,1.5,9.579999999999927,5.0,1.3988851564965898,10.659234376644463,5080.0,2023-07
2023-07-25 08:10:00+00:00,2023-07-26 07:25:00+00:00,HTF,buy,1959.945,1968.4994541059286,1949.3522705296434,1970.5377294703565,0.02,stop_loss,RANGING,267,17.108908211857397,21.185458940713033,0.8075778891425596,102.64587640445137,trail,828.780435288367,1.0,10.873000000000047,8.047000000000025,8.554454105928698,10.592729470356517,1395.0,2023-07
2023-07-26 08:10:00+00:00,2023-07-27 12:25:00+00:00,HTF,buy,1971.295,1972.753185405562,1954.7131459443817,1987.8768540556184,0.02,stop_loss,RANGING,327,2.91637081112367,33.1637081112367,0.08793862258531729,65.07113115221298,locked,831.6968060994907,1.0,10.789999999999964,7.509999999999991,1.458185405561835,16.58185405561835,1695.0,2023-07
2023-07-27 17:55:00+00:00,2023-07-31 13:45:00+00:00,HTF,sell,1948.5349999999999,1969.6168130028723,1969.4168130028722,1927.6531869971275,0.02,stop_loss,RANGING,502,-42.163626005744845,41.763626005744754,-1.0095777124319874,25.04571800964018,raw,789.5331800937458,1.0,5.229999999999791,23.15000000000009,-21.081813002872423,20.881813002872377,5510.0,2023-07
2023-07-31 15:55:00+00:00,2023-08-01 12:40:00+00:00,HTF,buy,1970.758,1948.008983161045,1948.2089831610451,1993.307016838955,0.02,stop_loss,RANGING,237,-45.498033677909916,45.098033677909825,-1.0088695663065244,6.195392065105584,raw,744.0351464158359,1.0,1.3969999999999345,23.013000000000147,-22.749016838954958,22.549016838954913,1245.0,2023-07
2023-08-01 13:10:00+00:00,2023-08-03 12:30:00+00:00,HTF,sell,1947.055,1934.0220499792922,1969.0402498964606,1925.0697501035395,0.02,stop_loss,RANGING,544,26.06590004141572,43.970499792921146,0.5928042702305625,80.19012784948322,trail,770.1010464572516,1.0,17.63000000000011,7.619999999999891,13.032950020707858,21.985249896460573,2840.0,2023-08
2023-08-03 13:25:00+00:00,2023-08-04 12:35:00+00:00,HTF,sell,1933.135,1935.365,1945.5683194511578,1920.7016805488422,0.02,stop_gap,RANGING,266,-4.460000000000036,24.86663890231557,-0.17935676862162192,66.24940372808528,locked,765.6410464572516,1.0,8.23700000000008,5.519999999999982,-2.230000000000018,12.433319451157786,1390.0,2023-08
2023-08-07 15:55:00+00:00,2023-08-08 13:35:00+00:00,HTF,sell,1932.225,1925.4950000000001,1944.1785940205268,1920.271405979473,0.02,stop_gap,RANGING,248,13.45999999999958,23.907188041053814,0.5630105881497166,80.05960369380269,trail,779.1010464572512,1.0,9.569999999999936,5.720000000000027,6.729999999999791,11.953594020526907,1300.0,2023-08
2023-08-08 15:55:00+00:00,2023-08-09 23:20:00+00:00,HTF,sell,1925.485,1916.9684653495162,1939.9023267475814,1911.0676732524184,0.02,stop_loss,RANGING,353,17.033069300967327,28.83465349516291,0.5907152414307552,83.09446133631859,trail,796.1341157582185,1.0,11.97999999999979,6.770000000000209,8.516534650483663,14.417326747581455,1885.0,2023-08
2023-08-10 06:40:00+00:00,2023-08-10 12:30:00+00:00,HTF,sell,1917.628,1927.170807673869,1926.9708076738689,1908.285192326131,0.02,stop_loss,RANGING,70,-19.085615347737985,18.685615347737894,-1.0214068411746748,4.388402440805779,raw,777.0485004104805,1.0,0.4099999999998545,12.366999999999962,-9.542807673868992,9.342807673868947,350.0,2023-08
2023-08-10 13:00:00+00:00,2023-08-14 01:20:00+00:00,HTF,buy,1925.875,1909.7663510784491,1909.9663510784492,1941.7836489215508,0.02,stop_loss,RANGING,412,-32.21729784310173,31.817297843101645,-1.0125717778414929,1.5086133409788842,raw,744.8312025673788,1.0,0.2400000000000091,15.93100000000004,-16.108648921550866,15.90864892155082,5060.0,2023-08
2023-08-14 06:55:00+00:00,2023-08-14 12:50:00+00:00,HTF,sell,1911.825,1911.2035667469186,1920.0393325308157,1903.6106674691844,0.02,stop_loss,RANGING,71,1.2428665061629545,16.428665061631364,0.07565231268033035,72.0691544661903,locked,746.0740690735418,1.0,5.920000000000073,4.309999999999945,0.6214332530814772,8.214332530815682,355.0,2023-08
2023-08-14 16:55:00+00:00,2023-08-15 01:40:00+00:00,HTF,sell,1911.625,1905.621236916791,1920.756184583955,1902.493815416045,0.02,stop_loss,RANGING,93,12.007526166417847,18.262369167910038,0.6575010096453986,87.94039728547371,trail,758.0815952399596,1.0,8.029999999999973,1.4200000000000728,6.0037630832089235,9.131184583955019,525.0,2023-08
2023-08-15 06:00:00+00:00,2023-08-15 12:35:00+00:00,HTF,sell,1905.7749999999999,1901.4550000000002,1915.8008119592885,1895.7491880407113,0.02,stop_gap,RANGING,79,8.639999999999418,20.051623918577206,0.4308877941798383,95.35387297128491,trail,766.721595239959,1.0,9.559999999999945,1.2600000000002183,4.319999999999709,10.025811959288603,395.0,2023-08
2023-08-15 13:55:00+00:00,2023-08-16 22:00:00+00:00,HTF,sell,1903.495,1893.9391274287386,1916.4506371436928,1890.539362856307,0.02,stop_loss,RANGING,361,19.111745142522523,25.911274287385822,0.7375841469837143,95.30214425626123,trail,785.8333403824815,1.0,12.34699999999998,8.0300000000002,9.555872571261261,12.955637143692911,1925.0,2023-08
2023-08-17 06:00:00+00:00,2023-08-18 00:35:00+00:00,HTF,sell,1893.185,1892.0100806825071,1906.9341931749277,1879.4358068250722,0.02,stop_loss,RANGING,211,2.3498386349856446,27.498386349855537,0.08545369190356109,60.076252438306334,locked,788.1831790174672,1.0,8.259999999999991,10.190000000000055,1.1749193174928223,13.749193174927768,1115.0,2023-08
2023-08-18 06:00:00+00:00,2023-08-21 01:35:00+00:00,HTF,buy,1893.255,1884.9611236805622,1885.1611236805622,1901.348876319438,0.02,stop_loss,RANGING,223,-16.587752638875827,16.187752638875736,-1.024710039059991,42.29123185116491,raw,771.5954263785914,1.0,3.423000000000002,8.13000000000011,-8.293876319437913,8.093876319437868,4055.0,2023-08
2023-08-21 08:10:00+00:00,2023-08-21 12:35:00+00:00,HTF,sell,1888.7549999999999,1895.7688740425028,1895.5688740425028,1878.5341889362455,0.02,stop_loss,WEAK,53,-14.027748085005898,13.627748085005805,-1.029351878058283,19.95927707962759,raw,757.5676782935855,1.5,2.0399999999999636,6.880000000000109,-7.013874042502948,6.813874042502903,265.0,2023-08
2023-08-22 07:55:00+00:00,2023-08-23 13:45:00+00:00,HTF,buy,1901.595,1916.19076541411,1886.99923458589,1916.19076541411,0.02,take_profit,RANGING,346,29.191530828220042,29.191530828220042,1.0,110.23745273711643,locked,786.7592091218055,1.0,16.089999999999918,12.576999999999998,14.59576541411002,14.59576541411002,1790.0,2023-08
2023-08-23 15:55:00+00:00,2023-08-25 14:35:00+00:00,HTF,buy,1918.415,1906.687282131006,1906.887282131006,1929.942717868994,0.02,stop_loss,RANGING,536,-23.455435737987955,23.055435737987864,-1.017349487754032,41.72551804843687,raw,763.3037733838175,1.0,4.809999999999945,11.710000000000036,-11.727717868993977,11.527717868993932,2800.0,2023-08
2023-08-29 06:00:00+00:00,2023-08-29 11:40:00+00:00,HTF,buy,1924.938,1917.7827501117774,1917.9827501117775,1931.8932498882227,0.02,stop_loss,RANGING,68,-14.31049977644534,13.910499776445247,-1.028755257282518,2.25728769667607,raw,748.9932736073722,1.0,0.15699999999992542,7.053000000000111,-7.15524988822267,6.955249888222625,340.0,2023-08
2023-08-29 15:55:00+00:00,2023-09-01 14:00:00+00:00,HTF,buy,1936.815,1939.5953386045157,1907.0116139548434,1966.6183860451567,0.02,stop_loss,RANGING,805,5.5606772090313825,59.60677209031338,0.09328935310582002,53.98715426368369,locked,754.5539508164036,1.0,16.089999999999918,2.8500000000001364,2.7803386045156913,29.803386045156685,4205.0,2023-08
2023-09-04 06:25:00+00:00,2023-09-05 01:50:00+00:00,HTF,buy,1946.145,1935.6563280319376,1935.8563280319377,1961.5780079520935,0.02,stop_loss,WEAK,191,-20.977343936124726,20.577343936124635,-1.0194388547541293,0.2591847300547632,raw,733.5766068802789,1.5,0.03999999999996362,10.990000000000009,-10.488671968062363,10.288671968062317,1165.0,2023-09
2023-09-05 06:00:00+00:00,2023-09-05 12:40:00+00:00,HTF,sell,1936.465,1930.0666670275873,1942.2938900919573,1927.7216648620638,0.02,stop_loss,WEAK,80,12.796665944825236,11.657780183914838,1.0976931922667241,99.01256057815276,trail,746.3732728251041,1.5,8.656999999999925,1.663000000000011,6.398332972412618,5.828890091957419,400.0,2023-09
2023-09-05 13:40:00+00:00,2023-09-06 02:30:00+00:00,HTF,sell,1931.5149999999999,1925.9272495265075,1939.661247632537,1923.3687523674628,0.02,stop_loss,RANGING,142,11.175500946984812,16.292495265074194,0.6859293659542408,91.04805469423152,trail,757.5487737720889,1.0,7.416999999999916,2.150000000000091,5.587750473492406,8.146247632537097,770.0,2023-09
2023-09-06 06:25:00+00:00,2023-09-08 01:30:00+00:00,HTF,sell,1926.975,1925.5209371255671,1938.0020858295525,1910.434371255671,0.02,stop_loss,WEAK,493,2.9081257488655865,22.054171659105123,0.13186284181591373,71.33948885737327,locked,760.4568995209545,1.5,11.799999999999955,2.0800000000001546,1.4540628744327933,11.027085829552561,2585.0,2023-09
2023-09-11 08:55:00+00:00,2023-09-12 05:50:00+00:00,HTF,buy,1927.845,1919.7256388862277,1919.9256388862277,1939.7240416706586,0.02,stop_loss,WEAK,239,-16.238722227544713,15.838722227544622,-1.0252545624737621,18.267466856017577,raw,744.2181772934098,1.5,2.1700000000000728,7.9500000000000455,-8.119361113772356,7.919361113772311,1255.0,2023-09
2023-09-12 09:10:00+00:00,2023-09-12 11:35:00+00:00,HTF,sell,1919.328,1913.018,1925.0846864312596,1910.6929703531105,0.02,stop_gap,WEAK,29,12.619999999999893,11.51337286251919,1.0961166767284358,96.7454698086567,trail,756.8381772934097,1.5,8.354000000000042,0.41000000000008185,6.309999999999945,5.756686431259595,145.0,2023-09
2023-09-12 12:05:00+00:00,2023-09-15 13:25:00+00:00,HTF,sell,1910.815,1925.4710115850864,1925.2710115850864,1889.1309826223705,0.02,stop_loss,WEAK,844,-29.31202317017278,28.91202317017269,-1.0138350746900602,45.734145233766014,raw,727.5261541232369,1.5,9.917000000000144,14.789999999999964,-14.65601158508639,14.456011585086344,4400.0,2023-09
2023-09-15 13:55:00+00:00,2023-09-20 18:00:00+00:00,HTF,buy,1924.644,1941.3109224417167,1905.9537414723895,1952.6793877914156,0.02,stop_loss,WEAK,877,33.33384488343336,37.380517055220935,0.8917438149448396,80.86565510943954,trail,760.8599990066703,1.5,22.67100000000005,2.3759999999999764,16.66692244171668,18.690258527610467,7445.0,2023-09
2023-09-21 11:55:00+00:00,2023-09-26 12:35:00+00:00,HTF,sell,1920.475,1905.951981876857,1930.1570120820952,1905.951981876857,0.02,take_profit,WEAK,836,29.046036246285894,19.364024164190596,1.5,105.28114659331591,locked,789.9060352529561,1.5,15.289999999999964,8.540000000000191,14.523018123142947,9.682012082095298,7240.0,2023-09
2023-09-26 13:05:00+00:00,2023-09-27 05:40:00+00:00,HTF,sell,1906.818,1898.409026939819,1920.1881346990936,1893.4478653009064,0.02,stop_loss,RANGING,187,16.817946120362194,26.740269398187138,0.6289370488355054,84.38957612569779,trail,806.7239813733183,1.0,11.282999999999902,2.5670000000000073,8.408973060181097,13.370134699093569,995.0,2023-09
2023-09-27 06:40:00+00:00,2023-09-27 18:35:00+00:00,HTF,sell,1897.115,1876.735362772565,1908.8495425752162,1879.5131861371756,0.02,stop_loss,WEAK,143,40.75927445487014,23.46908515043242,1.7367219128317468,140.15601001271733,trail,847.4832558281885,1.5,24.670000000000073,1.8830000000000382,20.37963722743507,11.73454257521621,715.0,2023-09
2023-09-28 06:40:00+00:00,2023-09-28 15:25:00+00:00,HTF,sell,1874.335,1861.8970477804976,1882.5990955609948,1853.674761097513,0.02,stop_loss,STRONG,105,24.8759044390049,16.528191121989494,1.5050590990510395,81.17040697908526,trail,872.3591602671934,2.5,16.769999999999982,5.149999999999864,12.43795221950245,8.264095560994747,525.0,2023-09
2023-09-28 16:25:00+00:00,2023-10-02 12:20:00+00:00,HTF,sell,1864.435,1839.5064447043023,1881.0198894086047,1822.972776478488,0.02,stop_loss,STRONG,503,49.85711059139521,33.16977881720959,1.503088424741852,80.60590378772166,trail,922.2162708585886,2.5,33.42100000000005,15.330000000000155,24.928555295697606,16.584889408604795,5515.0,2023-09
2023-10-03 06:00:00+00:00,2023-10-03 08:05:00+00:00,HTF,sell,1819.835,1827.0052075433268,1826.8052075433268,1802.409481141683,0.02,stop_loss,STRONG,25,-14.340415086653593,13.940415086653502,-1.028693550192996,0.0,raw,907.875855771935,2.5,0.0,7.472999999999956,-7.170207543326796,6.970207543326751,125.0,2023-10
2023-10-03 11:10:00+00:00,2023-10-03 14:35:00+00:00,HTF,sell,1824.125,1832.3504877606513,1832.1504877606512,1804.061280598372,0.02,stop_loss,STRONG,41,-16.450975521302553,16.050975521302462,-1.0249206037022,24.8209212873856,raw,891.4248802506324,2.5,4.980000000000018,9.079999999999927,-8.225487760651276,8.025487760651231,205.0,2023-10
2023-10-04 13:55:00+00:00,2023-10-06 15:25:00+00:00,HTF,sell,1820.004,1834.6922376818811,1834.492237681881,1783.7834057952969,0.02,stop_loss,STRONG,570,-29.376475363762438,28.97647536376235,-1.0138043014196378,26.824518518634143,raw,862.04840488687,2.5,9.715999999999894,14.661000000000058,-14.688237681881219,14.488237681881174,2970.0,2023-10
2023-10-09 06:10:00+00:00,2023-10-16 02:00:00+00:00,HTF,buy,1853.098,1919.932325907131,1827.6126518142617,1916.8113704643456,0.02,stop_loss,STRONG,1330,133.66865181426192,50.970696371476606,2.622460773148538,125.21233678046227,trail,995.7170567011319,2.5,79.77700000000004,8.962999999999965,66.83432590713096,25.485348185738303,9830.0,2023-10
2023-10-16 14:10:00+00:00,2023-10-18 02:55:00+00:00,HTF,buy,1919.025,1937.124739224311,1908.3844784486225,1945.626303878444,0.02,stop_loss,STRONG,417,36.1994784486219,21.28104310275512,1.7010199299833846,88.79264004476119,trail,1031.9165351497538,2.5,23.61999999999989,6.710000000000036,18.09973922431095,10.64052155137756,2205.0,2023-10
2023-10-18 06:00:00+00:00,2023-10-18 13:55:00+00:00,HTF,buy,1936.545,1955.8813451347098,1923.6176902694194,1968.8632743264516,0.02,stop_loss,STRONG,95,38.67269026941949,25.854619461161292,1.495774877967686,80.44984004210835,trail,1070.5892254191733,2.5,26.0,1.586999999999989,19.336345134709745,12.927309730580646,475.0,2023-10
2023-10-18 14:25:00+00:00,2023-10-24 11:00:00+00:00,HTF,buy,1952.305,1959.242508147904,1923.7549674083848,2023.680081479038,0.02,stop_loss,STRONG,1063,13.875016295807654,57.100065183230534,0.24299475405647256,62.80903512967048,locked,1084.464241714981,2.5,44.82999999999993,14.180000000000064,6.937508147903827,28.550032591615263,8435.0,2023-10
2023-10-25 08:10:00+00:00,2023-10-25 15:00:00+00:00,HTF,buy,1971.585,1973.9010290434994,1961.5208838260025,1996.7452904349939,0.02,stop_loss,STRONG,82,4.632058086998768,20.12823234799498,0.23012741540914186,61.72424773920848,locked,1089.0962998019797,2.5,15.529999999999973,8.730999999999995,2.316029043499384,10.06411617399749,410.0,2023-10
2023-10-25 15:40:00+00:00,2023-10-27 18:40:00+00:00,HTF,buy,1981.595,2002.738813322062,1963.1310444068733,2009.29093338969,0.02,stop_loss,WEAK,588,42.287626644123975,36.92791118625337,1.1451399574386376,97.06479150476073,trail,1131.3839264461037,1.5,26.883000000000038,9.940000000000055,21.143813322061987,18.463955593126684,3060.0,2023-10
2023-10-30 07:40:00+00:00,2023-11-01 03:10:00+00:00,HTF,buy,1995.578,1977.4730763530274,1977.6730763530275,2022.4353854704586,0.02,stop_loss,WEAK,498,-36.20984729394513,35.80984729394504,-1.011170111861039,45.26129326091975,raw,1095.1740791521586,1.5,12.155999999999949,18.042999999999893,-18.104923646972566,17.90492364697252,2610.0,2023-10
2023-11-01 07:55:00+00:00,2023-11-01 14:00:00+00:00,HTF,sell,1976.805,1988.9105858815583,1988.7105858815582,1964.8994141184419,0.02,stop_loss,RANGING,73,-24.211171763116454,23.811171763116363,-1.0167988372844252,0.0,raw,1070.9629073890421,1.0,0.0,14.948999999999842,-12.105585881558227,11.905585881558181,365.0,2023-11
2023-11-02 06:40:00+00:00,2023-11-03 12:30:00+00:00,HTF,buy,1985.565,1996.8181570313977,1974.3118429686024,1996.8181570313977,0.02,take_profit,RANGING,346,22.506314062795354,22.506314062795354,1.0,147.78075124696258,raw,1093.4692214518375,1.0,16.62999999999988,6.789999999999964,11.253157031397677,11.253157031397677,1790.0,2023-11
2023-11-03 13:00:00+00:00,2023-11-06 20:40:00+00:00,HTF,buy,1998.805,1978.316080662156,1978.5160806621561,2019.093919337844,0.02,stop_loss,RANGING,356,-40.97783867568796,40.57783867568787,-1.0098575974732669,14.194940361500466,raw,1052.4913827761495,1.0,2.8799999999998818,20.74000000000001,-20.48891933784398,20.288919337843936,4780.0,2023-11
2023-11-07 06:25:00+00:00,2023-11-07 09:15:00+00:00,HTF,sell,1971.625,1966.1113183263053,1980.7065916315266,1962.5434083684734,0.02,stop_loss,RANGING,34,11.027363347389382,18.16318326305327,0.6071272412815847,83.32239883734982,trail,1063.518746123539,1.0,7.567000000000007,0.5,5.513681673694691,9.081591631526635,170.0,2023-11
2023-11-07 10:10:00+00:00,2023-11-07 13:45:00+00:00,HTF,sell,1966.0049999999999,1964.7039121392438,1981.0158786075601,1950.9941213924396,0.02,stop_loss,RANGING,43,2.6021757215121397,30.021757215120488,0.08667632953215515,62.66788404552203,locked,1066.120921845051,1.0,9.406999999999925,1.9300000000000637,1.3010878607560699,15.010878607560244,215.0,2023-11
2023-11-07 14:40:00+00:00,2023-11-08 23:00:00+00:00,HTF,sell,1962.905,1951.3917877233991,1981.7389386169962,1944.0710613830038,0.02,stop_loss,RANGING,364,23.02642455320165,37.667877233992385,0.6113013592499993,82.72300508583035,trail,1089.1473463982527,1.0,15.579999999999927,8.049999999999955,11.513212276600825,18.833938616996193,1940.0,2023-11
2023-11-09 06:00:00+00:00,2023-11-13 17:20:00+00:00,HTF,sell,1949.895,1946.8765454817972,1971.351363454685,1917.7104548179723,0.02,stop_loss,WEAK,688,6.036909036405632,42.91272690937012,0.14067875595870033,57.10815515971165,locked,1095.1842554346583,1.5,18.37999999999988,15.603000000000065,3.018454518202816,21.45636345468506,6440.0,2023-11
2023-11-15 06:10:00+00:00,2023-11-15 13:30:00+00:00,HTF,buy,1967.7150000000001,1968.6355709429793,1960.2445270468065,1978.9207094297906,0.02,stop_loss,WEAK,88,1.8411418859582227,14.940945906387244,0.1232279333245652,66.33225719952277,locked,1097.0253973206165,1.5,7.432999999999765,0.5200000000002092,0.9205709429791114,7.470472953193621,440.0,2023-11
2023-11-16 07:40:00+00:00,2023-11-16 14:15:00+00:00,HTF,sell,1966.645,1974.4852137424898,1974.2852137424898,1955.1846793862653,0.02,stop_loss,WEAK,79,-15.680427484979646,15.280427484979556,-1.0261772781156342,40.40026589178527,raw,1081.344969835637,1.5,4.629999999999882,8.1400000000001,-7.840213742489823,7.640213742489777,395.0,2023-11
2023-11-16 14:45:00+00:00,2023-11-27 01:45:00+00:00,HTF,buy,1980.7640000000001,2011.0938658540397,1958.1268861801327,2014.7196707298012,0.02,stop_loss,WEAK,1683,60.659731708079114,45.27422763973482,1.3398291891531076,109.91094918129602,trail,1142.004701543716,1.5,37.32099999999991,15.409000000000106,30.329865854039554,22.63711381986741,15060.0,2023-11
2023-11-27 07:10:00+00:00,2023-11-29 02:20:00+00:00,HTF,buy,2010.9550000000002,2045.9172872299212,1991.7959574330719,2039.6935638503926,0.02,stop_loss,WEAK,494,69.924574459842,38.318085133856584,1.8248452190545132,142.352276936904,trail,1211.929276003558,1.5,40.90999999999963,5.347000000000207,34.962287229921,19.159042566928292,2590.0,2023-11
2023-11-29 06:55:00+00:00,2023-12-01 19:35:00+00:00,HTF,buy,2044.785,2068.0528286313133,2026.0110954377099,2072.9458568434356,0.02,stop_loss,WEAK,704,46.5356572626265,37.54780912458045,1.2393707741568922,108.23534301338145,trail,1258.4649332661845,1.5,30.47999999999979,13.527000000000044,23.26782863131325,18.773904562290227,3640.0,2023-11
2023-12-04 15:55:00+00:00,2024-03-04 15:20:00+00:00,HTF,sell,2022.278,2101.636053129511,2101.436053129511,1824.3828671762226,0.02,stop_loss,STRONG,17319,-158.71610625902167,158.31610625902204,-1.0025265906890433,24.933912873915528,raw,1099.7488270071628,2.5,49.343000000000075,80.55700000000002,-79.35805312951084,79.15805312951102,131005.0,2023-12
2024-03-05 06:00:00+00:00,2024-03-06 15:00:00+00:00,HTF,buy,2118.055,2142.284423943043,2104.793847886086,2151.2078802847846,0.02,stop_loss,STRONG,384,48.458847886086005,26.522304227827593,1.8270979576217312,93.68718413963784,trail,1148.2076748932488,2.5,31.059999999999945,4.209999999999582,24.229423943043003,13.261152113913795,1980.0,2024-03
2024-03-06 15:55:00+00:00,2024-03-08 13:50:00+00:00,HTF,buy,2141.075,2174.17176480296,2119.2085296059195,2195.7411759852007,0.02,stop_loss,STRONG,527,66.19352960592005,43.732940788160704,1.5135851468703387,80.90926281723799,trail,1214.401204499169,2.5,44.23000000000002,1.7299999999995634,33.096764802960024,21.866470394080352,2755.0,2024-03
2024-03-08 15:55:00+00:00,2024-03-12 13:35:00+00:00,HTF,buy,2177.3149999999996,2156.844545430806,2157.044545430806,2227.991136422984,0.02,stop_loss,STRONG,536,-40.940909138386814,40.54090913838718,-1.0098665769589485,35.06581451213562,raw,1173.460295360782,2.5,17.770000000000437,21.1599999999994,-20.470454569193407,20.27045456919359,5620.0,2024-03
2024-03-13 15:55:00+00:00,2024-03-14 15:40:00+00:00,HTF,buy,2171.835,2155.0886998045858,2155.2886998045856,2213.200750488536,0.02,stop_loss,STRONG,273,-33.49260039082856,33.09260039082892,-1.012087294297685,19.12209957895488,raw,1139.9676949699535,2.5,7.9099999999998545,19.170000000000073,-16.74630019541428,16.54630019541446,1425.0,2024-03
2024-03-14 16:10:00+00:00,2024-03-20 18:45:00+00:00,HTF,sell,2158.0750000000003,2176.667963819031,2176.467963819031,2130.485554271454,0.02,stop_loss,WEAK,1135,-37.185927638061,36.78592763806137,-1.0108737233415794,43.82110506660474,raw,1102.7817673318925,1.5,12.090000000000146,21.48999999999978,-18.5929638190305,18.392963819030683,8795.0,2024-03
2024-03-21 06:00:00+00:00,2024-03-21 14:25:00+00:00,HTF,buy,2206.395,2176.949393500403,2177.1493935004028,2250.2634097493956,0.02,stop_loss,WEAK,101,-58.89121299919407,58.49121299919443,-1.0068386340355968,12.058791349446734,raw,1043.8905543326985,1.5,5.289999999999964,29.960000000000036,-29.445606499597034,29.245606499597216,505.0,2024-03
2024-03-26 12:10:00+00:00,2024-03-28 20:45:00+00:00,HTF,buy,2196.4379999999996,2233.897392965792,2158.9786070342075,2233.897392965792,0.02,take_profit,RANGING,655,74.91878593158435,74.91878593158435,1.0,105.65307354591103,locked,1118.8093402642828,1.0,39.577000000000226,24.842999999999392,37.459392965792176,37.459392965792176,3395.0,2024-03
2024-04-01 06:10:00+00:00,2024-04-12 15:30:00+00:00,HTF,buy,2261.515,2392.8501678392945,2189.705335678588,2441.039160803529,0.02,stop_loss,STRONG,2596,262.67033567858925,143.61932864282335,1.8289344349453265,94.62236126863498,trail,1381.479675942872,2.5,169.87000000000035,33.11999999999989,131.33516783929463,71.80966432141167,16400.0,2024-04
2024-04-12 16:25:00+00:00,2024-04-12 16:45:00+00:00,HTF,buy,2374.355,2366.6064551055565,2366.8064551055563,2385.6778173416656,0.02,stop_loss,WEAK,4,-15.497089788887026,15.097089788887388,-1.0264951726189022,19.076524285625602,raw,1365.982586153985,1.5,2.1599999999998545,13.68100000000004,-7.748544894443512,7.548544894443694,20.0,2024-04
2024-04-16 10:55:00+00:00,2024-04-16 16:55:00+00:00,HTF,sell,2369.855,2398.0062431430983,2397.8062431430985,2327.9281352853523,0.02,stop_loss,WEAK,72,-56.302486286196654,55.90248628619702,-1.0071553168127765,15.312377979355924,raw,1309.6800998677884,1.5,6.420000000000073,28.27300000000014,-28.151243143098327,27.95124314309851,360.0,2024-04
2024-04-17 11:25:00+00:00,2024-04-17 16:40:00+00:00,HTF,buy,2387.865,2366.965273701677,2367.1652737016766,2408.564726298323,0.02,stop_loss,RANGING,63,-41.799452596646006,41.39945259664637,-1.0096619635021946,36.63333461860487,raw,1267.8806472711424,1.0,7.583000000000084,23.256999999999607,-20.899726298323003,20.699726298323185,315.0,2024-04
2024-04-18 13:10:00+00:00,2024-04-18 13:35:00+00:00,HTF,buy,2382.915,2384.466453307572,2365.4004669242813,2400.4295330757186,0.02,stop_loss,RANGING,5,3.102906615144093,35.02906615143729,0.08858091168430353,55.433964228600566,locked,1270.9835538862865,1.0,9.709000000000287,5.929999999999836,1.5514533075720465,17.514533075718646,25.0,2024-04
2024-04-19 06:40:00+00:00,2024-04-21 22:00:00+00:00,HTF,buy,2382.365,2385.1392847775287,2352.622152224714,2412.107847775286,0.02,stop_loss,RANGING,172,5.548569555057838,59.48569555057202,0.09327569432790273,65.49473724633334,locked,1276.5321234413443,1.0,19.480000000000473,9.559999999999945,2.774284777528919,29.74284777528601,3800.0,2024-04
2024-04-22 06:10:00+00:00,2024-04-22 08:00:00+00:00,HTF,sell,2365.355,2362.838465001966,2392.5203499803356,2338.1896500196644,0.02,stop_loss,RANGING,22,5.033069996067752,54.33069996067116,0.09263767998039937,51.8675445381694,locked,1281.565193437412,1.0,14.090000000000146,1.5700000000001637,2.516534998033876,27.165349980335577,110.0,2024-04
2024-04-22 08:55:00+00:00,2024-04-22 13:45:00+00:00,HTF,sell,2359.275,2339.037083375131,2393.335416875655,2325.214583124345,0.02,stop_loss,RANGING,58,40.47583324973857,68.12083375130987,0.5941770090117294,83.11700970470163,trail,1322.0410266871506,1.0,28.309999999999945,4.289999999999964,20.237916624869285,34.06041687565494,290.0,2024-04
2024-04-22 14:15:00+00:00,2024-04-23 13:50:00+00:00,HTF,sell,2334.5750000000003,2328.7754207582757,2394.5707924172452,2274.5792075827553,0.02,stop_loss,RANGING,271,11.599158483449173,119.99158483448991,0.09666643289567717,72.18839564414445,locked,1333.6401851705998,1.0,43.3100000000004,9.109999999999673,5.799579241724587,59.99579241724496,1415.0,2024-04
2024-04-24 13:40:00+00:00,2024-04-24 15:00:00+00:00,HTF,sell,2321.775,2333.0431420428504,2332.8431420428506,2305.1727869357246,0.02,stop_loss,WEAK,16,-22.536284085700572,22.136284085700936,-1.018069880132141,36.44092493318574,raw,1311.1039010848992,1.5,6.050000000000182,15.353000000000065,-11.268142042850286,11.068142042850468,80.0,2024-04
2024-04-25 06:40:00+00:00,2024-04-25 12:30:00+00:00,HTF,sell,2320.045,2330.9596854441183,2330.7596854441185,2303.972971833822,0.02,stop_loss,WEAK,70,-21.829370888236554,21.429370888236917,-1.0186659702744332,4.4798328658667534,raw,1289.2745301966627,1.5,0.7199999999997999,11.819999999999709,-10.914685444118277,10.714685444118459,350.0,2024-04
2024-04-25 14:55:00+00:00,2024-04-26 13:45:00+00:00,HTF,buy,2334.004,2337.36502370977,2298.3937629023035,2369.6142370976963,0.02,stop_loss,RANGING,262,6.722047419540105,71.22047419539285,0.0943836375070772,51.709849472446756,locked,1295.9965776162028,1.0,18.414000000000215,11.148999999999887,3.361023709770052,35.61023709769643,1370.0,2024-04
2024-04-29 06:00:00+00:00,2024-04-30 09:20:00+00:00,HTF,sell,2329.6850000000004,2315.459611836681,2349.9430591834052,2309.4269408165956,0.02,stop_loss,RANGING,316,28.450776326639243,40.51611836680968,0.7022088362232098,94.48091659086269,trail,1324.447353942842,1.0,19.140000000000327,16.899999999999636,14.225388163319622,20.25805918340484,1640.0,2024-04
2024-04-30 10:25:00+00:00,2024-04-30 22:40:00+00:00,HTF,sell,2317.2250000000004,2291.8818457215707,2347.659228607854,2286.790771392147,0.02,stop_loss,RANGING,135,50.68630855685933,60.868457215707174,0.8327187984613428,105.96621460508551,trail,1375.1336624997014,1.0,32.250000000000455,0.6099999999996726,25.343154278429665,30.434228607853584,735.0,2024-04
2024-05-01 07:10:00+00:00,2024-05-01 12:10:00+00:00,HTF,sell,2286.155,2297.7679597720694,2297.5679597720696,2269.035560341896,0.02,stop_loss,WEAK,60,-23.225919544138378,22.825919544138742,-1.017523938048855,16.29726238545243,raw,1351.907742955563,1.5,2.7900000000004184,11.802999999999884,-11.612959772069189,11.412959772069371,300.0,2024-05
2024-05-02 11:55:00+00:00,2024-05-02 14:15:00+00:00,HTF,sell,2298.6780000000003,2297.038078757025,2317.077212429754,2280.2787875702465,0.02,stop_loss,RANGING,28,3.279842485951122,36.79842485950758,0.08912996951563028,72.39440302596913,locked,1355.187585441514,1.0,13.320000000000164,5.67699999999968,1.6399212429755607,18.39921242975379,140.0,2024-05
2024-05-02 15:55:00+00:00,2024-05-03 13:40:00+00:00,HTF,sell,2299.5730000000003,2283.685,2324.3412954031187,2274.804704596882,0.02,stop_gap,RANGING,249,31.77600000000075,49.536590806236745,0.6414652175861907,90.47049720336891,trail,1386.9635854415149,1.0,22.408000000000357,20.974999999999454,15.888000000000375,24.768295403118373,1305.0,2024-05
2024-05-03 14:10:00+00:00,2024-05-06 12:45:00+00:00,HTF,sell,2289.6450000000004,2329.464527527485,2329.2645275274854,2230.215708708773,0.02,stop_loss,WEAK,259,-79.6390550549695,79.23905505496987,-1.005048015776086,11.157797537086129,raw,1307.3245303865453,1.5,6.631000000000313,40.54999999999973,-39.81952752748475,39.619527527484934,4235.0,2024-05
2024-05-06 13:15:00+00:00,2024-05-10 02:30:00+00:00,HTF,buy,2324.4179999999997,2347.3833422440243,2298.9824741467464,2362.5712887798795,0.02,stop_loss,WEAK,975,45.93068448804934,50.87105170650648,0.9028845079327255,81.9221645094018,trail,1353.2552148745947,1.5,31.256000000000313,20.86299999999983,22.96534224402467,25.43552585325324,5115.0,2024-05
2024-05-10 06:00:00+00:00,2024-05-10 12:50:00+00:00,HTF,buy,2357.7149999999997,2361.635570933933,2330.24452710711,2398.9207093393343,0.02,stop_loss,WEAK,82,7.841141867867009,54.94094578577915,0.14271945551211462,50.1144145582947,locked,1361.0963567424617,1.5,20.65000000000009,1.0769999999997708,3.9205709339335044,27.470472892889575,410.0,2024-05
2024-05-10 13:40:00+00:00,2024-05-13 06:10:00+00:00,HTF,buy,2365.518,2350.597651511532,2350.797651511532,2387.598522732702,0.02,stop_loss,WEAK,186,-29.84069697693576,29.440696976936128,-1.0135866348650981,33.31442868925282,raw,1331.255659765526,1.5,7.356000000000222,15.802999999999884,-14.92034848846788,14.720348488468062,3870.0,2024-05
2024-05-13 10:55:00+00:00,2024-05-14 19:15:00+00:00,HTF,buy,2343.408,2355.3573831424906,2331.405943808301,2361.4110842875484,0.02,stop_loss,WEAK,376,23.89876628498132,24.004112383398024,0.9956113312279956,89.70685101535587,trail,1355.1544260505073,1.5,16.15000000000009,11.422999999999774,11.94938314249066,12.002056191699012,1940.0,2024-05
2024-05-15 14:55:00+00:00,2024-05-17 15:10:00+00:00,HTF,buy,2373.855,2408.1703067622234,2342.0626892074106,2421.543466188884,0.02,stop_loss,WEAK,555,68.63061352444674,63.584621585178866,1.079358684749082,94.64133281460039,trail,1423.785039574954,1.5,45.13299999999981,3.0099999999997635,34.31530676222337,31.792310792589433,2895.0,2024-05
2024-05-17 16:10:00+00:00,2024-05-20 12:20:00+00:00,HTF,buy,2413.1549999999997,2418.9150570140087,2373.421286573276,2472.755570140085,0.02,stop_loss,WEAK,230,11.520114028017815,79.46742685344725,0.1449664911041231,61.79471087849494,locked,1435.3051536029718,1.5,36.83000000000038,7.529999999999745,5.760057014008908,39.733713426723625,4090.0,2024-05
2024-05-21 10:55:00+00:00,2024-05-22 14:05:00+00:00,HTF,buy,2419.865,2403.444581675823,2403.644581675823,2460.4160458104425,0.02,stop_loss,STRONG,314,-32.840836648353616,32.44083664835398,-1.012330138224716,34.45780428282342,raw,1402.4643169546182,2.5,13.973000000000411,20.269999999999527,-16.420418324176808,16.22041832417699,1630.0,2024-05
2024-05-23 06:00:00+00:00,2024-05-27 13:45:00+00:00,HTF,sell,2359.715,2354.5226428679616,2395.664047546924,2305.7914286796145,0.02,stop_loss,WEAK,645,10.384714264077047,71.89809509384759,0.14443657026687595,63.886718102026975,locked,1412.8490312186952,1.5,34.45000000000027,9.989999999999782,5.192357132038524,35.949047546923794,6225.0,2024-05
2024-05-27 15:55:00+00:00,2024-05-28 06:20:00+00:00,HTF,buy,2352.528,2342.468254094194,2342.668254094194,2367.3176188587086,0.02,stop_loss,WEAK,131,-20.119491811611624,19.719491811611988,-1.0202844983948365,25.017548020323417,raw,1392.7295394070836,1.5,3.700000000000273,10.609999999999673,-10.059745905805812,9.859745905805994,865.0,2024-05
2024-05-28 08:55:00+00:00,2024-05-28 12:25:00+00:00,HTF,sell,2344.5950000000003,2355.6600740877343,2355.4600740877345,2328.297388868399,0.02,stop_loss,WEAK,42,-22.130148175468094,21.730148175468457,-1.0184076057268308,14.971519324503255,raw,1370.5993912316155,1.5,2.4400000000000546,11.649999999999636,-11.065074087734047,10.865074087734229,210.0,2024-05
2024-05-29 11:55:00+00:00,2024-05-30 06:20:00+00:00,HTF,sell,2341.385,2327.7238597384567,2356.614532461523,2318.5407013077156,0.02,stop_loss,WEAK,209,27.3222805230871,30.459064923045844,0.8970163920696923,82.85218231012057,trail,1397.9216717547026,1.5,18.927000000000135,5.679999999999836,13.66114026154355,15.229532461522922,1105.0,2024-05
2024-05-31 07:55:00+00:00,2024-05-31 12:50:00+00:00,HTF,sell,2340.0950000000003,2354.0125994992754,2353.8125994992756,2319.5186007510874,0.02,stop_loss,WEAK,59,-27.83519899855037,27.43519899855073,-1.0145798104114634,2.3327696658385664,raw,1370.0864727561523,1.5,0.48000000000047294,15.442999999999756,-13.917599499275184,13.717599499275366,295.0,2024-05
2024-05-31 17:25:00+00:00,2024-06-05 15:40:00+00:00,HTF,sell,2324.945,2357.403091418554,2357.2030914185543,2292.686908581446,0.02,stop_loss,RANGING,807,-64.91618283710795,64.51618283710832,-1.0061999948293525,31.960973345341365,raw,1305.1702899190443,1.0,10.309999999999945,32.33299999999963,-32.45809141855398,32.25809141855416,7095.0,2024-05
2024-06-05 16:10:00+00:00,2024-06-06 12:10:00+00:00,HTF,buy,2353.4649999999997,2356.816833272036,2317.946667279635,2388.983332720364,0.02,stop_loss,RANGING,228,6.703666544072803,71.03666544072894,0.09436910505978297,60.081649012102524,locked,1311.873956463117,1.0,21.340000000000146,2.2269999999998618,3.3518332720364015,35.51833272036447,1200.0,2024-06
2024-06-07 07:10:00+00:00,2024-06-07 08:05:00+00:00,HTF,buy,2379.205,2357.387884185017,2357.5878841850167,2411.630673722475,0.02,stop_loss,WEAK,11,-43.63423162996605,43.234231629966416,-1.0092519280421857,0.0925192804225571,raw,1268.239724833151,1.5,0.03000000000020009,26.359999999999673,-21.817115814983026,21.617115814983208,55.0,2024-06
2024-06-07 15:50:00+00:00,2024-06-20 14:20:00+00:00,HTF,sell,2305.405,2356.349141462321,2356.149141462321,2229.288787806519,0.02,stop_loss,WEAK,2436,-101.88828292464132,101.4882829246417,-1.003941341684701,24.668857604567116,raw,1166.3514419085097,1.5,18.777000000000044,53.56999999999971,-50.94414146232066,50.74414146232084,18630.0,2024-06
2024-06-20 14:50:00+00:00,2024-06-21 17:10:00+00:00,HTF,buy,2362.415,2319.727947446057,2319.927947446057,2404.902052553943,0.02,stop_loss,RANGING,304,-85.37410510788595,84.97410510788632,-1.0047073164170635,14.458522375023886,raw,1080.9773368006238,1.0,6.143000000000029,42.51999999999998,-42.687052553942976,42.48705255394316,1580.0,2024-06
2024-06-24 07:10:00+00:00,2024-06-24 18:45:00+00:00,HTF,sell,2324.898,2334.5375714284296,2334.33757142843,2310.7386428573554,0.02,stop_loss,WEAK,139,-19.279142856858925,18.87914285685929,-1.0211874025760819,30.177923735893735,raw,1061.6981939437649,1.5,4.273000000000138,9.690000000000055,-9.639571428429463,9.439571428429645,695.0,2024-06
2024-06-25 06:10:00+00:00,2024-06-26 11:35:00+00:00,HTF,sell,2324.2850000000003,2308.36285881202,2343.7742940601024,2304.795705939898,0.02,stop_loss,RANGING,341,31.844282375960574,38.97858812020422,0.8169685951106669,102.72306394609116,trail,1093.5424763197254,1.0,20.020000000000437,12.73299999999972,15.922141187980287,19.48929406010211,1765.0,2024-06
2024-06-26 13:10:00+00:00,2024-06-27 14:00:00+00:00,HTF,sell,2304.0550000000003,2330.084704514163,2329.8847045141633,2278.2252954858373,0.02,stop_loss,RANGING,286,-52.05940902832572,51.65940902832609,-1.0077430231495739,41.003179088607276,raw,1041.4830672913997,1.0,10.59100000000035,26.679999999999836,-26.02970451416286,25.82970451416304,1490.0,2024-06
2024-06-28 08:10:00+00:00,2024-06-28 13:30:00+00:00,HTF,buy,2328.535,2329.8799159552823,2313.0858404471755,2343.984159552824,0.02,stop_loss,RANGING,64,2.6898319105648625,30.898319105648625,0.08705431196330435,71.84856860366321,locked,1044.1728992019646,1.0,11.100000000000364,1.6169999999997344,1.3449159552824312,15.449159552824312,320.0,2024-06
2024-06-28 14:25:00+00:00,2024-07-01 12:40:00+00:00,HTF,buy,2329.038,2330.5198602625715,2312.219397374286,2345.856602625714,0.02,stop_loss,RANGING,255,2.9637205251428895,33.637205251427986,0.08810840564755516,55.59320359769174,locked,1047.1366197271075,1.0,9.349999999999909,10.643000000000029,1.4818602625714448,16.818602625713993,4215.0,2024-06
2024-07-01 14:25:00+00:00,2024-07-02 04:00:00+00:00,HTF,buy,2323.845,2325.259528310631,2307.69971689369,2339.9902831063096,0.02,stop_loss,RANGING,151,2.82905662126268,32.290566212619524,0.08761248107681222,64.18592930061601,locked,1049.9656763483702,1.0,10.363000000000284,4.7199999999998,1.41452831063134,16.145283106309762,815.0,2024-07
2024-07-03 08:10:00+00:00,2024-07-05 12:30:00+00:00,HTF,buy,2347.158,2350.08241206057,2315.913879394302,2378.4021206056977,0.02,stop_loss,RANGING,574,5.848824121139842,62.48824121139569,0.09359879567346854,92.39178264705536,locked,1055.81450046951,1.0,28.86700000000019,5.143000000000029,2.924412060569921,31.244120605697844,3140.0,2024-07
2024-07-05 15:55:00+00:00,2024-07-08 15:30:00+00:00,HTF,buy,2384.795,2365.878460155404,2366.0784601554037,2412.869809766895,0.02,stop_loss,WEAK,271,-37.833079689192346,37.43307968919271,-1.0106857358069612,28.56653372396846,raw,1017.9814207803176,1.5,8.019999999999982,19.121000000000095,-18.916539844596173,18.716539844596355,4295.0,2024-07
2024-07-10 06:00:00+00:00,2024-07-10 12:55:00+00:00,HTF,buy,2368.8379999999997,2378.7894507655174,2360.5095025517244,2381.3307461724125,0.02,stop_loss,WEAK,83,19.90290153103524,16.656994896550714,1.194867480877759,102.93973656807589,trail,1037.884322311353,1.5,12.860000000000127,1.7829999999999018,9.95145076551762,8.328497448275357,415.0,2024-07
2024-07-10 13:40:00+00:00,2024-07-11 13:00:00+00:00,HTF,buy,2381.0049999999997,2404.7594449658595,2357.8622248292945,2404.147775170705,0.02,stop_loss,RANGING,268,47.50888993171975,46.28555034141027,1.0264302699500365,123.50722758687044,trail,1085.3932122430726,1.0,28.58300000000054,11.2199999999998,23.754444965859875,23.142775170705136,1400.0,2024-07
2024-07-12 13:55:00+00:00,2024-07-17 00:00:00+00:00,HTF,buy,2403.525,2448.8715205448343,2385.3863917820663,2448.8715205448343,0.02,tp_gap,STRONG,385,90.69304108966844,36.27721643586756,2.4999999999999876,142.76729332737045,locked,1176.086253332741,2.5,64.73999999999978,2.300000000000182,45.34652054483422,18.13860821793378,6365.0,2024-07
2024-07-17 06:00:00+00:00,2024-07-19 07:40:00+00:00,HTF,buy,2466.125,2413.4574876058496,2413.6574876058494,2597.2937809853765,0.02,stop_loss,STRONG,572,-105.33502478830088,104.93502478830123,-1.0038118826464912,13.282886269974705,raw,1070.7512285444402,2.5,17.422999999999774,53.37699999999995,-52.667512394150435,52.46751239415062,2980.0,2024-07
2024-07-19 08:10:00+00:00,2024-07-30 17:00:00+00:00,HTF,sell,2419.8750000000005,2410.617287216702,2457.7058511331925,2325.2978721670206,0.02,stop_loss,STRONG,2038,18.515425566596605,75.66170226638405,0.24471330953417994,70.70419828998256,locked,1089.2666541110368,2.5,66.87000000000035,12.069999999999709,9.257712783298302,37.83085113319203,16370.0,2024-07
2024-07-31 06:40:00+00:00,2024-08-01 01:55:00+00:00,HTF,buy,2421.995,2451.040446069154,2391.672230345768,2452.3177696542316,0.02,stop_loss,RANGING,219,58.090892138307936,60.64553930846341,0.9578757613620733,119.71201975916577,trail,1147.3575462493448,1.0,36.30000000000018,6.679999999999836,29.045446069153968,30.322769654231706,1155.0,2024-07
2024-08-01 06:00:00+00:00,2024-08-02 12:40:00+00:00,HTF,buy,2447.6279999999997,2470.797724929986,2425.9737497666183,2480.109375350072,0.02,stop_loss,WEAK,356,46.339449859972774,43.30850046676278,1.069985092084546,91.94807694599102,trail,1193.6969961093175,1.5,29.86600000000044,17.55299999999943,23.169724929986387,21.65425023338139,1840.0,2024-08
2024-08-05 11:55:00+00:00,2024-08-12 17:45:00+00:00,HTF,sell,2386.4750000000004,2468.581381965307,2468.3813819653074,2263.61542705204,0.02,stop_loss,WEAK,1450,-164.21276393061362,163.81276393061398,-1.002441812166536,18.159757082543692,raw,1029.484232178704,1.5,22.31100000000015,82.00999999999976,-82.10638196530681,81.90638196530699,10430.0,2024-08
2024-08-13 06:00:00+00:00,2024-08-13 14:30:00+00:00,HTF,buy,2462.975,2465.0613170013958,2447.7328866573616,2485.838170013957,0.02,stop_loss,WEAK,102,4.17263400279171,30.484226685276557,0.13687845999410025,54.80429875800714,locked,1033.6568661814956,1.5,12.5300000000002,4.199999999999818,2.086317001395855,15.242113342638277,510.0,2024-08
2024-08-15 11:55:00+00:00,2024-08-15 12:55:00+00:00,HTF,buy,2463.618,2443.6666166705377,2443.8666166705375,2483.3693833294624,0.02,stop_loss,RANGING,12,-39.90276665892452,39.502766658924884,-1.0101258730420914,32.03319936868656,raw,993.7540995225711,1.0,6.3270000000002256,22.710000000000036,-19.95138332946226,19.751383329462442,60.0,2024-08
2024-08-16 15:10:00+00:00,2024-08-19 10:20:00+00:00,HTF,buy,2489.915,2492.9852809435492,2457.2121905645104,2522.6178094354896,0.02,stop_loss,RANGING,218,6.140561887098556,65.4056188709792,0.09388431748060647,61.410626018588175,locked,999.8946614096697,1.0,20.083000000000084,4.367000000000189,3.070280943549278,32.7028094354896,4030.0,2024-08
2024-08-20 06:00:00+00:00,2024-08-20 07:50:00+00:00,HTF,buy,2500.545,2510.0705708034166,2485.522854017081,2515.567145982919,0.02,stop_loss,RANGING,22,19.05114160683297,30.044291965838056,0.6341018662877835,87.80370005056388,trail,1018.9458030165026,1.0,13.190000000000055,3.3099999999999454,9.525570803416485,15.022145982919028,110.0,2024-08
2024-08-20 08:20:00+00:00,2024-08-22 13:30:00+00:00,HTF,buy,2518.3849999999998,2484.958761882075,2485.158761882075,2551.6112381179246,0.02,stop_loss,RANGING,614,-66.85247623584928,66.45247623584964,-1.0060193392730765,39.646378122155475,raw,952.0933267806533,1.0,13.17300000000023,34.636999999999716,-33.42623811792464,33.22623811792482,3190.0,2024-08
2024-08-22 14:00:00+00:00,2024-08-26 08:00:00+00:00,HTF,sell,2482.715,2523.464423704042,2523.264423704042,2442.165576295958,0.02,stop_loss,RANGING,480,-81.49884740808375,81.09884740808411,-1.0049322525878432,29.618176790026823,raw,870.5944793725696,1.0,12.010000000000218,42.309999999999945,-40.749423704041874,40.549423704042056,5400.0,2024-08
2024-08-26 11:25:00+00:00,2024-08-26 12:30:00+00:00,HTF,buy,2521.435,2522.190944683956,2511.8755531604425,2530.9944468395574,0.02,stop_loss,RANGING,13,1.5118893679118628,19.11889367911499,0.07907828733643797,55.16009543753292,locked,872.1063687404815,1.0,5.273000000000138,0.6399999999998727,0.7559446839559314,9.559446839557495,65.0,2024-08
2024-08-26 13:55:00+00:00,2024-08-26 17:45:00+00:00,HTF,buy,2515.975,2516.8252542531527,2505.4724574684733,2526.4775425315265,0.02,stop_loss,RANGING,46,1.700508506305596,21.00508506305323,0.08095699213790357,69.31654861808023,locked,873.806877246787,1.0,7.2800000000002,5.427000000000135,0.8502542531527979,10.502542531526615,230.0,2024-08
2024-08-28 08:55:00+00:00,2024-08-28 12:40:00+00:00,HTF,sell,2507.855,2496.4908368574834,2521.7341842874184,2493.9758157125816,0.02,stop_loss,RANGING,45,22.72832628503329,27.758368574836823,0.8187918617680109,103.32019305341646,trail,896.5352035318203,1.0,14.340000000000146,3.4200000000000728,11.364163142516645,13.879184287418411,225.0,2024-08
2024-08-29 08:10:00+00:00,2024-08-29 23:00:00+00:00,HTF,buy,2518.205,2520.012726504045,2498.12773495955,2538.28226504045,0.02,stop_loss,RANGING,166,3.615453008090299,40.15453008090026,0.09003848384743048,51.56578836381169,locked,900.1506565399106,1.0,10.353000000000065,14.690000000000055,1.8077265040451493,20.07726504045013,890.0,2024-08
2024-08-30 15:55:00+00:00,2024-09-03 12:10:00+00:00,HTF,sell,2502.165,2498.853727281647,2537.277727183528,2467.052272816472,0.02,stop_loss,RANGING,477,6.622545436705877,70.22545436705605,0.09430405963756393,50.095795487658556,locked,906.7732019766165,1.0,17.58999999999969,4.960000000000036,3.3112727183529387,35.11272718352802,5535.0,2024-08
2024-09-03 13:55:00+00:00,2024-09-05 08:20:00+00:00,HTF,sell,2479.4080000000004,2510.260242197574,2510.060242197574,2433.4296367036395,0.02,stop_loss,WEAK,485,-61.70448439514712,61.30448439514748,-1.006524808159569,16.725258249045087,raw,845.0687175814694,1.5,7.690000000000509,33.236999999999625,-30.85224219757356,30.65224219757374,2545.0,2024-09
2024-09-05 08:50:00+00:00,2024-09-12 16:25:00+00:00,HTF,buy,2514.5339999999997,2544.819542364674,2483.4824745489113,2561.111288176632,0.02,stop_loss,WEAK,1471,60.57108472934851,62.10305090217661,0.9753318693595067,86.95439684339395,trail,905.6398023108179,1.5,40.501000000000204,29.518999999999778,30.285542364674257,31.05152545108831,10535.0,2024-09
2024-09-12 17:55:00+00:00,2024-09-13 13:50:00+00:00,HTF,buy,2554.075,2578.134558596915,2529.4577929845736,2578.692207015426,0.02,stop_loss,RANGING,227,48.11911719383079,49.23441403085235,0.9773472100973383,118.54716086074734,trail,953.7589195046487,1.0,29.183000000000447,2.156999999999698,24.059558596915394,24.617207015426175,1195.0,2024-09
2024-09-13 14:55:00+00:00,2024-09-18 18:40:00+00:00,HTF,buy,2578.415,2580.9584026377665,2560.1256490815585,2605.849026377662,0.02,stop_loss,WEAK,873,5.086805275533152,36.57870183688283,0.13906467479947726,78.6614392759031,locked,958.8457247801819,1.5,21.579999999999927,17.43100000000004,2.543402637766576,18.289350918441414,7425.0,2024-09
2024-09-19 07:55:00+00:00,2024-09-25 07:00:00+00:00,HTF,buy,2584.524,2653.244175836001,2550.7163516720016,2669.0431208199957,0.02,stop_loss,STRONG,1093,137.44035167200218,67.61529665599664,2.0326813379411965,101.54388636245201,trail,1096.286076452184,2.5,85.82400000000007,14.898999999999887,68.72017583600109,33.80764832799832,8585.0,2024-09
2024-09-25 17:55:00+00:00,2024-09-26 13:10:00+00:00,HTF,buy,2660.758,2664.9588253187667,2643.1546987249326,2704.7662531876676,0.02,stop_loss,STRONG,219,8.401650637533749,35.20660255013445,0.23863849474171042,56.00540402023289,locked,1104.6877270897178,2.5,24.64700000000039,5.489999999999782,4.200825318766874,17.603301275067224,1155.0,2024-09
2024-09-30 12:40:00+00:00,2024-10-01 13:50:00+00:00,HTF,sell,2635.085,2668.665509775781,2668.4655097757814,2551.6337255605467,0.02,stop_loss,STRONG,290,-67.16101955156228,66.76101955156264,-1.0059915202416987,12.63851279785095,raw,1037.5267075381555,2.5,10.547000000000025,35.41899999999987,-33.58050977578114,33.38050977578132,1510.0,2024-09
2024-10-01 14:20:00+00:00,2024-10-03 14:00:00+00:00,HTF,buy,2662.055,2639.631697235154,2639.831697235154,2695.3899541472683,0.02,stop_loss,WEAK,548,-44.84660552969126,44.446605529691624,-1.0089995624015071,32.557416914549364,raw,992.6801020084642,1.5,10.853000000000065,25.799999999999727,-22.42330276484563,22.223302764845812,2860.0,2024-10
2024-10-03 14:55:00+00:00,2024-10-04 13:00:00+00:00,HTF,sell,2649.8680000000004,2638.9849999999997,2670.080944618375,2629.655055381626,0.02,stop_gap,RANGING,253,21.76600000000144,40.425889236748844,0.5384173461845639,88.06237951010478,trail,1014.4461020084657,1.0,17.800000000000182,17.80699999999979,10.88300000000072,20.212944618374422,1325.0,2024-10
2024-10-07 06:00:00+00:00,2024-10-08 15:40:00+00:00,HTF,sell,2639.6250000000005,2610.099547879284,2665.94773939642,2613.302260603581,0.02,stop_loss,RANGING,392,59.05090424143328,52.64547879283873,1.1216709505824813,133.15483419923982,trail,1073.497006249899,1.0,35.05000000000018,19.83999999999969,29.525452120716636,26.322739396419365,2020.0,2024-10
2024-10-09 06:10:00+00:00,2024-10-11 03:50:00+00:00,HTF,sell,2616.3250000000003,2645.352343091682,2645.1523430916823,2573.0839853624775,0.02,stop_loss,WEAK,512,-58.054686183363636,57.65468618336399,-1.0069378575529402,33.74342651834743,raw,1015.4423200665353,1.5,14.59100000000035,28.86999999999989,-29.027343091681814,28.827343091681996,2740.0,2024-10
2024-10-11 07:25:00+00:00,2024-10-13 22:00:00+00:00,HTF,buy,2642.765,2645.2526005217937,2632.014597912825,2669.6410052179367,0.02,stop_loss,STRONG,163,4.975201043587731,21.50080417434947,0.23139604468948946,68.80858911151836,locked,1020.4175211101231,2.5,18.493000000000393,6.739999999999782,2.4876005217938655,10.750402087174734,3755.0,2024-10
2024-10-14 06:55:00+00:00,2024-10-14 12:40:00+00:00,HTF,buy,2664.084,2649.209909823949,2649.409909823949,2686.095135264076,0.02,stop_loss,WEAK,69,-29.74818035210137,29.34818035210174,-1.0136294651048439,4.411403538938552,raw,990.6693407580217,1.5,0.9710000000000036,14.988999999999578,-14.874090176050686,14.674090176050868,345.0,2024-10
2024-10-14 16:25:00+00:00,2024-10-16 02:10:00+00:00,HTF,sell,2646.4350000000004,2670.0725707621737,2669.872570762174,2611.27864385674,0.02,stop_loss,WEAK,381,-47.27514152434651,46.87514152434687,-1.0085333075696823,24.120816063658303,raw,943.3941992336752,1.5,8.480000000000473,23.499999999999545,-23.637570762173254,23.437570762173436,2025.0,2024-10
2024-10-16 06:00:00+00:00,2024-10-16 13:55:00+00:00,HTF,buy,2670.578,2672.4279723762725,2650.078276237278,2691.077723762722,0.02,stop_loss,RANGING,95,3.69994475254498,40.99944752544434,0.09024377097395732,71.8058456317712,locked,947.0941439862202,1.0,14.7199999999998,1.1829999999999927,1.8499723762724898,20.49972376272217,475.0,2024-10
2024-10-16 14:40:00+00:00,2024-10-17 02:10:00+00:00,HTF,buy,2672.518,2681.8638317440073,2659.097158720035,2685.938841279965,0.02,stop_loss,RANGING,126,18.691663488014456,26.841682559929726,0.6963670569563353,91.17908292580687,trail,965.7858074742346,1.0,12.23700000000008,5.873000000000047,9.345831744007228,13.420841279964861,690.0,2024-10
2024-10-17 10:55:00+00:00,2024-10-18 02:50:00+00:00,HTF,buy,2687.475,2706.3534038828157,2670.103012942718,2713.532980585923,0.02,stop_loss,WEAK,179,37.75680776563149,34.74397411456357,1.086715285969691,93.4070847115035,trail,1003.5426152398661,1.5,24.340000000000146,14.560999999999694,18.878403882815746,17.371987057281785,955.0,2024-10
2024-10-18 06:00:00+00:00,2024-10-21 19:00:00+00:00,HTF,buy,2709.455,2714.455241445022,2674.786723699854,2761.4574144502185,0.02,stop_loss,WEAK,432,10.000482890043713,69.33655260029172,0.14423103709372534,59.54146615565473,locked,1013.5430981299098,1.5,30.963000000000193,7.8400000000001455,5.000241445021857,34.66827630014586,5100.0,2024-10
2024-10-22 06:55:00+00:00,2024-10-23 06:35:00+00:00,HTF,buy,2735.1549999999997,2748.3815020242314,2721.7433400807704,2755.2724898788438,0.02,stop_loss,WEAK,272,26.453004048463303,26.823319838458705,0.9861942596134409,89.12642734248797,trail,1039.9961021783731,1.5,17.93000000000029,5.7169999999996435,13.22650202423165,13.41165991922935,1420.0,2024-10
2024-10-23 07:25:00+00:00,2024-10-23 13:00:00+00:00,HTF,buy,2752.5049999999997,2739.6183197040277,2739.8183197040275,2771.535020443958,0.02,stop_loss,WEAK,67,-25.773360591943856,25.373360591944223,-1.0157645653026595,30.651569803502,raw,1014.2227415864293,1.5,5.833000000000538,12.899999999999636,-12.886680295971928,12.68668029597211,335.0,2024-10
2024-10-24 08:25:00+00:00,2024-10-30 12:15:00+00:00,HTF,buy,2736.258,2775.328950484971,2710.825900969941,2799.838247575147,0.02,stop_loss,STRONG,1150,78.14190096994207,50.864198060117815,1.5362849302683192,84.00407679582206,trail,1092.3646425563713,2.5,53.41000000000031,19.372999999999593,39.070950484971036,25.432099030058907,8870.0,2024-10
2024-10-31 06:00:00+00:00,2024-10-31 10:05:00+00:00,HTF,buy,2784.5649999999996,2774.6125800896416,2774.8125800896414,2799.193629865537,0.02,stop_loss,WEAK,49,-19.904839820716006,19.50483982071637,-1.0205077305774535,9.023401454091939,raw,1072.4598027356553,1.5,1.3200000000006185,9.849999999999454,-9.952419910358003,9.752419910358185,245.0,2024-10
2024-10-31 16:10:00+00:00,2024-11-06 15:30:00+00:00,HTF,sell,2740.5750000000003,2669.104433912781,2794.106446375937,2660.277830436095,0.02,stop_loss,WEAK,1084,142.94113217443828,107.06289275187373,1.3351136747791323,109.94160875090584,trail,1215.4009349100936,1.5,88.2800000000002,21.4729999999995,71.47056608721914,53.531446375936866,8600.0,2024-10
2024-11-06 16:40:00+00:00,2024-11-12 12:35:00+00:00,HTF,sell,2665.415,2604.8382783225197,2711.9592610750656,2595.5986083874013,0.02,stop_loss,WEAK,1055,121.15344335496047,93.08852215013121,1.3014863761567377,108.72375132361036,trail,1336.554378265054,1.5,75.9069999999997,44.82900000000018,60.576721677480236,46.544261075065606,8395.0,2024-11
2024-11-12 17:55:00+00:00,2024-11-13 03:00:00+00:00,HTF,sell,2597.168,2612.6790198176764,2612.4790198176765,2558.890450455809,0.02,stop_loss,STRONG,97,-31.022039635352485,30.62203963535285,-1.0130624871746896,5.669119433820676,raw,1305.5323386297016,2.5,2.1700000000000728,15.949999999999818,-15.511019817676242,15.311019817676424,545.0,2024-11
2024-11-13 15:55:00+00:00,2024-11-14 10:30:00+00:00,HTF,sell,2605.1250000000005,2547.1462574598763,2625.6895149197526,2553.71371270062,0.02,stop_loss,STRONG,211,115.95748508024826,41.129029839504256,2.819358626564821,133.16336469331148,trail,1421.4898237099499,2.5,68.46100000000024,0.739999999999327,57.97874254012413,20.564514919752128,1115.0,2024-11
2024-11-14 12:55:00+00:00,2024-11-18 01:00:00+00:00,HTF,sell,2551.885,2578.4703581381664,2578.2703581381666,2485.9216046545844,0.02,stop_loss,STRONG,409,-53.17071627633232,52.77071627633268,-1.0075799615435397,1.1521541546193843,raw,1368.3191074336175,2.5,0.7600000000002183,29.23999999999978,-26.585358138166157,26.38535813816634,5045.0,2024-11
2024-11-18 06:55:00+00:00,2024-11-18 17:05:00+00:00,HTF,buy,2586.0649999999996,2609.016842078062,2566.937806926872,2614.7557896096914,0.02,stop_loss,WEAK,122,45.903684156124655,38.254386146255456,1.1999587179526068,100.6943356840943,trail,1414.2227915897422,1.5,28.890000000000327,4.519999999999527,22.951842078062327,19.127193073127728,610.0,2024-11
2024-11-19 06:00:00+00:00,2024-11-19 13:15:00+00:00,HTF,buy,2623.335,2635.0376070453653,2610.110356817884,2643.171964773174,0.02,stop_loss,WEAK,87,23.405214090730624,26.44928636423174,0.8849090961630739,80.60708975812697,trail,1437.6280056804728,1.5,15.990000000000236,5.710000000000036,11.702607045365312,13.22464318211587,435.0,2024-11
2024-11-19 14:10:00+00:00,2024-11-20 06:05:00+00:00,HTF,buy,2630.205,2631.781940959334,2618.358726937773,2647.97440959334,0.02,stop_loss,WEAK,179,3.1538819186680485,23.692546124453656,0.1331170530217033,64.49285745709359,locked,1440.7818875991409,1.5,11.460000000000036,9.269999999999982,1.5769409593340242,11.846273062226828,955.0,2024-11
2024-11-21 06:55:00+00:00,2024-11-21 12:15:00+00:00,HTF,buy,2661.415,2663.3558794852242,2647.142470098505,2682.823794852243,0.02,stop_loss,WEAK,64,3.8817589704485727,28.54505980299018,0.1359870673678514,55.91160120227988,locked,1444.6636465695894,1.5,11.970000000000255,1.5099999999997635,1.9408794852242863,14.27252990149509,320.0,2024-11
2024-11-21 15:55:00+00:00,2024-11-22 03:30:00+00:00,HTF,buy,2667.705,2685.022032621142,2652.928442070472,2689.8698368942914,0.02,stop_loss,WEAK,127,34.63406524228412,29.55311585905565,1.1719260130627334,102.27911943641988,trail,1479.2977118118736,1.5,22.670000000000073,6.5470000000000255,17.31703262114206,14.776557929527826,695.0,2024-11
2024-11-22 06:55:00+00:00,2024-11-22 13:20:00+00:00,HTF,buy,2693.045,2695.6219294654593,2674.532136896941,2720.8142946545886,0.02,stop_loss,WEAK,77,5.153858930918432,37.025726206117724,0.13919670075416007,61.18268472905704,locked,1484.451570742792,1.5,16.98999999999978,2.68100000000004,2.576929465459216,18.512863103058862,385.0,2024-11
2024-11-25 08:10:00+00:00,2024-11-25 11:50:00+00:00,HTF,sell,2669.675,2688.2944001717196,2688.09440017172,2623.626499570701,0.02,stop_loss,STRONG,44,-37.238800343438925,36.83880034343929,-1.0108581168841149,4.039219480894696,raw,1447.212770399353,2.5,1.8600000000001273,18.672999999999774,-18.619400171719462,18.419400171719644,220.0,2024-11
2024-11-25 13:55:00+00:00,2024-11-25 14:10:00+00:00,HTF,buy,2678.335,2664.3676751495104,2664.5676751495103,2712.7533121262245,0.02,stop_loss,STRONG,3,-27.934649700979207,27.534649700979575,-1.0145271504937796,0.7263575246896452,raw,1419.2781206983739,2.5,0.25,18.759999999999764,-13.967324850489604,13.767324850489786,15.0,2024-11
2024-11-26 15:55:00+00:00,2024-12-02 00:40:00+00:00,HTF,buy,2629.615,2636.4626334713557,2601.424466114577,2700.0913347135565,0.02,stop_loss,STRONG,864,13.695266942711898,56.38106777084522,0.2429054199252635,51.90394782684958,locked,1432.9733876410858,2.5,36.58000000000038,10.200999999999567,6.847633471355948,28.19053388542261,7725.0,2024-11
2024-12-02 06:00:00+00:00,2024-12-09 14:45:00+00:00,HTF,sell,2622.8650000000002,2673.737938765465,2673.5379387654652,2572.1920612345352,0.02,stop_loss,RANGING,1485,-101.74587753092965,101.34587753093001,-1.0039468798311757,20.28696233226225,raw,1331.2275101101561,1.0,10.2800000000002,50.79999999999973,-50.87293876546482,50.672938765465005,10605.0,2024-12
2024-12-09 15:15:00+00:00,2024-12-11 05:00:00+00:00,HTF,buy,2674.6349999999998,2679.473992854829,2641.041714301141,2725.024928548288,0.02,stop_loss,WEAK,429,9.67798570965806,67.18657139771767,0.14404642934327233,58.47001741978295,locked,1340.9054958198142,1.5,29.463000000000193,17.95999999999958,4.83899285482903,33.593285698858836,2265.0,2024-12
2024-12-11 11:55:00+00:00,2024-12-11 16:05:00+00:00,HTF,buy,2696.564,2711.1050078621347,2681.397359540448,2719.3139606893274,0.02,stop_loss,WEAK,50,29.082015724269695,30.333280919103345,0.9587494277928365,84.79575091771471,trail,1369.9875115440839,1.5,19.291000000000167,6.230000000000018,14.541007862134848,15.166640459551672,250.0,2024-12
2024-12-12 15:55:00+00:00,2024-12-19 01:05:00+00:00,HTF,sell,2679.384,2597.703145711625,2730.1811523720835,2603.188271441875,0.02,stop_loss,WEAK,1202,163.36170857675006,101.59430474416695,1.6079809688951043,127.46121316487287,trail,1533.349220120834,1.5,97.11999999999989,13.21100000000024,81.68085428837503,50.797152372083474,9190.0,2024-12
2024-12-19 06:00:00+00:00,2025-01-02 10:20:00+00:00,HTF,sell,2604.148,2644.2361400420336,2644.036140042034,2504.4276498949157,0.02,stop_loss,STRONG,2220,-80.176280084067,79.77628008406737,-1.0050140217064285,17.38160764752101,raw,1453.172940036767,2.5,17.333000000000084,41.94999999999982,-40.0881400420335,39.88814004203368,20420.0,2024-12
2025-01-02 10:50:00+00:00,2025-01-03 02:25:00+00:00,HTF,buy,2642.6679999999997,2658.7088127387865,2617.8370636939317,2667.4989363060677,0.02,stop_loss,RANGING,175,32.08162547757365,49.661872612135994,0.6460011229969969,85.40555917264355,trail,1485.2545655143406,1.0,21.207000000000335,6.802999999999884,16.040812738786826,24.830936306067997,935.0,2025-01
2025-01-06 11:55:00+00:00,2025-01-06 14:15:00+00:00,HTF,buy,2645.625,2617.729568890924,2617.9295688909237,2687.1681466636146,0.02,stop_loss,WEAK,28,-55.79086221815215,55.390862218152506,-1.0072214077192783,7.324914563261331,raw,1429.4637032961884,1.5,3.04300000000012,31.26000000000022,-27.89543110907607,27.695431109076253,140.0,2025-01
2025-01-07 11:55:00+00:00,2025-01-07 14:00:00+00:00,HTF,buy,2648.455,2659.996539958503,2628.9476997925153,2667.9623002074845,0.02,stop_loss,RANGING,25,23.083079917006216,39.01460041496921,0.5916523473645433,80.19049193695234,trail,1452.5467832131947,1.0,15.643000000000029,1.2210000000000036,11.541539958503108,19.507300207484604,125.0,2025-01
2025-01-07 14:30:00+00:00,2025-01-09 17:05:00+00:00,HTF,buy,2661.7349999999997,2664.8248927219715,2628.836072780281,2694.6339272197183,0.02,stop_loss,RANGING,583,6.179785443943729,65.79785443943729,0.09392077441722398,50.63994910452521,locked,1458.7265686571384,1.0,16.66000000000031,19.699999999999818,3.0898927219718644,32.898927219718644,3035.0,2025-01
2025-01-10 06:00:00+00:00,2025-01-10 14:35:00+00:00,HTF,buy,2674.605,2689.388131768542,2662.6154392284725,2692.5893411572915,0.02,stop_loss,WEAK,103,29.566263537083614,23.979121543055044,1.2330002783461744,103.31209710435745,trail,1488.292832194222,1.5,18.579999999999927,11.400000000000091,14.783131768541807,11.989560771527522,515.0,2025-01
2025-01-13 15:55:00+00:00,2025-01-15 06:20:00+00:00,HTF,sell,2661.2780000000002,2682.439187620335,2682.239187620335,2608.8750309491634,0.02,stop_loss,STRONG,437,-42.32237524066932,41.92237524066968,-1.0095414441024226,8.898350769928365,raw,1445.9704569535527,2.5,4.663000000000466,21.846999999999753,-21.16118762033466,20.96118762033484,2305.0,2025-01
2025-01-15 06:50:00+00:00,2025-01-16 12:05:00+00:00,HTF,buy,2681.075,2704.034670417654,2659.307234725513,2713.72664791173,0.02,stop_loss,WEAK,339,45.9193408353085,43.53553054897384,1.0547555124808476,91.78709779371742,trail,1491.8897977888612,1.5,29.970000000000255,4.635999999999967,22.95967041765425,21.76776527448692,1755.0,2025-01
2025-01-16 13:25:00+00:00,2025-01-22 06:15:00+00:00,HTF,buy,2709.428,2750.305765225027,2682.863884083422,2749.274173874867,0.02,stop_loss,WEAK,987,81.75553045005381,53.12823183315595,1.538834017793009,123.09086476916795,trail,1573.645328238915,1.5,49.047000000000025,20.11999999999989,40.877765225026906,26.564115916577975,8210.0,2025-01
2025-01-22 07:10:00+00:00,2025-01-23 13:20:00+00:00,HTF,buy,2750.015,2739.067704406523,2739.2677044065226,2776.883238983693,0.02,stop_loss,STRONG,350,-21.89459118695413,21.494591186954494,-1.0186093327628583,49.091419828464886,raw,1551.7507370519609,2.5,13.190000000000055,10.980000000000018,-10.947295593477065,10.747295593477247,1810.0,2025-01
2025-01-23 16:55:00+00:00,2025-01-24 15:50:00+00:00,HTF,buy,2753.908,2777.583446488757,2727.8361549625233,2793.015767556215,0.02,stop_loss,WEAK,263,47.35089297751438,52.143690074953156,0.9080848115937049,81.61294288691263,trail,1599.1016300294752,1.5,31.91700000000037,2.8299999999999272,23.67544648875719,26.071845037476578,1375.0,2025-01
2025-01-24 16:55:00+00:00,2025-01-27 02:15:00+00:00,HTF,buy,2772.025,2756.025568739716,2756.225568739716,2811.5235781507104,0.02,stop_loss,STRONG,100,-31.998862520567855,31.598862520568222,-1.0126586835123974,10.02567734182813,raw,1567.1027675089074,2.5,3.9600000000000364,16.240000000000236,-15.999431260283927,15.79943126028411,3440.0,2025-01
2025-01-27 11:55:00+00:00,2025-01-27 15:35:00+00:00,HTF,buy,2771.4049999999997,2740.129467609591,2740.3294676095907,2849.093830976022,0.02,stop_loss,STRONG,44,-62.551064780817796,62.15106478081817,-1.0064359315710885,0.21882167341788877,raw,1504.5517027280896,2.5,0.1700000000005275,31.7199999999998,-31.275532390408898,31.07553239040908,220.0,2025-01
2025-01-28 08:55:00+00:00,2025-01-28 14:20:00+00:00,HTF,sell,2740.8450000000003,2752.7264646369,2752.5264646369,2723.3228030446508,0.02,stop_loss,WEAK,65,-23.762929273799273,23.362929273799637,-1.0171211407316212,3.138875800801153,raw,1480.7887734542903,1.5,0.5500000000001819,12.169999999999618,-11.881464636899636,11.681464636899818,325.0,2025-01
2025-01-29 11:55:00+00:00,2025-01-29 15:15:00+00:00,HTF,buy,2763.04,2753.900921465039,2754.100921465039,2776.4486178024417,0.02,stop_loss,WEAK,40,-18.27815706992169,17.878157069922054,-1.0223736707556166,2.461103783119486,raw,1462.5106163843686,1.5,0.32999999999992724,10.579999999999927,-9.139078534960845,8.939078534961027,200.0,2025-01
2025-01-29 15:55:00+00:00,2025-01-29 17:30:00+00:00,HTF,sell,2758.54,2752.1414966202947,2768.447483101473,2748.632516898527,0.02,stop_loss,RANGING,19,12.797006759410579,19.81496620294638,0.6458253134697617,95.9880516837387,trail,1475.3076231437792,1.0,9.509999999999764,2.5300000000002,6.398503379705289,9.90748310147319,95.0,2025-01
2025-01-30 08:10:00+00:00,2025-01-30 11:20:00+00:00,HTF,buy,2761.58,2772.824911919255,2743.154559596275,2780.005440403725,0.02,stop_loss,RANGING,38,22.489823838510347,36.85088080745027,0.6102927079551245,82.11472653289321,trail,1497.7974469822896,1.0,15.13000000000011,0.9800000000000182,11.244911919255173,18.425440403725133,190.0,2025-01
2025-01-30 12:55:00+00:00,2025-01-30 16:35:00+00:00,HTF,buy,2778.52,2780.01132872349,2761.6067127651045,2795.4332872348955,0.02,stop_loss,RANGING,44,2.982657446979829,33.82657446979101,0.08817497762427898,57.23310829859292,locked,1500.7801044292694,1.0,9.679999999999836,2.3099999999999454,1.4913287234899144,16.913287234895506,220.0,2025-01
2025-01-30 17:10:00+00:00,2025-01-31 17:15:00+00:00,HTF,buy,2790.16,2811.2981372515837,2761.500686257917,2818.8193137420826,0.02,stop_loss,RANGING,277,42.27627450316777,57.31862748416552,0.7375660646243971,94.45445987860876,trail,1543.0563789324372,1.0,27.070000000000164,2.6700000000000728,21.138137251583885,28.65931374208276,1445.0,2025-01
2025-02-03 06:55:00+00:00,2025-02-03 13:00:00+00:00,HTF,sell,2780.65,2801.099158384786,2800.899158384786,2750.276262422821,0.02,stop_loss,WEAK,73,-40.898316769571466,40.49831676957183,-1.0098769537083618,2.1400066368139843,raw,1502.1580621628657,1.5,0.650000000000091,20.98999999999978,-20.449158384785733,20.249158384785915,365.0,2025-02
2025-02-03 13:30:00+00:00,2025-02-03 17:05:00+00:00,HTF,buy,2799.8199999999997,2823.1546287559645,2779.86876251988,2829.7468562201793,0.02,stop_loss,WEAK,43,46.66925751192957,39.90247496023949,1.1695830285823823,102.18246706241183,trail,1548.8273196747953,1.5,30.580000000000382,1.3799999999996544,23.334628755964786,19.951237480119744,215.0,2025-02
2025-02-03 17:35:00+00:00,2025-02-05 12:55:00+00:00,HTF,buy,2815.52,2866.2665069736336,2780.108356578777,2868.6374651318342,0.02,stop_loss,WEAK,496,101.49301394726717,70.82328684244567,1.4330458027604642,116.06352043906578,trail,1650.3203336220624,1.5,61.65000000000009,8.329999999999927,50.746506973633586,35.411643421222834,2600.0,2025-02
2025-02-05 13:55:00+00:00,2025-02-06 09:45:00+00:00,HTF,buy,2868.5299999999997,2856.9054470922283,2857.105447092228,2897.091382269429,0.02,stop_loss,STRONG,226,-23.249105815542862,22.849105815543226,-1.0175061555243679,48.877186224079445,raw,1627.0712278065196,2.5,13.960000000000036,13.479999999999563,-11.624552907771431,11.424552907771613,1190.0,2025-02
2025-02-06 13:55:00+00:00,2025-02-06 16:45:00+00:00,HTF,buy,2866.27,2848.269282324051,2848.4692823240507,2910.771794189873,0.02,stop_loss,STRONG,34,-36.00143535189818,35.601435351898544,-1.011235502053383,9.055814655035338,raw,1591.0697924546214,2.5,4.0300000000002,17.88000000000011,-18.00071767594909,17.800717675949272,170.0,2025-02
2025-02-07 06:40:00+00:00,2025-02-10 15:40:00+00:00,HTF,buy,2868.79,2899.59017877334,2850.5503575466796,2914.3891061333006,0.02,stop_loss,STRONG,384,61.60035754668024,36.479284906640714,1.6886393936813842,92.19478968974457,trail,1652.6701500013016,2.5,42.039999999999964,16.40000000000009,30.80017877334012,18.239642453320357,4860.0,2025-02
2025-02-10 16:40:00+00:00,2025-02-11 04:30:00+00:00,HTF,buy,2906.02,2934.7342403312446,2890.7284806624893,2944.248798343777,0.02,stop_loss,STRONG,130,57.428480662489164,30.583038675021275,1.877788576626754,95.63470886850794,trail,1710.0986306637908,2.5,36.559999999999945,9.429999999999836,28.714240331244582,15.291519337510636,710.0,2025-02
2025-02-11 06:00:00+00:00,2025-02-11 14:50:00+00:00,HTF,buy,2919.3399999999997,2891.927623026904,2892.1276230269036,2987.37094243274,0.02,stop_loss,STRONG,106,-54.82475394619178,54.42475394619214,-1.0073495968469623,14.581600144387366,raw,1655.273876717599,2.5,9.920000000000528,28.86999999999989,-27.41237697309589,27.21237697309607,530.0,2025-02
2025-02-12 08:55:00+00:00,2025-02-12 16:05:00+00:00,HTF,sell,2892.11,2887.473805897666,2911.454776409337,2843.7480589766583,0.02,stop_loss,STRONG,86,9.27238820466846,38.68955281867329,0.23966129172196568,59.075379100708304,locked,1664.5462649222675,2.5,28.570000000000164,3.75,4.63619410233423,19.344776409336646,430.0,2025-02
2025-02-13 06:00:00+00:00,2025-02-14 15:40:00+00:00,HTF,buy,2917.02,2920.617355944452,2891.7042937036554,2954.993559444517,0.02,stop_loss,WEAK,392,7.194711888903839,50.63141259268923,0.14209976614286085,60.6737960228976,locked,1671.7409768111713,1.5,23.039999999999964,11.13000000000011,3.5973559444519196,25.315706296344615,2020.0,2025-02
2025-02-18 11:55:00+00:00,2025-02-19 04:40:00+00:00,HTF,buy,2912.8399999999997,2932.726160795959,2879.8208039797923,2945.859196020207,0.02,stop_loss,RANGING,189,39.772321591918626,66.03839204041469,0.6022605996762981,80.83176823465524,trail,1711.51329840309,1.0,26.69000000000051,5.889999999999873,19.886160795959313,33.019196020207346,1005.0,2025-02
2025-02-19 09:55:00+00:00,2025-02-19 13:55:00+00:00,HTF,buy,2934.45,2936.0172528135076,2916.7774718649234,2952.122528135076,0.02,stop_loss,RANGING,48,3.134505627015642,35.34505627015278,0.08868300005120044,71.29709967750406,locked,1714.6478040301056,1.0,12.600000000000364,0.6099999999996726,1.567252813507821,17.67252813507639,240.0,2025-02
2025-02-19 14:40:00+00:00,2025-02-20 09:40:00+00:00,HTF,buy,2936.1699999999996,2950.123896730186,2916.889483650929,2955.4505163490703,0.02,stop_loss,RANGING,216,27.907793460372886,38.56103269814139,0.7237304477511574,93.4103613924649,trail,1742.5555974904785,1.0,18.01000000000022,17.55999999999949,13.953896730186443,19.280516349070695,1140.0,2025-02
2025-02-20 10:25:00+00:00,2025-02-20 16:05:00+00:00,HTF,buy,2953.0099999999998,2925.932025558533,2926.132025558533,2979.8879744414667,0.02,stop_loss,RANGING,68,-54.155948882933444,53.755948882933815,-1.007441036914272,7.068985068565292,raw,1688.399648607545,1.0,1.900000000000091,27.419999999999618,-27.077974441466722,26.877974441466904,340.0,2025-02
2025-02-21 12:55:00+00:00,2025-02-24 14:00:00+00:00,HTF,sell,2930.3,2950.10794240361,2949.9079424036104,2910.69205759639,0.02,stop_loss,RANGING,289,-39.61588480722003,39.21588480722039,-1.0101999483618942,45.74676840313804,raw,1648.783763800325,1.0,8.970000000000255,20.81999999999971,-19.807942403610014,19.607942403610195,4385.0,2025-02
2025-02-24 14:30:00+00:00,2025-02-25 17:20:00+00:00,HTF,buy,2947.16,2915.2318825162984,2915.431882516298,2978.8881174837015,0.02,stop_loss,RANGING,310,-63.856234967403005,63.45623496740336,-1.0063035570926184,28.429042487734858,raw,1584.927528832922,1.0,9.019999999999982,36.809999999999945,-31.9281174837015,31.72811748370168,1610.0,2025-02
2025-02-25 17:50:00+00:00,2025-02-28 11:15:00+00:00,HTF,sell,2905.82,2862.614042029038,2962.6402101451904,2848.99978985481,0.02,stop_loss,RANGING,749,86.41191594192424,113.64042029038046,0.760397715189011,96.39175895345787,trail,1671.3394447748462,1.0,54.76999999999998,24.259999999999764,43.20595797096212,56.82021014519023,3925.0,2025-02
2025-02-28 12:10:00+00:00,2025-02-28 23:20:00+00:00,HTF,sell,2862.1400000000003,2858.199227105364,2878.7030915785435,2820.7322710536423,0.02,stop_loss,STRONG,134,7.881545789272423,33.126183157086416,0.23792495959759818,71.41178893995095,locked,1679.2209905641187,2.5,29.570000000000164,2.789999999999509,3.9407728946362113,16.563091578543208,670.0,2025-02
2025-03-03 06:00:00+00:00,2025-03-03 21:50:00+00:00,HTF,buy,2864.25,2885.3541945018833,2850.4583890037666,2898.7290274905836,0.02,stop_loss,STRONG,190,42.20838900376657,27.58322199246686,1.5302196753988322,83.64505062643231,trail,1721.4293795678852,2.5,28.840000000000146,5.420000000000073,21.104194501883285,13.79161099623343,950.0,2025-03
2025-03-04 11:55:00+00:00,2025-03-14 12:35:00+00:00,HTF,buy,2918.29,2991.024900313093,2872.873001043643,2986.4154984345355,0.02,stop_loss,WEAK,2228,145.46980062618604,90.83399791271404,1.6014906749560192,127.05962083078019,trail,1866.8991801940713,1.5,86.55999999999995,38.029999999999745,72.73490031309302,45.41699895635702,14440.0,2025-03
2025-03-14 13:25:00+00:00,2025-03-19 10:10:00+00:00,HTF,buy,2996.95,3032.3627295420024,2962.025765140008,3049.3363522899876,0.02,stop_loss,WEAK,789,70.82545908400516,69.84846971998377,1.013987269412459,92.33320871864733,trail,1937.7246392780764,1.5,48.370000000000346,18.5,35.41272954200258,34.924234859991884,7005.0,2025-03
2025-03-20 06:00:00+00:00,2025-03-20 12:05:00+00:00,HTF,buy,3048.85,3035.923358261284,3036.123358261284,3067.939962608074,0.02,stop_loss,WEAK,73,-25.853283477431432,25.4532834774318,-1.015715064830606,44.05456507517365,raw,1911.871355800645,1.5,8.41000000000031,12.909999999999854,-12.926641738715716,12.726641738715898,365.0,2025-03
2025-03-25 15:55:00+00:00,2025-03-28 10:05:00+00:00,HTF,buy,3028.6499999999996,3076.5571265735384,3002.307088578461,3068.1643671323077,0.02,stop_loss,WEAK,758,95.81425314707758,52.6858228430774,1.8185965023732564,145.03585444784244,trail,2007.6856089477226,1.5,57.3100000000004,16.199999999999818,47.90712657353879,26.3429114215387,3970.0,2025-03
2025-03-28 11:10:00+00:00,2025-03-28 16:30:00+00:00,HTF,buy,3072.22,3074.713398370442,3054.2640108637183,3099.153983704422,0.02,stop_loss,WEAK,64,4.986796740884529,35.91197827256292,0.13886165510114734,54.020972759448405,locked,2012.6724056886071,1.5,14.550000000000182,5.209999999999582,2.4933983704422644,17.95598913628146,320.0,2025-03
2025-03-28 17:40:00+00:00,2025-04-01 08:55:00+00:00,HTF,buy,3083.73,3132.8461629565372,3055.5023259130744,3154.299185217314,0.02,stop_loss,STRONG,435,98.23232591307442,56.45534817385124,1.740000355866608,92.5474763508765,trail,2110.9047316016813,2.5,65.30999999999995,10.170000000000073,49.11616295653721,28.227674086925617,5235.0,2025-03
2025-04-01 09:40:00+00:00,2025-04-01 18:40:00+00:00,HTF,buy,3133.73,3119.325565033247,3119.525565033247,3169.2410874168827,0.02,stop_loss,STRONG,108,-28.808869933505775,28.408869933506143,-1.0140801095198744,14.586993462602788,raw,2082.0958616681755,2.5,5.179999999999836,14.460000000000036,-14.404434966752888,14.20443496675307,540.0,2025-04
2025-04-02 09:10:00+00:00,2025-04-03 03:05:00+00:00,HTF,buy,3115.6,3159.006838170284,3098.553676340568,3158.21580914858,0.02,stop_loss,STRONG,203,86.81367634056824,34.09264731886378,2.546404669857756,122.32549619848574,trail,2168.9095380087438,2.5,52.13000000000011,11.150000000000091,43.40683817028412,17.04632365943189,1075.0,2025-04
2025-04-04 13:10:00+00:00,2025-04-04 13:30:00+00:00,HTF,sell,3095.25,3114.3996863015304,3114.1996863015306,3047.8757842461737,0.02,stop_loss,STRONG,4,-38.299372603060874,37.89937260306124,-1.0105542644251406,2.9763025678920534,raw,2130.610165405683,2.5,1.4099999999998545,19.559999999999945,-19.149686301530437,18.94968630153062,20.0,2025-04
2025-04-07 06:00:00+00:00,2025-04-09 19:10:00+00:00,HTF,sell,3027.6000000000004,3088.2509662300727,3088.050966230073,2876.472584424819,0.02,stop_loss,STRONG,710,-121.3019324601446,120.90193246014496,-1.0033084665551686,47.205200809187865,raw,2009.3082329455383,2.5,71.34000000000015,62.749999999999545,-60.6509662300723,60.45096623007248,3670.0,2025-04
2025-04-10 06:00:00+00:00,2025-04-14 01:00:00+00:00,HTF,buy,3116.3399999999997,3216.132979157072,3058.285958314143,3261.4751042146413,0.02,stop_loss,STRONG,492,199.5859583141446,116.1080833717133,1.7189669531894838,88.89648076401392,trail,2208.894191259683,2.5,129.02000000000044,12.909999999999854,99.7929791570723,58.054041685856646,5460.0,2025-04
2025-04-14 17:55:00+00:00,2025-04-16 11:25:00+00:00,HTF,buy,3211.3599999999997,3301.039748094709,3178.319496189417,3293.9612595264566,0.02,stop_loss,STRONG,474,179.35949618941868,66.08100762116555,2.7142367019834963,128.81159513786946,trail,2388.2536874491016,2.5,106.40000000000055,15.019999999999527,89.67974809470934,33.04050381058278,2490.0,2025-04
2025-04-17 06:00:00+00:00,2025-04-17 17:25:00+00:00,HTF,buy,3339.18,3301.669242978285,3301.869242978285,3395.146135532572,0.02,stop_loss,WEAK,137,-75.0215140434293,74.62151404342967,-1.005360384402906,11.113863662035847,raw,2313.2321734056723,1.5,6.220000000000255,37.51999999999998,-37.51075702171465,37.310757021714835,685.0,2025-04
2025-04-21 06:00:00+00:00,2025-04-22 10:05:00+00:00,HTF,buy,3382.8799999999997,3470.6911722471127,3285.9172408237087,3528.324138764436,0.02,stop_loss,WEAK,325,175.62234449422613,193.925518352582,0.905617507103535,80.51201031184712,trail,2488.8545178998984,1.5,117.10000000000036,12.9699999999998,87.81117224711306,96.962759176291,1685.0,2025-04
2025-04-22 10:55:00+00:00,2025-04-22 15:50:00+00:00,HTF,buy,3468.85,3431.9879402259294,3432.187940225929,3523.843089661106,0.02,stop_loss,WEAK,59,-73.72411954814106,73.32411954814143,-1.0054552308635225,6.964511402436593,raw,2415.1303983517573,1.5,3.8299999999999272,44.38000000000011,-36.86205977407053,36.66205977407071,295.0,2025-04
2025-04-23 06:00:00+00:00,2025-05-02 01:00:00+00:00,HTF,sell,3344.79,3240.955829918628,3412.8616598372564,3174.610850406859,0.02,stop_loss,STRONG,1872,207.66834016274424,136.1433196745129,1.5253656268940048,83.95858149579021,trail,2622.7987385145016,2.5,142.8800000000001,25.970000000000255,103.83417008137212,68.07165983725645,12660.0,2025-04
2025-05-02 06:00:00+00:00,2025-05-05 17:00:00+00:00,HTF,buy,3246.6,3311.0921281556134,3209.5070938520444,3302.2393592219332,0.02,stop_loss,WEAK,407,128.984256311227,74.18581229591109,1.7386647435595477,136.27044067414698,trail,2751.7829948257286,1.5,75.82000000000016,23.81999999999971,64.4921281556135,37.092906147955546,4980.0,2025-05
2025-05-05 17:55:00+00:00,2025-05-05 22:55:00+00:00,HTF,buy,3312.8999999999996,3331.0513745830367,3292.5712486101215,3343.393127084817,0.02,stop_loss,WEAK,60,36.302749166074136,40.657502779756214,0.8928917588157835,80.80509398548583,trail,2788.0857439918027,1.5,24.640000000000327,7.249999999999545,18.151374583037068,20.328751389878107,300.0,2025-05
2025-05-06 06:55:00+00:00,2025-05-07 01:00:00+00:00,HTF,buy,3360.6499999999996,3420.6916161515687,3314.4553871718954,3429.941919242156,0.02,stop_loss,WEAK,205,120.08323230313817,92.38922565620851,1.2997536395637996,111.41270272830414,trail,2908.168976294941,1.5,77.20000000000027,10.449999999999818,60.04161615156909,46.194612828104255,1085.0,2025-05
2025-05-07 06:00:00+00:00,2025-05-08 09:30:00+00:00,HTF,buy,3390.6899999999996,3334.586358123103,3334.7863581231027,3474.5454628153448,0.02,stop_loss,WEAK,318,-112.20728375379349,111.80728375379385,-1.0035775844521941,28.728003151146215,raw,2795.9616925411474,1.5,24.0900000000006,64.23999999999978,-56.103641876896745,55.90364187689693,1650.0,2025-05
2025-05-09 16:55:00+00:00,2025-05-12 01:00:00+00:00,HTF,buy,3330.98,3291.27,3303.1381713349488,3372.742742997577,0.02,stop_gap,WEAK,85,-79.42000000000007,55.68365733010251,-1.4262712581751653,39.62862305514854,raw,2716.5416925411473,1.5,16.550000000000182,59.909999999999854,-39.710000000000036,27.841828665051253,3365.0,2025-05
2025-05-12 06:00:00+00:00,2025-05-13 08:10:00+00:00,HTF,sell,3271.52,3260.345870340711,3347.3475310619256,3157.7787034071116,0.02,stop_loss,WEAK,302,22.34825931857813,151.65506212385117,0.14736243555343453,56.0746201340455,locked,2738.8899518597254,1.5,63.7800000000002,13.170000000000073,11.174129659289065,75.82753106192558,1570.0,2025-05
2025-05-14 09:55:00+00:00,2025-05-14 15:45:00+00:00,HTF,sell,3227.78,3192.1504240240306,3251.5330506506466,3192.1504240240306,0.02,take_profit,WEAK,70,71.2591519519392,47.5061013012928,1.5,107.88789635309143,locked,2810.1491038116646,1.5,38.440000000000055,16.009999999999764,35.6295759759696,23.7530506506464,350.0,2025-05
2025-05-14 17:55:00+00:00,2025-05-15 09:05:00+00:00,HTF,sell,3181.6600000000003,3131.406071478101,3216.413571593669,3129.5296426094974,0.02,stop_loss,WEAK,170,100.50785704379905,69.50714318733753,1.446007596268308,116.78416003165786,trail,2910.6569608554637,1.5,60.88000000000011,10.989999999999782,50.253928521899525,34.75357159366877,910.0,2025-05
2025-05-15 14:55:00+00:00,2025-05-15 17:10:00+00:00,HTF,sell,3178.9700000000003,3201.0405166244836,3200.840516624484,3146.164225063275,0.02,stop_loss,WEAK,27,-44.14103324896678,43.74103324896714,-1.0091447313949558,4.206576441683836,raw,2866.515927606497,1.5,1.3800000000001091,27.479999999999563,-22.07051662448339,21.87051662448357,135.0,2025-05
2025-05-16 12:25:00+00:00,2025-05-16 15:10:00+00:00,HTF,sell,3210.0600000000004,3167.0355789840373,3250.1785966134585,3149.8821050798133,0.02,stop_loss,WEAK,33,86.04884203192614,80.23719322691613,1.0724308586988365,92.57552141677222,trail,2952.564769638423,1.5,55.71000000000049,2.819999999999709,43.02442101596307,40.11859661345807,165.0,2025-05
2025-05-16 15:40:00+00:00,2025-05-20 16:55:00+00:00,HTF,sell,3177.9100000000003,3252.529069518866,3252.329069518866,3066.2813957217013,0.02,stop_loss,WEAK,567,-149.23813903773134,148.8381390377317,-1.0026874832122044,10.436393140736323,raw,2803.3266306006917,1.5,11.650000000000091,83.61999999999989,-74.61906951886567,74.41906951886585,5835.0,2025-05
2025-05-20 17:25:00+00:00,2025-05-22 13:55:00+00:00,HTF,buy,3280.04,3289.2940279070526,3217.013147286318,3374.580279070523,0.02,stop_loss,WEAK,510,18.50805581410532,126.05370542736365,0.14682674937128506,69.03935617887417,locked,2821.834686414797,1.5,65.26999999999998,6.630000000000109,9.25402790705266,63.02685271368182,2670.0,2025-05
2025-05-23 12:10:00+00:00,2025-05-23 15:50:00+00:00,HTF,buy,3328.37,3352.1622474815294,3292.3312374076445,3364.4087625923553,0.02,stop_loss,RANGING,44,47.584494963059115,72.0775251847108,0.6601849167422971,88.95976913147558,trail,2869.419181377856,1.0,32.059999999999945,4.9099999999998545,23.792247481529557,36.0387625923554,220.0,2025-05
2025-05-23 16:20:00+00:00,2025-05-27 10:50:00+00:00,HTF,buy,3351.41,3300.1397878108037,3300.3397878108035,3428.0153182837944,0.02,stop_loss,WEAK,438,-102.54042437839234,102.14042437839271,-1.0039161771887473,18.875974049779487,raw,2766.878756999464,1.5,14.460000000000036,57.929999999999836,-51.27021218919617,51.070212189196354,5430.0,2025-05
2025-05-29 07:25:00+00:00,2025-05-29 15:15:00+00:00,HTF,sell,3274.77,3309.261109811688,3309.0611098116883,3240.4788901883117,0.02,stop_loss,RANGING,94,-68.9822196233763,68.58221962337666,-1.0058324154889746,25.45849360939711,raw,2697.8965373760875,1.0,8.730000000000018,35.679999999999836,-34.49110981168815,34.29110981168833,470.0,2025-05
2025-05-29 15:55:00+00:00,2025-06-05 15:50:00+00:00,HTF,buy,3316.6499999999996,3378.383988398294,3249.86329466098,3416.830058008529,0.02,stop_loss,WEAK,1379,123.46797679658903,133.57341067803918,0.924345467932926,86.52420623735365,trail,2821.3645141726765,1.5,86.68000000000029,44.82999999999947,61.733988398294514,66.78670533901959,10075.0,2025-05
2025-06-05 16:40:00+00:00,2025-06-05 18:30:00+00:00,HTF,buy,3385.02,3357.1060723624105,3357.3060723624103,3412.7339276375897,0.02,stop_loss,RANGING,22,-55.827855275179,55.42785527517936,-1.007216588085788,0.7938246894366707,raw,2765.5366588974975,1.0,0.2199999999997999,32.23000000000002,-27.913927637589495,27.713927637589677,110.0,2025-06
2025-06-06 07:55:00+00:00,2025-06-06 17:15:00+00:00,HTF,buy,3373.91,3330.572888605272,3330.772888605272,3417.047111394728,0.02,stop_loss,RANGING,112,-86.6742227894556,86.27422278945596,-1.0046363790604733,3.917740306103571,raw,2678.862436108042,1.0,1.6900000000000546,50.23000000000002,-43.3371113947278,43.13711139472798,560.0,2025-06
2025-06-09 08:10:00+00:00,2025-06-10 16:20:00+00:00,HTF,sell,3311.1000000000004,3344.509891469754,3344.3098914697543,3277.8901085302464,0.02,stop_loss,RANGING,374,-66.8197829395076,66.41978293950797,-1.0060223021259185,27.5821437367322,raw,2612.0426531685343,1.0,9.16000000000031,33.57999999999947,-33.4098914697538,33.209891469753984,1930.0,2025-06
2025-06-10 16:50:00+00:00,2025-06-12 17:10:00+00:00,HTF,buy,3347.08,3386.110346211896,3284.9317310594797,3409.22826894052,0.02,stop_loss,RANGING,556,78.0606924237918,124.29653788104042,0.6280198447562617,83.17206718898417,trail,2690.103345592326,1.0,51.690000000000055,31.549999999999727,39.0303462118959,62.14826894052021,2900.0,2025-06
2025-06-12 17:55:00+00:00,2025-06-16 03:50:00+00:00,HTF,buy,3384.0099999999998,3434.9112701810545,3303.4663509052725,3464.553649094727,0.02,stop_loss,RANGING,383,101.80254036210954,161.0872981894545,0.6319712448239075,83.45785267432188,trail,2791.9058859544357,1.0,67.22000000000025,6.119999999999891,50.90127018105477,80.54364909472724,4915.0,2025-06
2025-06-19 12:25:00+00:00,2025-06-19 16:45:00+00:00,HTF,sell,3372.3,3370.3644941895195,3393.655058104803,3350.944941895197,0.02,stop_loss,RANGING,52,3.871011620961326,42.710116209605985,0.09063453730642607,50.24570735111566,locked,2795.776897575397,1.0,10.730000000000018,6.699999999999818,1.935505810480663,21.355058104802993,260.0,2025-06
2025-06-19 17:55:00+00:00,2025-06-20 10:00:00+00:00,HTF,sell,3364.46,3347.444965148338,3393.084825741691,3335.835174258309,0.02,stop_loss,RANGING,151,34.03006970332444,57.24965148338197,0.5944153164531046,84.15771756092812,trail,2829.8069672787215,1.0,24.090000000000146,10.989999999999782,17.01503485166222,28.624825741690984,965.0,2025-06
2025-06-20 14:55:00+00:00,2025-06-20 16:50:00+00:00,HTF,sell,3346.8500000000004,3369.3097223302216,3369.1097223302218,3313.4604165046685,0.02,stop_loss,WEAK,23,-44.91944466044242,44.51944466044279,-1.0089848380421298,14.615336548546129,raw,2784.887522618279,1.5,4.880000000000564,25.119999999999436,-22.45972233022121,22.259722330221393,115.0,2025-06
2025-06-23 08:55:00+00:00,2025-06-23 16:50:00+00:00,HTF,sell,3356.57,3386.5168516585854,3386.3168516585856,3326.8231483414147,0.02,stop_loss,RANGING,95,-59.893703317170555,59.49370331717091,-1.0067234005902637,16.53956545206382,raw,2724.9938193011085,1.0,4.920000000000073,31.11999999999989,-29.946851658585274,29.746851658585456,475.0,2025-06
2025-06-24 07:10:00+00:00,2025-06-24 15:50:00+00:00,HTF,sell,3348.8700000000003,3315.616565448242,3392.1528272412097,3305.587172758791,0.02,stop_loss,RANGING,104,66.50686910351669,86.56565448241872,0.7682824036988489,102.23454155016532,trail,2791.500688404625,1.0,44.250000000000455,1.6599999999998545,33.253434551758346,43.28282724120936,520.0,2025-06
2025-06-24 16:20:00+00:00,2025-06-30 01:40:00+00:00,HTF,sell,3312.13,3264.527417639494,3391.367088197472,3232.892911802528,0.02,stop_loss,RANGING,928,95.2051647210119,158.47417639494415,0.6007613788365412,80.32854493766057,trail,2886.705853125637,1.0,63.65000000000009,38.15000000000009,47.60258236050595,79.23708819747208,7760.0,2025-06
2025-06-30 13:10:00+00:00,2025-07-01 16:15:00+00:00,HTF,buy,3287.1899999999996,3346.530984333642,3266.3719686672844,3339.235078331788,0.02,stop_loss,STRONG,313,118.68196866728522,41.63606266543047,2.850460900228789,135.90141905272088,trail,3005.3878217929223,2.5,70.73000000000047,12.549999999999727,59.34098433364261,20.818031332715236,1625.0,2025-06
2025-07-02 15:55:00+00:00,2025-07-03 02:20:00+00:00,HTF,buy,3346.8399999999997,3350.147192815625,3323.4587145624964,3381.9119281562544,0.02,stop_loss,WEAK,113,6.614385631251025,46.76257087500653,0.14144615036095579,53.88925272598534,locked,3012.0022074241733,1.5,18.90000000000009,12.949999999999818,3.3071928156255126,23.381285437503266,625.0,2025-07
2025-07-03 12:25:00+00:00,2025-07-03 15:30:00+00:00,HTF,buy,3350.73,3333.512591069951,3333.712591069951,3376.2561133950735,0.02,stop_loss,WEAK,37,-34.43481786009761,34.034817860097974,-1.0117526705047712,18.02076144066533,raw,2977.5673895640757,1.5,4.599999999999909,22.829999999999927,-17.217408930048805,17.017408930048987,185.0,2025-07
2025-07-04 13:25:00+00:00,2025-07-07 04:10:00+00:00,HTF,buy,3334.48,3313.4439049067214,3313.643904906721,3355.316095093279,0.02,stop_loss,RANGING,113,-42.072190186557236,41.6721901865576,-1.00959872754969,39.73873205575415,raw,2935.4951993775185,1.0,8.2800000000002,23.710000000000036,-21.036095093278618,20.8360950932788,3765.0,2025-07
2025-07-07 07:55:00+00:00,2025-07-07 20:10:00+00:00,HTF,sell,3307.52,3332.007676260083,3331.807676260083,3283.232323739917,0.02,stop_loss,RANGING,147,-48.97535252016587,48.575352520166234,-1.008234628865196,45.578670768902455,raw,2886.5198468573526,1.0,11.070000000000164,25.0,-24.487676260082935,24.287676260083117,735.0,2025-07
2025-07-09 06:00:00+00:00,2025-07-10 11:55:00+00:00,HTF,sell,3287.9700000000003,3330.164076585755,3329.9640765857553,3245.9759234142452,0.02,stop_loss,RANGING,347,-84.38815317150966,83.98815317151002,-1.004762576445547,12.38269875843439,raw,2802.131693685843,1.0,5.200000000000273,42.13999999999987,-42.19407658575483,41.99407658575501,1795.0,2025-07
2025-07-11 06:00:00+00:00,2025-07-11 16:20:00+00:00,HTF,buy,3333.7999999999997,3353.088854218912,3310.894271094558,3356.7057289054414,0.02,stop_loss,RANGING,124,38.577708437824185,45.81145781088344,0.8420973765357729,107.30939889086395,trail,2840.709402123667,1.0,24.580000000000382,4.239999999999782,19.288854218912093,22.90572890544172,620.0,2025-07
2025-07-11 17:55:00+00:00,2025-07-15 18:25:00+00:00,HTF,buy,3361.3599999999997,3333.3541920214675,3333.5541920214673,3389.165807978532,0.02,stop_loss,RANGING,558,-56.01161595706435,55.61161595706472,-1.0071927418960178,48.76679005504706,raw,2784.697786166603,1.0,13.5600000000004,28.649999999999636,-28.005807978532175,27.805807978532357,5790.0,2025-07
2025-07-16 11:55:00+00:00,2025-07-16 16:50:00+00:00,HTF,buy,3342.3399999999997,3322.2412395096712,3322.441239509671,3362.2387604903283,0.02,stop_loss,RANGING,59,-40.19752098065692,39.79752098065728,-1.0100508772944436,3.2665351206976396,raw,2744.500265185946,1.0,0.650000000000091,20.33999999999969,-20.09876049032846,19.89876049032864,295.0,2025-07
2025-07-17 08:10:00+00:00,2025-07-17 15:30:00+00:00,HTF,sell,3339.9900000000002,3317.409518657393,3362.5704813426073,3317.409518657393,0.02,take_profit,RANGING,88,45.160962685214145,45.160962685214145,1.0,121.29945143515688,locked,2789.66122787116,1.0,27.390000000000327,1.2899999999999636,22.580481342607072,22.580481342607072,440.0,2025-07
2025-07-17 16:00:00+00:00,2025-07-21 08:10:00+00:00,HTF,sell,3312.09,3361.9231628661105,3361.7231628661107,3262.4568371338896,0.02,stop_loss,RANGING,455,-99.66632573222068,99.26632573222105,-1.004029563873238,0.0,raw,2689.9949021389393,1.0,0.0,51.17000000000007,-49.83316286611034,49.633162866110524,5290.0,2025-07
2025-07-21 08:40:00+00:00,2025-07-21 16:50:00+00:00,HTF,buy,3367.3999999999996,3389.0253244447836,3337.6766222239166,3397.1233777760826,0.02,stop_loss,RANGING,98,43.250648889567856,59.446755552165996,0.7275527232367517,93.42814335975518,trail,2733.245551028507,1.0,27.770000000000437,4.549999999999727,21.625324444783928,29.723377776082998,490.0,2025-07
2025-07-21 17:20:00+00:00,2025-07-23 04:00:00+00:00,HTF,buy,3396.23,3428.3193760698823,3344.9768803494103,3447.4831196505897,0.02,stop_loss,RANGING,388,64.17875213976458,102.50623930117946,0.6260960559795518,82.99982574721282,trail,2797.4243031682718,1.0,42.539999999999964,12.9699999999998,32.08937606988229,51.253119650589724,2080.0,2025-07
2025-07-23 06:10:00+00:00,2025-07-23 19:20:00+00:00,HTF,buy,3424.85,3381.9303938292296,3382.1303938292294,3488.929409256156,0.02,stop_loss,WEAK,158,-85.83921234154059,85.43921234154095,-1.004681691099874,14.029467662635467,raw,2711.585090826731,1.5,8.990000000000236,43.32999999999993,-42.919606170770294,42.719606170770476,790.0,2025-07
2025-07-24 12:10:00+00:00,2025-07-28 18:25:00+00:00,HTF,sell,3366.1200000000003,3314.941537364267,3408.958457880891,3301.8623131786644,0.02,stop_loss,WEAK,623,102.35692527146693,85.67691576178095,1.1946849902494583,100.09697389020162,trail,2813.942016098198,1.5,64.32000000000016,11.269999999999527,51.17846263573347,42.83845788089047,6135.0,2025-07
2025-07-29 06:00:00+00:00,2025-07-29 18:05:00+00:00,HTF,sell,3317.9900000000002,3333.274569422536,3333.074569422536,3280.2785764436603,0.02,stop_loss,STRONG,145,-30.569138845071393,30.169138845071757,-1.013258581958662,23.94499901736567,raw,2783.3728772531267,2.5,9.0300000000002,16.149999999999636,-15.284569422535697,15.084569422535878,725.0,2025-07
2025-07-30 06:10:00+00:00,2025-07-30 16:35:00+00:00,HTF,sell,3326.2200000000003,3307.35,3343.091465649255,3300.912801526118,0.02,stop_gap,WEAK,125,37.74000000000069,33.742931298509575,1.1184564751097266,96.05962518960396,trail,2821.1128772531274,1.5,24.3100000000004,7.829999999999927,18.870000000000346,16.871465649254787,625.0,2025-07
2025-07-31 06:00:00+00:00,2025-07-31 10:45:00+00:00,HTF,sell,3296.71,3306.885323499756,3306.685323499756,3271.77169125061,0.02,stop_loss,STRONG,57,-20.35064699951181,19.950646999512173,-1.020049475087671,12.992059856823529,raw,2800.7622302536156,2.5,3.2400000000002365,12.949999999999818,-10.175323499755905,9.975323499756087,285.0,2025-07
2025-07-31 11:55:00+00:00,2025-08-01 04:50:00+00:00,HTF,buy,3310.24,3284.9462285954223,3285.146228595422,3372.974428511444,0.02,stop_loss,STRONG,189,-50.58754280915492,50.187542809155275,-1.0079701052813184,4.622661063168957,raw,2750.1746874444607,2.5,2.900000000000091,28.31999999999971,-25.293771404577456,25.093771404577637,1015.0,2025-07
2025-08-01 09:25:00+00:00,2025-08-01 15:30:00+00:00,HTF,sell,3291.86,3308.534775717124,3308.334775717124,3250.6730607071904,0.02,stop_loss,STRONG,73,-33.34955143424759,32.94955143424795,-1.0121397707279218,15.903099653592518,raw,2716.825136010213,2.5,6.550000000000182,38.83999999999969,-16.674775717123794,16.474775717123975,365.0,2025-08
2025-08-01 16:00:00+00:00,2025-09-02 10:50:00+00:00,HTF,buy,3344.64,3475.0969787298927,3277.853957459785,3511.6051063505374,0.02,stop_loss,STRONG,5937,260.9139574597857,133.57208508043004,1.9533569256081997,98.25406253183392,trail,2977.739093469999,2.5,164.05000000000018,33.08999999999969,130.45697872989285,66.78604254021502,45770.0,2025-08
2025-09-02 11:40:00+00:00,2025-09-03 01:35:00+00:00,HTF,buy,3479.9399999999996,3531.2973061454354,3462.8346122908697,3522.7034692728243,0.02,stop_loss,STRONG,153,102.71461229087163,34.2107754182598,3.002405266618082,140.8445129082998,trail,3080.4537057608704,2.5,60.23000000000047,5.9099999999994,51.357306145435814,17.1053877091299,835.0,2025-09
2025-09-03 07:10:00+00:00,2025-09-03 21:30:00+00:00,HTF,buy,3532.31,3569.3609878549923,3514.511975709984,3576.8050607250393,0.02,stop_loss,STRONG,172,74.1019757099848,35.59604858003149,2.0817472350443467,103.71937749492591,trail,3154.5556814708552,2.5,46.15000000000009,5.2199999999998,37.0509878549924,17.798024290015746,860.0,2025-09
2025-09-04 12:40:00+00:00,2025-09-09 09:05:00+00:00,HTF,buy,3540.49,3638.2111306760985,3500.1522613521965,3641.334346619508,0.02,stop_loss,STRONG,779,195.44226135219742,80.67547729560647,2.4225733507106386,117.73590090079675,trail,3349.9979428230527,2.5,118.73000000000002,5.419999999999618,97.72113067609871,40.337738647803235,6985.0,2025-09
2025-09-09 09:55:00+00:00,2025-09-11 12:15:00+00:00,HTF,buy,3647.68,3617.05616528566,3617.25616528566,3723.73958678585,0.02,stop_loss,STRONG,580,-61.24766942867973,60.84766942868009,-1.0065737932735201,34.762218830406354,raw,3288.750273394373,2.5,26.440000000000055,33.51999999999998,-30.623834714339864,30.423834714340046,3020.0,2025-09
2025-09-12 06:00:00+00:00,2025-09-15 19:45:00+00:00,HTF,buy,3648.6,3675.477709085802,3619.0590302860055,3692.9114545709917,0.02,stop_loss,WEAK,441,53.755418171604106,59.08193942798881,0.9098451860593226,83.2741790068801,trail,3342.505691565977,1.5,36.90000000000009,21.909999999999854,26.877709085802053,29.5409697139944,5145.0,2025-09
2025-09-16 06:25:00+00:00,2025-09-17 21:00:00+00:00,HTF,buy,3681.97,3652.951570775139,3653.1515707751387,3725.1976438372913,0.02,stop_loss,WEAK,451,-58.036858449721876,57.63685844972224,-1.0069400035109228,48.788224681832666,raw,3284.468833116255,1.5,21.090000000000146,30.509999999999764,-29.018429224860938,28.81842922486112,2315.0,2025-09
2025-09-18 13:10:00+00:00,2025-09-18 16:50:00+00:00,HTF,sell,3667.25,3636.3399999999997,3694.7676556060414,3625.973516590938,0.02,stop_gap,WEAK,44,61.82000000000062,55.035311212082895,1.1232788302363257,95.62345611868245,trail,3346.288833116256,1.5,39.4699999999998,5.170000000000073,30.91000000000031,27.517655606041444,220.0,2025-09
2025-09-22 06:25:00+00:00,2025-09-22 09:55:00+00:00,HTF,buy,3691.73,3714.2156907575413,3674.115635858471,3718.151546212294,0.02,stop_loss,WEAK,42,44.97138151508261,35.228728283058445,1.2765542131905292,106.16335537149084,trail,3391.2602146313384,1.5,28.050000000000182,1.6300000000001091,22.485690757541306,17.614364141529222,210.0,2025-09
2025-09-22 10:25:00+00:00,2025-09-23 12:40:00+00:00,HTF,buy,3713.6899999999996,3779.1188872846246,3674.1529576154153,3772.995563576876,0.02,stop_loss,WEAK,298,130.85777456925007,79.07408476916862,1.654875613815162,130.66227740935585,trail,3522.1179892005885,1.5,77.49000000000024,1.6599999999993997,65.42888728462503,39.53704238458431,1575.0,2025-09
2025-09-23 13:25:00+00:00,2025-09-24 19:15:00+00:00,HTF,buy,3782.81,3737.321990918262,3737.521990918262,3896.030022704345,0.02,stop_loss,STRONG,346,-90.9760181634756,90.57601816347596,-1.0044161800011753,5.334745441424621,raw,3431.141971037113,2.5,6.039999999999964,45.309999999999945,-45.4880090817378,45.28800908173798,1790.0,2025-09
2025-09-25 12:55:00+00:00,2025-09-25 15:50:00+00:00,HTF,buy,3757.21,3734.387546261256,3734.5875462612557,3791.1436806081165,0.02,stop_loss,WEAK,35,-45.64490747748823,45.244907477488596,-1.0088407739633163,10.520521016356449,raw,3385.4970635596246,1.5,3.5700000000001637,26.639999999999873,-22.822453738744116,22.622453738744298,175.0,2025-09
2025-09-29 06:00:00+00:00,2025-09-30 09:50:00+00:00,HTF,buy,3797.02,3858.6434101580703,3732.9370507903513,3861.1029492096486,0.02,stop_loss,RANGING,322,123.24682031614064,128.16589841929726,0.9616194466404491,116.47404016287335,trail,3508.7438838757653,1.0,74.63999999999987,4.829999999999927,61.62341015807033,64.08294920964863,1670.0,2025-09
2025-10-01 06:40:00+00:00,2025-10-02 17:05:00+00:00,HTF,buy,3864.1299999999997,3870.395870383278,3838.266518466886,3928.7887038327844,0.02,stop_loss,STRONG,401,12.53174076655705,51.72696306622766,0.24226708903270172,50.557771904213844,locked,3521.2756246423223,2.5,32.69000000000051,11.269999999999527,6.265870383278525,25.863481533113827,2065.0,2025-10
2025-10-03 15:55:00+00:00,2025-10-06 02:05:00+00:00,HTF,buy,3873.97,3908.9603464764705,3841.0044882549,3923.4182676176497,0.02,stop_loss,WEAK,110,69.98069295294135,65.93102349019955,1.0614228211297794,95.10949981837882,trail,3591.2563175952637,1.5,47.0300000000002,7.589999999999691,34.99034647647068,32.965511745099775,3490.0,2025-10
2025-10-06 06:00:00+00:00,2025-10-07 01:40:00+00:00,HTF,buy,3923.72,3960.6782434048955,3882.6474780163176,3985.328782975523,0.02,stop_loss,WEAK,224,73.91648680979142,82.14504396736447,0.8998289274658836,85.19889123739722,trail,3665.172804405055,1.5,52.49000000000024,3.4099999999998545,36.95824340489571,41.072521983682236,1180.0,2025-10
2025-10-07 06:00:00+00:00,2025-10-07 10:55:00+00:00,HTF,buy,3966.06,3943.2834125465024,3943.483412546502,4022.5014686337445,0.02,stop_loss,STRONG,59,-45.55317490699508,45.153174906995446,-1.0088587347583762,19.188019486659883,raw,3619.61962949806,2.5,10.829999999999927,22.86999999999989,-22.77658745349754,22.576587453497723,295.0,2025-10
2025-10-08 06:00:00+00:00,2025-10-09 19:55:00+00:00,HTF,buy,4012.66,3966.439432645141,3966.639432645141,4127.711418387147,0.02,stop_loss,STRONG,443,-92.44113470971752,92.04113470971788,-1.0043458829713603,40.4949375271716,raw,3527.1784947883425,2.5,46.590000000000146,48.73999999999978,-46.22056735485876,46.02056735485894,2275.0,2025-10
2025-10-10 16:25:00+00:00,2025-10-13 09:05:00+00:00,HTF,buy,3992.98,4059.852400148598,3958.1848002971965,4079.967999257009,0.02,stop_loss,STRONG,188,133.74480029719598,69.59039940560706,1.9218857980346618,97.8985615572002,trail,3660.9232950855385,2.5,85.15999999999985,22.25,66.87240014859799,34.79519970280353,3880.0,2025-10
2025-10-13 09:40:00+00:00,2025-10-14 08:35:00+00:00,HTF,buy,4070.3399999999997,4154.186678958747,3994.395596529154,4184.256605206268,0.02,stop_loss,WEAK,263,167.6933579174938,151.88880694169166,1.1040534275963425,95.91226827920622,trail,3828.6166530030323,1.5,109.26000000000067,3.919999999999618,83.8466789587469,75.94440347084583,1375.0,2025-10
2025-10-14 10:10:00+00:00,2025-10-15 12:15:00+00:00,HTF,buy,4112.58,4191.59914226463,4066.03828452926,4228.934288676849,0.02,stop_loss,STRONG,301,158.03828452926064,93.08343094147949,1.697813272789843,90.70572404349984,trail,3986.654937532293,2.5,105.53999999999996,14.859999999999673,79.01914226463032,46.541715470739746,1565.0,2025-10
2025-10-15 13:10:00+00:00,2025-10-17 01:35:00+00:00,HTF,buy,4199.32,4343.654840655948,4128.669681311895,4375.945796720262,0.02,stop_loss,STRONG,413,288.66968131189606,141.30063737620912,2.0429467741417247,101.83110470825562,trail,4275.324618844189,2.5,179.86000000000058,22.710000000000036,144.33484065594803,70.65031868810456,2185.0,2025-10
2025-10-17 06:00:00+00:00,2025-10-17 17:00:00+00:00,HTF,buy,4342.349999999999,4246.778538269267,4246.978538269267,4580.77865432683,0.02,stop_loss,STRONG,132,-191.1429234614643,190.74292346146467,-1.0020970633811244,15.165962372305186,raw,4084.1816953827247,2.5,36.160000000000764,105.31999999999971,-95.57146173073215,95.37146173073234,660.0,2025-10
2025-10-20 10:55:00+00:00,2025-10-20 23:15:00+00:00,HTF,buy,4255.349999999999,4350.191861978663,4193.0737239573255,4411.040690106684,0.02,stop_loss,STRONG,148,189.68372395732695,124.55255208534798,1.5229212150333835,81.04530843400919,trail,4273.865419340052,2.5,126.18000000000029,9.669999999999163,94.84186197866347,62.276276042674,740.0,2025-10
2025-10-21 06:25:00+00:00,2025-10-21 11:10:00+00:00,HTF,buy,4349.0199999999995,4254.212100706587,4254.412100706587,4585.539748233531,0.02,stop_loss,STRONG,57,-189.6157985868249,189.21579858682526,-1.0021139883825085,0.6553363985783396,raw,4084.2496207532267,2.5,1.550000000000182,104.42999999999938,-94.80789929341245,94.60789929341263,285.0,2025-10
2025-10-21 11:55:00+00:00,2025-10-21 17:50:00+00:00,HTF,sell,4273.66,4113.41,4377.251457162129,4118.272814256807,0.02,stop_gap,WEAK,71,320.5,207.18291432425758,1.5469422324004587,124.20586618961562,trail,4404.749620753227,1.5,193.0,4.369999999999891,160.25,103.59145716212879,355.0,2025-10
2025-10-22 10:25:00+00:00,2025-10-22 15:30:00+00:00,HTF,sell,4141.66,4046.0608703273115,4202.761740654623,3988.9056483634413,0.02,stop_loss,STRONG,61,191.19825934537675,122.20348130924685,1.5645893005415488,82.84543035546008,trail,4595.9478800986035,2.5,126.54999999999973,6.230000000000473,95.59912967268838,61.10174065462343,305.0,2025-10
2025-10-22 17:55:00+00:00,2025-10-23 09:00:00+00:00,HTF,sell,4015.09,4124.658076785983,4124.458076785983,3741.669808035042,0.02,stop_loss,STRONG,169,-219.13615357196613,218.73615357196653,-1.0018286871807316,0.10606385648252722,raw,4376.811726526637,2.5,0.2899999999999636,109.53999999999996,-109.56807678598307,109.36807678598325,905.0,2025-10
2025-10-27 06:10:00+00:00,2025-10-28 12:35:00+00:00,HTF,sell,4057.23,3915.228413301307,4151.924711004357,3915.1879334934647,0.02,stop_loss,WEAK,353,284.0031733973865,189.38942200871406,1.4995725230330927,120.11230489395224,trail,4660.814899924024,1.5,170.61000000000013,27.289999999999964,142.00158669869325,94.69471100435703,1825.0,2025-10
2025-10-28 13:40:00+00:00,2025-10-29 11:45:00+00:00,HTF,sell,3927.42,4026.5629286429153,4026.3629286429154,3779.005607035627,0.02,stop_loss,WEAK,253,-198.2858572858304,197.88585728583075,-1.0020213672946918,14.71555390537009,raw,4462.5290426381935,1.5,21.840000000000146,100.63999999999987,-99.1429286429152,98.94292864291538,1325.0,2025-10
2025-10-29 16:25:00+00:00,2025-10-29 20:35:00+00:00,HTF,buy,4016.87,3975.3087977476916,3975.5087977476915,4078.9118033784625,0.02,stop_loss,WEAK,50,-83.1224045046165,82.72240450461686,-1.004835449385146,6.9791652792334125,raw,4379.406638133577,1.5,4.329999999999927,65.38000000000011,-41.56120225230825,41.36120225230843,250.0,2025-10
2025-10-30 07:25:00+00:00,2025-10-30 19:45:00+00:00,HTF,sell,3950.04,4017.1025529840117,4016.902552984012,3849.746170523982,0.02,stop_loss,WEAK,148,-134.1251059680235,133.72510596802385,-1.002991210940564,2.851621096673755,raw,4245.2815321655535,1.5,2.8600000000001273,67.7800000000002,-67.06255298401175,66.86255298401193,740.0,2025-10
2025-10-31 16:25:00+00:00,2025-11-03 02:10:00+00:00,HTF,buy,4015.8599999999997,3968.062455487188,3968.2624554871877,4087.256316769218,0.02,stop_loss,WEAK,93,-95.59508902562357,95.19508902562393,-1.00420189743078,9.216161698186207,raw,4149.68644313993,1.5,6.580000000000382,49.26999999999953,-47.79754451281178,47.597544512811965,3465.0,2025-10
2025-11-04 06:10:00+00:00,2025-11-04 16:45:00+00:00,HTF,sell,3988.55,3937.957582483481,4032.837912417406,3944.262087582594,0.02,stop_loss,RANGING,127,101.18483503303833,88.57582483481201,1.1423527268500324,134.68686317342988,trail,4250.871278172968,1.0,59.65000000000009,12.139999999999873,50.59241751651916,44.287912417406005,635.0,2025-11
2025-11-04 17:15:00+00:00,2025-11-10 03:15:00+00:00,HTF,sell,3947.13,4030.918566196279,4030.718566196279,3863.5414338037212,0.02,stop_loss,RANGING,936,-167.57713239255736,167.17713239255772,-1.002392671738503,21.653679233471134,raw,4083.294145780411,1.0,18.09999999999991,87.77999999999975,-83.78856619627868,83.58856619627886,7800.0,2025-11
2025-11-10 11:55:00+00:00,2025-11-10 15:15:00+00:00,HTF,buy,4076.8599999999997,4098.795881710315,4043.2894085515736,4110.430591448426,0.02,stop_loss,RANGING,40,43.871763420631396,67.14118289685211,0.6534255359788769,85.93831313434599,trail,4127.165909201042,1.0,28.850000000000364,1.0999999999994543,21.935881710315698,33.57059144842606,200.0,2025-11
2025-11-10 15:45:00+00:00,2025-11-11 04:30:00+00:00,HTF,buy,4096.349999999999,4130.406247127391,4044.431235636956,4148.268764363043,0.02,stop_loss,RANGING,141,68.11249425478309,103.83752872608693,0.6559525740877085,85.98047458882773,trail,4195.278403455825,1.0,44.64000000000033,21.579999999999472,34.05624712739154,51.918764363043465,765.0,2025-11
2025-11-11 06:00:00+00:00,2025-11-13 12:55:00+00:00,HTF,buy,4148.36,4221.906435543148,4086.748118477158,4240.777822284262,0.02,stop_loss,WEAK,635,147.09287108629724,123.22376304568297,1.1937053978116643,99.79676832929061,trail,4342.371274542123,1.5,92.23000000000047,51.19999999999982,73.54643554314862,61.611881522841486,3295.0,2025-11
2025-11-13 13:55:00+00:00,2025-11-13 20:30:00+00:00,HTF,buy,4230.74,4174.490131485829,4174.690131485829,4314.814802771256,0.02,stop_loss,WEAK,79,-112.49973702834177,112.09973702834213,-1.0035682510111377,17.424959104405,raw,4229.871537513781,1.5,14.650000000000546,70.94999999999982,-56.249868514170885,56.04986851417107,395.0,2025-11
2025-11-14 06:55:00+00:00,2025-11-14 09:20:00+00:00,HTF,buy,4203.429999999999,4168.760913719817,4168.960913719817,4255.133629420274,0.02,stop_loss,WEAK,29,-69.33817256036491,68.93817256036527,-1.0058023005998509,0.38682003999181946,raw,4160.533364953416,1.5,0.2000000000007276,42.19999999999982,-34.669086280182455,34.46908628018264,145.0,2025-11
2025-11-17 06:10:00+00:00,2025-11-17 22:05:00+00:00,HTF,sell,4083.8,4021.510102115059,4131.5336737168645,4012.1994894247036,0.02,stop_loss,WEAK,191,124.57979576988237,95.46734743372872,1.3049466557805312,107.27577133577203,trail,4285.113160723298,1.5,76.8100000000004,11.960000000000036,62.28989788494118,47.73367371686436,955.0,2025-11
2025-11-18 06:10:00+00:00,2025-11-19 07:15:00+00:00,HTF,sell,4010.8700000000003,4084.568096952317,4084.368096952317,3827.1247576192086,0.02,stop_loss,STRONG,289,-147.39619390463304,146.9961939046334,-1.0027211588910876,6.808339545507591,raw,4137.716966818665,2.5,12.510000000000218,78.24999999999955,-73.69809695231652,73.4980969523167,1505.0,2025-11
2025-11-19 15:55:00+00:00,2025-11-19 18:25:00+00:00,HTF,buy,4110.61,4072.5061195744725,4072.7061195744723,4205.369701063818,0.02,stop_loss,STRONG,30,-76.20776085105445,75.80776085105481,-1.0052765046152141,23.058325168506954,raw,4061.509205967611,2.5,21.850000000000364,39.10999999999967,-38.10388042552722,37.903880425527404,150.0,2025-11
2025-11-20 11:55:00+00:00,2025-11-24 22:30:00+00:00,HTF,sell,4063.92,4127.747761576987,4127.547761576987,3968.47835763452,0.02,stop_loss,WEAK,679,-127.65552315397326,127.25552315397364,-1.0031432820366912,43.2829936452782,raw,3933.8536828136375,1.5,41.309999999999945,67.18000000000029,-63.82776157698663,63.62776157698681,6395.0,2025-11
2025-11-25 06:10:00+00:00,2025-11-28 10:25:00+00:00,HTF,buy,4145.23,4154.276993510041,4052.760064899585,4237.699935100414,0.02,stop_loss,RANGING,877,18.09398702008366,184.93987020082932,0.09783713485056032,51.66003409446128,locked,3951.947669833721,1.0,47.77000000000044,36.219999999999345,9.04699351004183,92.46993510041466,4575.0,2025-11
2025-11-28 15:55:00+00:00,2025-12-01 01:05:00+00:00,HTF,buy,4182.75,4219.775163136956,4146.000543789852,4237.874184315222,0.02,stop_loss,WEAK,71,74.0503262739112,73.49891242029662,1.007502340313029,87.52963984752556,trail,4025.9979961076324,1.5,48.25,0.0500000000001819,37.0251631369556,36.74945621014831,3430.0,2025-11
2025-12-01 06:00:00+00:00,2025-12-02 11:35:00+00:00,HTF,buy,4238.41,4185.394205468793,4185.594205468793,4317.63369179681,0.02,stop_loss,WEAK,343,-106.03158906241332,105.6315890624137,-1.0037867460250294,33.09616025878755,raw,3919.966407045219,1.5,26.220000000000255,57.5,-53.015794531206666,52.81579453120685,1775.0,2025-12
2025-12-03 08:25:00+00:00,2025-12-03 16:50:00+00:00,HTF,buy,4209.15,4212.975409560866,4182.313936260892,4249.404095608661,0.02,stop_loss,WEAK,101,7.6508191217326385,53.67212747821577,0.14254734219056106,79.99186048803524,locked,3927.6172261669517,1.5,32.20000000000073,14.539999999999964,3.8254095608663192,26.836063739107885,505.0,2025-12
2025-12-03 17:40:00+00:00,2025-12-04 07:50:00+00:00,HTF,buy,4227.54,4176.653290096595,4176.853290096595,4303.570064855108,0.02,stop_loss,WEAK,158,-101.77341980681011,101.37341980681049,-1.0039458074982763,0.7497034246728145,raw,3825.8438063601416,1.5,0.569999999999709,52.470000000000255,-50.88670990340506,50.686709903405244,850.0,2025-12
2025-12-09 07:55:00+00:00,2025-12-09 18:10:00+00:00,HTF,sell,4179.55,4220.112084683149,4219.912084683149,4139.187915316851,0.02,stop_loss,RANGING,123,-81.12416936629779,80.72416936629816,-1.0049551454433006,22.99187485693495,raw,3744.719636993844,1.0,9.279999999999745,40.92999999999938,-40.562084683148896,40.36208468314908,615.0,2025-12
2025-12-11 06:00:00+00:00,2025-12-11 17:55:00+00:00,HTF,buy,4215.61,4252.957054120278,4173.995270601395,4257.224729398605,0.02,stop_loss,RANGING,143,74.6941082405574,83.2294587972101,0.8974479627766268,110.2253953417212,trail,3819.413745234401,1.0,45.86999999999989,11.269999999999527,37.3470541202787,41.61472939860505,715.0,2025-12
2025-12-12 06:10:00+00:00,2025-12-12 11:30:00+00:00,HTF,buy,4269.22,4309.769451737481,4233.717258687408,4304.722741312593,0.02,stop_loss,RANGING,64,81.09890347496184,71.00548262518532,1.142149880214974,137.00350508637212,trail,3900.512648709363,1.0,48.63999999999942,3.1500000000005457,40.54945173748092,35.50274131259266,320.0,2025-12
2025-12-12 12:00:00+00:00,2025-12-18 19:10:00+00:00,HTF,buy,4316.65,4327.236004283836,4244.743304774425,4424.510042838361,0.02,stop_loss,WEAK,1164,21.1720085676734,143.81339045114873,0.14721861783006374,53.75484607111548,locked,3921.6846572770364,1.5,57.98000000000047,59.210000000000036,10.5860042838367,71.90669522557437,9070.0,2025-12
2025-12-19 15:55:00+00:00,2025-12-19 20:35:00+00:00,HTF,buy,4328.57,4349.006640156937,4306.125467189789,4362.236799215316,0.02,stop_loss,WEAK,56,40.87328031387369,44.889065620422116,0.910539788453038,82.98977227181635,trail,3962.55793759091,1.5,27.94000000000051,8.799999999999272,20.436640156936846,22.444532810211058,280.0,2025-12
2025-12-22 06:00:00+00:00,2025-12-23 08:10:00+00:00,HTF,buy,4395.34,4472.613542226891,4320.85180742297,4507.0722888655455,0.02,stop_loss,WEAK,292,154.54708445378128,148.97638515406106,1.0373931700246277,91.69238457406391,trail,4117.105022044691,1.5,102.44999999999982,2.2100000000000364,77.27354222689064,74.48819257703053,1570.0,2025-12
2025-12-23 08:55:00+00:00,2025-12-23 16:55:00+00:00,HTF,buy,4481.67,4444.114184150159,4444.314184150159,4575.059539624603,0.02,stop_loss,STRONG,96,-75.11163169968131,74.71163169968167,-1.005353918672363,16.82201246857993,raw,4041.99339034501,2.5,15.710000000000036,40.10999999999967,-37.555815849840656,37.35581584984084,480.0,2025-12
2025-12-23 17:40:00+00:00,2025-12-23 23:05:00+00:00,HTF,buy,4453.45,4490.60772769953,4423.009092331769,4499.111361502346,0.02,stop_loss,WEAK,65,74.31545539906074,60.88181533646093,1.220651108846859,101.81474767810208,trail,4116.308845744071,1.5,46.48999999999978,2.0599999999994907,37.15772769953037,30.440907668230466,325.0,2025-12
2025-12-24 06:00:00+00:00,2025-12-29 13:40:00+00:00,HTF,buy,4493.929999999999,4441.627672032248,4441.827672032247,4624.185819919379,0.02,stop_loss,STRONG,584,-104.60465593550362,104.204655935504,-1.0038386000741386,42.984643630246175,raw,4011.704189808567,2.5,55.99000000000069,59.66999999999916,-52.30232796775181,52.10232796775199,7660.0,2025-12
2025-12-29 15:55:00+00:00,2026-01-02 10:45:00+00:00,HTF,sell,4421.29,4395.098580161036,4526.8556793558555,4157.375801610361,0.02,stop_loss,STRONG,756,52.382839677928125,211.1313587117111,0.2481054448640866,55.62413879046664,locked,4064.0870294864953,2.5,146.80000000000018,0.1999999999998181,26.191419838964066,105.56567935585554,5450.0,2025-12
2026-01-02 11:15:00+00:00,2026-01-02 17:00:00+00:00,HTF,buy,4388.929999999999,4345.400760323341,4345.600760323341,4497.253099191645,0.02,stop_loss,STRONG,69,-87.05847935331622,86.65847935331658,-1.004615820667344,12.351936105824592,raw,3977.028550133179,2.5,13.380000000001019,46.779999999999745,-43.52923967665811,43.32923967665829,345.0,2026-01
2026-01-05 08:25:00+00:00,2026-01-07 15:05:00+00:00,HTF,buy,4424.24,4434.979778217069,4351.308145219537,4533.637782170694,0.02,stop_loss,WEAK,632,21.47955643413843,145.8637095609247,0.14725771405921087,69.63578098972447,locked,3998.5081065673176,1.5,76.18000000000029,28.01000000000022,10.739778217069215,72.93185478046234,3280.0,2026-01
2026-01-07 16:40:00+00:00,2026-01-08 16:45:00+00:00,HTF,sell,4444.02,4437.183580290448,4514.384197095523,4373.655802904478,0.02,stop_loss,RANGING,277,13.672839419105005,140.72839419104457,0.09715764538991019,51.57452440015155,locked,4012.1809459864226,1.0,36.29000000000087,24.269999999999527,6.8364197095525014,70.36419709552229,1445.0,2026-01
2026-01-09 06:10:00+00:00,2026-01-09 16:15:00+00:00,HTF,buy,4462.73,4488.248107591037,4422.620537955185,4502.839462044814,0.02,stop_loss,RANGING,121,51.03621518207546,80.21892408962958,0.6362116640339388,84.11980186197107,trail,4063.217161168498,1.0,33.74000000000069,4.489999999999782,25.518107591037733,40.10946204481479,605.0,2026-01
2026-01-09 16:45:00+00:00,2026-01-09 19:50:00+00:00,HTF,buy,4485.34,4490.9399464085445,4427.340535914558,4543.339464085442,0.02,stop_loss,RANGING,37,11.199892817088767,115.99892817088404,0.09655169227589433,54.93154204505245,locked,4074.417053985587,1.0,31.859999999999673,6.010000000000218,5.599946408544383,57.999464085442014,185.0,2026-01
2026-01-12 07:10:00+00:00,2026-01-12 18:35:00+00:00,HTF,buy,4570.33,4616.462812696912,4504.994063484559,4635.665936515441,0.02,stop_loss,RANGING,137,92.26562539382394,130.67187303088213,0.7060863463097257,91.52696538736755,trail,4166.682679379411,1.0,59.80000000000018,0.6999999999998181,46.13281269691197,65.33593651544106,685.0,2026-01
2026-01-13 15:55:00+00:00,2026-01-16 17:30:00+00:00,HTF,buy,4611.69,4557.609193610466,4557.809193610466,4692.511209584301,0.02,stop_loss,WEAK,845,-108.1616127790676,107.76161277906795,-1.0037118969332774,38.628474085674355,raw,4058.521066600343,1.5,31.220000000000255,74.83999999999924,-54.08080638953379,53.88080638953397,4415.0,2026-01
2026-01-19 06:40:00+00:00,2026-01-21 08:40:00+00:00,HTF,buy,4661.71,4860.255147826355,4568.460492754515,4801.584260868227,0.02,stop_loss,WEAK,546,397.09029565270976,186.49901449096978,2.1291817371610655,162.08843470750435,trail,4455.611362253053,1.5,226.72000000000025,2.2100000000000364,198.54514782635488,93.24950724548489,3000.0,2026-01
2026-01-21 15:55:00+00:00,2026-01-21 17:15:00+00:00,HTF,buy,4879.7,4835.243717602996,4835.443717602996,4990.340705992509,0.02,stop_loss,STRONG,16,-88.91256479400727,88.51256479400763,-1.0045191324071394,1.1297831017859068,raw,4366.698797459046,2.5,1.25,51.159999999999854,-44.45628239700363,44.256282397003815,80.0,2026-01
2026-01-22 11:10:00+00:00,2026-01-23 01:25:00+00:00,HTF,buy,4833.0599999999995,4939.208272105393,4794.416544210787,4929.668639473031,0.02,stop_loss,STRONG,159,212.29654421078706,77.28691157842513,2.7468628241841957,131.28225456006467,trail,4578.995341669833,2.5,126.83000000000084,22.359999999999673,106.14827210539352,38.64345578921257,855.0,2026-01
2026-01-23 06:55:00+00:00,2026-01-23 10:25:00+00:00,HTF,buy,4956.41,4914.1815776520025,4914.381577652002,5061.481055869994,0.02,stop_loss,STRONG,42,-84.45684469599473,84.0568446959951,-1.0047586844527212,10.364414738036611,raw,4494.538496973838,2.5,10.890000000000327,55.05000000000018,-42.228422347997366,42.02842234799755,210.0,2026-01
2026-01-23 11:10:00+00:00,2026-01-26 06:30:00+00:00,HTF,buy,4912.36,5068.733211934075,4864.12642386815,5032.943940329625,0.02,stop_loss,STRONG,220,312.7464238681514,96.46715226369997,3.2419991316135914,149.84582483046353,trail,4807.284920841989,2.5,180.6900000000005,12.61999999999989,156.3732119340757,48.233576131849986,4040.0,2026-01
2026-01-26 07:55:00+00:00,2026-01-26 21:20:00+00:00,HTF,buy,5074.51,5026.415137845816,5026.615137845816,5194.24715538546,0.02,stop_loss,STRONG,161,-96.18972430836766,95.78972430836802,-1.0041758132501974,30.500139979468926,raw,4711.095196533622,2.5,36.51999999999953,54.23999999999978,-48.09486215418383,47.89486215418401,805.0,2026-01
2026-01-27 07:55:00+00:00,2026-01-28 13:00:00+00:00,HTF,buy,5083.19,5259.903979495283,4980.277958990566,5340.4701025235845,0.02,stop_loss,STRONG,337,353.4279589905673,205.82408201886756,1.7171360878858146,88.76317980286333,trail,5064.523155524189,2.5,228.3700000000008,36.539999999999964,176.71397949528364,102.91204100943378,1745.0,2026-01
2026-01-28 13:55:00+00:00,2026-01-29 17:15:00+00:00,HTF,buy,5261.8,5309.091590412396,5071.833638350419,5736.715904123952,0.02,stop_loss,STRONG,316,94.58318082479127,379.9327232991618,0.2489471820260025,70.79779747958165,locked,5159.10633634898,2.5,336.22999999999956,26.57000000000062,47.291590412395635,189.9663616495809,1640.0,2026-01
2026-01-30 11:55:00+00:00,2026-02-03 09:35:00+00:00,HTF,sell,5013.47,4923.523348656494,5374.056605374025,4112.003486564939,0.02,stop_loss,STRONG,524,179.8933026870127,721.1732107480493,0.24944534822697487,67.81505368075304,locked,5338.999639035993,2.5,611.3299999999999,132.26999999999953,89.94665134350635,360.58660537402466,5620.0,2026-01
2026-02-03 15:55:00+00:00,2026-03-03 17:15:00+00:00,HTF,buy,4932.96,5011.543389711948,4617.82644115221,5720.793897119476,0.02,stop_loss,STRONG,5453,157.16677942389651,630.267117695581,0.24936534845501504,61.72620926543505,locked,5496.166418459889,2.5,486.3000000000002,277.6899999999996,78.58338971194826,315.1335588477905,40400.0,2026-02
2026-03-03 17:45:00+00:00,2026-03-19 15:55:00+00:00,HTF,sell,5073.01,4609.763145732532,5429.653819108444,4538.044271337335,0.02,stop_loss,WEAK,3268,926.4937085349358,713.287638216887,1.2989061619671864,106.63112970358226,trail,6422.660126994825,1.5,570.4400000000005,165.53999999999996,463.2468542674678,356.6438191084435,22930.0,2026-03
2026-03-19 16:40:00+00:00,2026-03-25 01:35:00+00:00,HTF,sell,4612.85,4534.787975026146,4925.898099895417,3830.2297502614597,0.02,stop_loss,STRONG,923,156.12404994770804,626.0961997908325,0.24936112054324283,65.7176964398539,locked,6578.784176942533,2.5,514.3200000000006,122.98999999999978,78.06202497385402,313.04809989541627,7735.0,2026-03
2026-03-25 08:55:00+00:00,2026-03-26 07:55:00+00:00,HTF,buy,4545.63,4442.4331637147,4442.6331637147,4803.122090713252,0.02,stop_loss,STRONG,264,-206.39367257060078,205.99367257060112,-1.0019418072167365,15.546108577205938,raw,6372.390504371932,2.5,40.029999999999745,106.65999999999985,-103.19683628530038,102.99683628530056,1380.0,2026-03
2026-03-26 08:25:00+00:00,2026-03-30 06:05:00+00:00,HTF,sell,4440.05,4557.8953611503575,4557.695361150358,4145.936597124106,0.02,stop_loss,STRONG,546,-235.6907223007147,235.29072230071506,-1.0017000245317298,30.301237253579178,raw,6136.699782071218,2.5,89.11999999999989,121.74980468749982,-117.84536115035735,117.64536115035753,5620.0,2026-03
2026-03-30 08:10:00+00:00,2026-03-31 07:15:00+00:00,HTF,buy,4561.80009765625,4573.604855908809,4481.768375972521,4681.847680181842,0.02,stop_loss,WEAK,265,23.609516505119245,160.06344336745678,0.1475009909097045,73.05428439181914,locked,6160.309298576337,1.5,87.69990234375018,51.80009765624982,11.804758252559623,80.03172168372839,1385.0,2026-03
2026-03-31 11:25:00+00:00,2026-03-31 22:10:00+00:00,HTF,buy,4605.80009765625,4689.865806275584,4488.128640752919,4723.471554559581,0.02,stop_loss,RANGING,117,168.1314172386683,235.34291380666218,0.7144103662147687,95.01029641525183,trail,6328.440715815005,1.0,111.80000000000018,8.000292968749818,84.06570861933415,117.67145690333109,645.0,2026-03
2026-04-01 06:00:00+00:00,2026-04-08 18:40:00+00:00,HTF,buy,4711.80009765625,4735.309628790383,4553.736556762031,4948.895408997578,0.02,stop_loss,WEAK,1255,47.01906226826577,316.12708178843786,0.1487346860707505,74.31606358933378,locked,6375.459778083271,1.5,176.19990234375018,131.40019531249982,23.509531134132885,158.06354089421893,10840.0,2026-04
2026-04-09 12:55:00+00:00,2026-04-09 14:35:00+00:00,HTF,buy,4771.09990234375,4776.997319180496,4710.125733976289,4832.074070711211,0.02,stop_loss,RANGING,20,11.794833673491667,121.94833673492214,0.0967199224629851,51.989068801579386,locked,6387.254611756763,1.0,31.699902343750182,7.199999999999818,5.897416836745833,60.97416836746106,100.0,2026-04
2026-04-09 15:10:00+00:00,2026-04-12 22:10:00+00:00,HTF,buy,4794.4998046875,4688.5001953125,4707.863032221583,4881.1365771534165,0.02,stop_gap,RANGING,346,-211.99921874999927,173.27354493183338,-1.2234944395776097,36.358920601402254,raw,6175.255393006763,1.0,31.500195312500182,106.59990234374982,-105.99960937499964,86.63677246591669,4740.0,2026-04
2026-04-13 07:55:00+00:00,2026-04-14 13:40:00+00:00,HTF,buy,4756.59990234375,4812.127650684242,4673.738644046209,4839.461160641291,0.02,stop_loss,RANGING,345,111.05549668098502,165.7225165950822,0.6701291952519177,87.2542868470363,trail,6286.310889687748,1.0,72.30000000000018,34.09990234374982,55.52774834049251,82.8612582975411,1785.0,2026-04
2026-04-14 14:10:00+00:00,2026-04-15 01:20:00+00:00,HTF,buy,4818.9001953125,4877.0333751216185,4728.067559201841,4909.732831423159,0.02,stop_loss,RANGING,122,116.26635961823742,181.66527222131845,0.6400032223913049,84.2205074154761,trail,6402.577249305986,1.0,76.49970703125018,4.500292968749818,58.1331798091187,90.83263611065922,670.0,2026-04
2026-04-15 06:25:00+00:00,2026-04-17 13:10:00+00:00,HTF,buy,4838.7,4916.482629798013,4760.917370201987,4916.482629798013,0.02,take_profit,RANGING,633,155.5652595960255,155.5652595960255,1.0,101.56534372474835,locked,6558.142508902011,1.0,79.00019531250018,52.80009765624982,77.78262979801275,77.78262979801275,3285.0,2026-04
2026-04-17 13:40:00+00:00,2026-04-19 23:40:00+00:00,HTF,buy,4887.2,4770.6528510844355,4770.852851084435,5003.547148915564,0.02,stop_loss,RANGING,106,-233.09429783112864,232.694297831129,-1.001718993562489,18.6509962177915,raw,6325.048211070883,1.0,21.699902343750182,135.19999999999982,-116.54714891556432,116.3471489155645,3480.0,2026-04
2026-04-20 11:55:00+00:00,2026-04-21 16:50:00+00:00,HTF,buy,4831.09990234375,4726.957245250951,4727.157245250951,4935.042559436549,0.02,stop_loss,RANGING,334,-208.2853141855976,207.88531418559793,-1.0019241378428616,22.800939485885127,raw,6116.762896885285,1.0,23.699902343750182,104.69999999999982,-104.1426570927988,103.94265709279898,1735.0,2026-04
2026-04-21 17:20:00+00:00,2026-04-28 12:10:00+00:00,HTF,sell,4721.5998046875,4592.363617537869,4827.417892376844,4615.781716998156,0.02,stop_loss,RANGING,1316,258.4723742992628,211.63617537868777,1.2213052604866321,145.53249864366836,trail,6375.235271184548,1.0,153.99970703125018,69.19999999999982,129.2361871496314,105.81808768934388,9770.0,2026-04
2026-04-29 06:00:00+00:00,2026-04-29 10:00:00+00:00,HTF,sell,4610.8,4575.285956714047,4645.75286352599,4558.3707047110165,0.02,stop_loss,WEAK,48,71.0280865719069,69.90572705197883,1.0160553300460422,88.30940745016773,trail,6446.263357756455,1.5,46.30000000000018,1.499804687499818,35.51404328595345,34.952863525989414,240.0,2026-04
2026-04-29 10:30:00+00:00,2026-04-29 13:50:00+00:00,HTF,sell,4585.5998046875,4531.87277068362,4617.175055924568,4538.236927831898,0.02,stop_loss,WEAK,40,107.45406800776071,63.150502474136374,1.7015552338917508,133.85928723943553,trail,6553.7174257642155,1.5,63.39960937500018,2.300097656249818,53.72703400388036,31.575251237068187,200.0,2026-04
2026-04-29 14:20:00+00:00,2026-04-30 08:00:00+00:00,HTF,sell,4549.19990234375,4619.4967319066445,4619.296731906645,4444.054657999408,0.02,stop_loss,WEAK,200,-140.5936591257887,140.19365912578905,-1.002853196089566,16.358231369382604,raw,6413.123766638427,1.5,17.199902343750182,90.00029296874982,-70.29682956289435,70.09682956289453,1060.0,2026-04
2026-05-01 07:55:00+00:00,2026-05-01 14:10:00+00:00,HTF,sell,4589.3,4665.194929149434,4664.994929149434,4475.757606275849,0.02,stop_loss,WEAK,75,-151.78985829886733,151.3898582988677,-1.002642184915782,16.998056291546142,raw,6261.3339083395595,1.5,19.300000000000182,83.69999999999982,-75.89492914943366,75.69492914943385,375.0,2026-05
2026-05-04 07:55:00+00:00,2026-05-05 12:20:00+00:00,HTF,sell,4589.5001953125,4577.566819106603,4670.389370018477,4468.166433253535,0.02,stop_loss,WEAK,329,23.86675241179364,161.77834941195397,0.14752748126400467,65.4394096984016,locked,6285.200660751353,1.5,79.40009765625018,5.799609374999818,11.93337620589682,80.88917470597698,1705.0,2026-05
2026-05-05 12:50:00+00:00,2026-05-06 09:05:00+00:00,HTF,buy,4573.80009765625,4703.0998046875,4527.888191517968,4642.667956863672,0.02,stop_gap,WEAK,231,258.5994140625007,91.82381227656333,2.8162565640775994,212.58116535220006,trail,6543.800074813854,1.5,146.40009765625018,17.699999999999818,129.29970703125036,45.911906138281665,1215.0,2026-05
2026-05-06 13:55:00+00:00,2026-05-07 15:30:00+00:00,HTF,buy,4713.7,4694.0998046875,4643.3564440175405,4819.215333973689,0.02,stop_gap,WEAK,294,-39.20039062499927,140.68711196491859,-0.2786352642932509,58.28555243718011,locked,6504.599684188855,1.5,61.50019531250018,23.900195312499818,-19.600195312499636,70.34355598245929,1535.0,2026-05
2026-05-11 17:25:00+00:00,2026-05-12 01:35:00+00:00,HTF,buy,4727.9001953125,4734.770838225418,4680.762575893051,4798.606624441673,0.02,stop_loss,WEAK,86,13.741285825835803,94.27523883889808,0.14575710435820324,78.49315502817683,locked,6518.34097001469,1.5,55.49970703125018,0.5002929687498181,6.870642912917901,47.13761941944904,490.0,2026-05
2026-05-12 06:00:00+00:00,2026-05-12 14:00:00+00:00,HTF,buy,4714.9998046875,4683.297648879062,4683.497648879062,4762.253038400157,0.02,stop_loss,WEAK,96,-63.40431161687593,63.004311616876294,-1.0063487718496473,10.158034959445544,raw,6454.936658397814,1.5,4.800000000000182,31.599902343749818,-31.702155808437965,31.502155808438147,480.0,2026-05
2026-05-13 17:55:00+00:00,2026-05-15 00:25:00+00:00,HTF,sell,4693.19990234375,4632.837814576922,4753.561990110578,4632.837814576922,0.02,take_profit,RANGING,342,120.72417553365631,120.72417553365631,1.0,106.19215977934759,locked,6575.660833931471,1.0,64.09980468750018,32.59990234374982,60.362087766828154,60.362087766828154,1830.0,2026-05
2026-05-15 06:00:00+00:00,2026-05-20 15:15:00+00:00,HTF,sell,4567.19990234375,4547.840637519851,4697.595001169744,4371.60725410476,0.02,stop_loss,WEAK,937,38.71852964779828,260.7901976519879,0.14846620001978109,57.36406933181636,locked,6614.379363579269,1.5,112.19990234375018,26.599902343749818,19.35926482389914,130.39509882599395,7755.0,2026-05
2026-05-21 12:55:00+00:00,2026-05-21 17:15:00+00:00,HTF,sell,4504.8,4542.08116121723,4541.88116121723,4412.097096956924,0.02,stop_loss,STRONG,52,-74.56232243445993,74.1623224344603,-1.0053935743497397,17.799006040655613,raw,6539.817041144809,2.5,16.500195312500182,37.59990234374982,-37.281161217229965,37.08116121723015,260.0,2026-05
2026-05-22 13:55:00+00:00,2026-05-27 07:30:00+00:00,HTF,sell,4514.3,4507.560103056879,4560.56597962081,4444.901030568785,0.02,stop_loss,WEAK,403,13.47979388624299,92.53195924161992,0.14567716923667945,51.58578044229244,locked,6553.296835031052,1.5,35.80000000000018,29.300097656249818,6.739896943121494,46.26597962080996,6815.0,2026-05
2026-05-27 13:10:00+00:00,2026-05-28 17:00:00+00:00,HTF,sell,4446.90009765625,4545.521366880967,4545.321366880968,4299.2681938191745,0.02,stop_loss,WEAK,322,-197.2425384494345,196.84253844943487,-1.0020320810895373,34.74858663112146,raw,6356.054296581618,1.5,51.30000000000018,98.49980468749982,-98.62126922471725,98.42126922471743,1670.0,2026-05
2026-05-28 17:30:00+00:00,2026-06-05 13:30:00+00:00,HTF,buy,4535.4998046875,4423.661265482958,4423.861265482958,4814.596152698856,0.02,stop_loss,STRONG,1606,-223.67707840908406,223.27707840908442,-1.0017914960319696,32.820312276183245,raw,6132.3772181725335,2.5,91.60029296875018,112.19999999999982,-111.83853920454203,111.63853920454221,11280.0,2026-05
2026-06-05 15:55:00+00:00,2026-06-08 11:15:00+00:00,HTF,sell,4360.19990234375,4351.431681251143,4449.882113269814,4270.517691417686,0.02,stop_loss,RANGING,218,17.536442185213673,179.36442185212763,0.09776990332938569,74.9311392413724,locked,6149.913660357747,1.0,67.19990234375018,17.300097656249818,8.768221092606836,89.68221092606382,4040.0,2026-06
2026-06-08 12:10:00+00:00,2026-06-09 13:45:00+00:00,HTF,sell,4346.8,4386.958721801057,4386.758721801058,4246.903195497356,0.02,stop_loss,STRONG,294,-80.31744360211451,79.91744360211487,-1.0050051651050191,10.811156626851194,raw,6069.596216755633,2.5,10.800000000000182,41.80009765624982,-40.158721801057254,39.958721801057436,1535.0,2026-06
2026-06-10 11:55:00+00:00,2026-06-10 22:35:00+00:00,HTF,sell,4170.0001953125,4086.870135743483,4224.940564455716,4032.6492724544596,0.02,stop_loss,STRONG,116,166.2601191380345,109.88073828643246,1.513096123404583,80.66945735424223,trail,6235.856335893667,2.5,110.80024414062518,39.49980468749982,83.13005956901725,54.94036914321623,640.0,2026-06
2026-06-11 06:25:00+00:00,2026-06-11 17:30:00+00:00,HTF,sell,4107.3,4169.713352571603,4169.513352571603,3951.7666185709936,0.02,stop_loss,STRONG,133,-124.82670514320489,124.42670514320527,-1.0032147439694659,22.181701995351226,raw,6111.029630750462,2.5,34.49995117187518,63.69999999999982,-62.413352571602445,62.21335257160263,665.0,2026-06
2026-06-12 07:55:00+00:00,2026-06-12 15:25:00+00:00,HTF,sell,4215.0001953125,4255.249574201284,4255.0495742012845,4114.876748090539,0.02,stop_loss,STRONG,90,-80.49875777756824,80.09875777756861,-1.0049938352491112,17.478618443594364,raw,6030.530872972894,2.5,17.500195312500182,41.79960937499982,-40.24937888878412,40.049378888784304,450.0,2026-06
2026-06-15 07:55:00+00:00,2026-06-17 18:00:00+00:00,HTF,buy,4344.4998046875,4355.971671712635,4297.812336586959,4461.2184749388525,0.02,stop_loss,STRONG,673,22.943734050269995,93.37493620108216,0.2457161951989006,50.63482375311352,locked,6053.474607023164,2.5,59.10029296875018,17.799609374999818,11.471867025134998,46.68746810054108,3485.0,2026-06
2026-06-18 11:55:00+00:00,2026-06-24 06:10:00+00:00,HTF,sell,4260.40009765625,4112.77935914532,4405.664628140651,4042.503301929649,0.02,stop_loss,WEAK,831,295.2414770218602,290.5290609688018,1.0162201193827025,88.7576602544043,trail,6348.716084045024,1.5,193.40009765625018,35.80009765624982,147.6207385109301,145.2645304844009,8295.0,2026-06
2026-06-24 09:55:00+00:00,2026-06-24 13:30:00+00:00,HTF,sell,4081.600048828125,3998.281638310251,4133.872502049795,4003.1913689956205,0.02,stop_loss,WEAK,43,166.63682103574865,104.54490644333964,1.5939257751027887,129.19488023060137,trail,6515.352905080773,1.5,101.30000000000018,2.099902343749818,83.31841051787433,52.27245322166982,215.0,2026-06
2026-06-24 14:40:00+00:00,2026-06-30 06:25:00+00:00,HTF,sell,4032.999951171875,4017.7340650919696,4136.105858371244,3878.3410903728222,0.02,stop_loss,WEAK,1003,30.531772159811226,206.21181439873726,0.14806024693024664,50.174977642535666,locked,6545.884677240584,1.5,77.60004882812518,78.50004882812482,15.265886079905613,103.10590719936863,8145.0,2026-06
2026-06-30 11:55:00+00:00,2026-07-01 06:05:00+00:00,HTF,buy,4047.7,3977.649386960287,3977.8493869602867,4152.47591955957,0.02,stop_loss,WEAK,206,-140.10122607942594,139.7012260794263,-1.0028632533244355,29.014393559167306,raw,6405.783451161158,1.5,30.400097656250182,70.50004882812482,-70.05061303971297,69.85061303971315,1090.0,2026-06
2026-07-01 06:35:00+00:00,2026-07-01 11:10:00+00:00,HTF,sell,3980.19990234375,4028.2624973677216,4028.062497367722,3908.4060098077925,0.02,stop_loss,WEAK,55,-96.12519004794285,95.72519004794322,-1.0041786284237126,10.02857219385917,raw,6309.658261113215,1.5,7.199902343750182,52.80009765624982,-48.062595023971426,47.86259502397161,275.0,2026-07
2026-07-01 16:10:00+00:00,2026-07-05 23:30:00+00:00,HTF,buy,4097.2,4189.743547062183,4016.678164686443,4217.982752970335,0.02,stop_loss,WEAK,424,185.08709412436656,161.0436706271139,1.1492975377649186,96.78542240626123,trail,6494.745355237582,1.5,116.90009765625018,55.09990234374982,92.54354706218328,80.52183531355695,6200.0,2026-07
2026-07-06 06:40:00+00:00,2026-07-07 19:05:00+00:00,HTF,buy,4167.59990234375,4121.929948285821,4122.129948285821,4235.804833430642,0.02,stop_loss,WEAK,425,-91.33990811585682,90.93990811585718,-1.0043985089526375,36.36100734183753,raw,6403.405447121725,1.5,24.800000000000182,49.09990234374982,-45.66995405792841,45.46995405792859,2185.0,2026-07
2026-07-08 13:25:00+00:00,2026-07-14 12:30:00+00:00,HTF,sell,4077.3,4066.0655027640064,4153.52998157329,3962.955027640066,0.02,stop_loss,WEAK,1091,22.46899447198757,152.45996314657896,0.14737636037852966,75.99817977366484,locked,6425.874441593713,1.5,86.90009765625018,71.09990234374982,11.234497235993786,76.22998157328948,8585.0,2026-07
2026-07-15 06:55:00+00:00,2026-07-15 12:35:00+00:00,HTF,sell,4037.8,4065.3398350501748,4065.139835050175,3996.790247424738,0.02,stop_loss,WEAK,68,-55.079670100349176,54.67967010034954,-1.0073153330893465,35.35732420054107,raw,6370.794771493363,1.5,14.499951171875182,35.19999999999982,-27.539835050174588,27.33983505017477,340.0,2026-07
2026-07-16 16:10:00+00:00,2026-07-21 05:30:00+00:00,HTF,sell,3993.69990234375,4063.5497551019716,4063.349755101972,3924.0500495855285,0.02,stop_loss,RANGING,698,-139.69970551644292,139.29970551644328,-1.0028715064293687,44.077483480575324,raw,6231.0950659769205,1.0,30.699902343750182,72.30009765624982,-69.84985275822146,69.64985275822164,6560.0,2026-07
2026-07-21 06:00:00+00:00,2026-07-22 04:30:00+00:00,HTF,buy,4069.7,4129.361866162535,3992.509330812672,4146.890669187327,0.02,stop_loss,RANGING,258,119.32373232507052,154.38133837465557,0.7729155193323524,98.84614397477802,trail,6350.418798301991,1.0,76.30000000000018,21.300097656249818,59.66186616253526,77.19066918732779,1350.0,2026-07
2026-07-22 06:10:00+00:00,2026-07-23 13:00:00+00:00,HTF,buy,4134.2,4059.003916373721,4059.203916373721,4246.694125439419,0.02,stop_loss,WEAK,358,-150.39216725255756,149.99216725255792,-1.0026668059227795,33.06830663240573,raw,6200.0266310494335,1.5,37.19990234375018,77.50004882812482,-75.19608362627878,74.99608362627896,1850.0,2026-07
2026-07-23 13:30:00+00:00,2026-07-29 07:30:00+00:00,HTF,sell,4066.40009765625,4055.470963484983,4140.594325464697,3955.1087559435796,0.02,stop_loss,WEAK,1027,21.858268342534757,148.38845561689413,0.14730437251107947,51.30682041334784,locked,6221.884899391968,1.5,57.10004882812518,52.89970703124982,10.929134171267378,74.19422780844707,8280.0,2026-07
2026-07-29 11:55:00+00:00,2026-07-29 19:05:00+00:00,HTF,buy,4091.7,4160.677852261865,4012.090237871823,4171.309762128177,0.02,stop_loss,RANGING,86,137.95570452373067,159.2195242563539,0.8664496717225013,106.89619264341464,trail,6359.840603915699,1.0,85.09980468750018,37.80009765624982,68.97785226186534,79.60976212817695,430.0,2026-07
2026-07-30 06:25:00+00:00,2026-07-30 12:35:00+00:00,HTF,buy,4090.7,4131.5998046875,4025.217989951224,4156.182010048776,0.02,stop_gap,RANGING,74,81.79960937500073,130.96402009755184,0.6245960479379774,83.53424444821653,trail,6441.6402132907,1.0,54.69990234375018,2.399951171874818,40.899804687500364,65.48201004877592,370.0,2026-07
2026-07-30 13:40:00+00:00,2026-07-31 20:55:00+00:00,HTF,buy,4148.30009765625,4106.8,4029.5129746219477,4267.0872206905515,0.02,open_at_window_end,RANGING,363,-83.00019531249927,237.57424606860425,-0.3493652897399128,26.854844903549456,raw,6358.6400179782,1.0,31.900097656250182,71.90019531249982,-41.500097656249636,118.78712303430211,1875.0,2026-07
