entry_ts,exit_ts,path,side,entry,exit,sl0,tp0,lot,reason,regime,bars,pnl,risk_usd,r,max_fav_pct,stage,balance,rr,mfe_pts,mae_pts,pts,stop_pts,mins,month
2022-03-01 14:00:00+00:00,2022-03-01 18:35:00+00:00,HTF,buy,1919.038,1937.0356891729268,1895.0264458646338,1943.0495541353662,0.02,stop_loss,RANGING,55,35.995378345853624,48.02310827073234,0.749542868881542,97.28649744330123,trail,1035.9953783458536,1.0,23.3599999999999,2.9400000000000546,17.997689172926812,24.01155413536617,275.0,2022-03
2022-03-03 08:00:00+00:00,2022-03-04 01:50:00+00:00,HTF,buy,1932.468,1934.6077965710008,1909.070034289992,1955.8659657100081,0.02,stop_loss,RANGING,202,4.279593142001431,46.79593142001613,0.09145224835018266,78.78890083215525,locked,1040.274971487855,1.0,18.434999999999945,9.25,2.1397965710007156,23.397965710008066,1070.0,2022-03
2022-03-07 07:35:00+00:00,2022-03-08 15:10:00+00:00,HTF,buy,1988.6280000000002,2048.358,1960.5968410311718,2030.6747384532428,0.02,stop_gap,WEAK,367,119.46000000000004,56.062317937656644,2.1308430402903418,177.82592122608216,trail,1159.734971487855,1.5,74.76999999999998,27.750000000000227,59.73000000000002,28.031158968828322,1895.0,2022-03
2022-03-08 16:15:00+00:00,2022-03-09 14:05:00+00:00,HTF,buy,2059.048,1979.2155755250426,1979.4155755250426,2178.4966367124352,0.02,stop_loss,WEAK,250,-159.66484894991436,159.26484894991427,-1.0025115397568103,9.468504883172892,raw,1000.0701225379407,1.5,11.3100000000004,83.03999999999974,-79.83242447495718,79.63242447495713,1310.0,2022-03
2022-03-09 16:35:00+00:00,2022-03-29 16:40:00+00:00,HTF,sell,2001.408,1917.9101573464059,2056.8323146928115,1862.847213267971,0.02,stop_loss,STRONG,3877,166.99568530718807,110.8486293856231,1.5065200736604432,80.40514392824748,trail,1167.0658078451288,2.5,111.40999999999985,7.653999999999996,83.49784265359403,55.42431469281155,28805.0,2022-03
2022-03-31 16:50:00+00:00,2022-04-01 14:30:00+00:00,HTF,buy,1942.8780000000002,1918.8967822470502,1919.0967822470502,1978.549826629425,0.02,stop_loss,WEAK,248,-47.962435505899975,47.562435505899884,-1.0084099982632402,19.188812703954746,raw,1119.1033723392288,1.5,6.8449999999998,24.248000000000047,-23.981217752949988,23.781217752949942,1300.0,2022-03
2022-04-01 17:30:00+00:00,2022-04-11 08:20:00+00:00,HTF,sell,1920.138,1954.026569859421,1953.826569859421,1886.449430140579,0.02,stop_loss,RANGING,1546,-67.77713971884214,67.37713971884205,-1.0059367316818324,15.138665788668652,raw,1051.3262326203867,1.0,5.099999999999909,35.25999999999999,-33.88856985942107,33.68856985942102,13850.0,2022-04
2022-04-11 11:00:00+00:00,2022-04-11 13:45:00+00:00,HTF,buy,1955.892,1958.0138065608655,1940.4132895942303,1979.1100656086546,0.02,stop_loss,WEAK,33,4.243613121730959,30.957420811539578,0.13707902695011095,58.85933923326463,locked,1055.5698457421176,1.5,13.66599999999994,0.9500000000000455,2.1218065608654797,15.478710405769789,165.0,2022-04
2022-04-12 06:10:00+00:00,2022-04-12 09:05:00+00:00,HTF,buy,1956.722,1949.9494023680156,1950.1494023680157,1973.1534940799606,0.02,stop_loss,STRONG,35,-13.54519526396871,13.145195263968617,-1.030429369208117,16.346657138596328,raw,1042.024650478149,2.5,2.685999999999922,6.783999999999878,-6.772597631984354,6.5725976319843085,175.0,2022-04
2022-04-12 09:35:00+00:00,2022-04-12 12:35:00+00:00,HTF,buy,1952.349,1964.2022261301986,1944.8494522603974,1971.0978693490065,0.02,stop_loss,STRONG,36,23.706452260397327,14.999095479205153,1.580525458569426,84.2877493348017,trail,1065.7311027385463,2.5,15.803000000000111,1.0069999999998345,11.853226130198664,7.499547739602576,180.0,2022-04
2022-04-12 14:55:00+00:00,2022-04-18 17:40:00+00:00,HTF,buy,1975.772,1979.057076478829,1952.5381568078062,2010.6227647882906,0.02,stop_loss,WEAK,861,6.570152957658138,46.467686384387434,0.14139186752938118,64.54951601968402,locked,1072.3012556962044,1.5,22.496000000000095,15.3599999999999,3.285076478829069,23.233843192193717,8805.0,2022-04
2022-04-20 06:25:00+00:00,2022-04-20 19:55:00+00:00,HTF,sell,1939.6879999999999,1958.0699931788058,1957.8699931788058,1894.2330170529851,0.02,stop_loss,STRONG,162,-36.763986357611884,36.36398635761179,-1.010999894127844,1.1615888198995994,raw,1035.5372693385925,2.5,0.5279999999997926,18.38000000000011,-18.381993178805942,18.181993178805897,810.0,2022-04
2022-04-21 06:10:00+00:00,2022-04-21 11:25:00+00:00,HTF,sell,1952.095,1942.9481389030436,1958.067277806087,1937.1643054847823,0.02,stop_loss,STRONG,63,18.2937221939128,11.9445556121741,1.531553185224197,84.724792856132,trail,1053.8309915325053,2.5,12.650000000000091,1.196999999999889,9.1468610969564,5.97227780608705,315.0,2022-04
2022-04-21 13:35:00+00:00,2022-04-21 17:05:00+00:00,HTF,sell,1945.408,1944.1156769248255,1955.3568205011632,1930.484769248255,0.02,stop_loss,WEAK,42,2.584646150348817,19.89764100232651,0.12989711443917448,51.06132932447536,locked,1056.4156376828541,1.5,7.619999999999891,1.7100000000000364,1.2923230751744086,9.948820501163254,210.0,2022-04
2022-04-22 06:20:00+00:00,2022-04-22 08:30:00+00:00,HTF,sell,1953.8619999999999,1948.4904567509639,1959.570189169879,1945.2997162451811,0.02,stop_loss,WEAK,26,10.743086498071989,11.416378339758467,0.9410240426824605,96.28272358248235,trail,1067.1587241809261,1.5,8.243999999999915,1.1700000000000728,5.3715432490359944,5.708189169879233,130.0,2022-04
2022-04-22 11:10:00+00:00,2022-04-25 13:15:00+00:00,HTF,sell,1933.2179999999998,1898.6657723291182,1956.8605744303936,1897.7541383544092,0.02,stop_loss,WEAK,301,69.10445534176324,47.28514886078756,1.4614410022312505,117.9933545257402,trail,1136.2631795226894,1.5,41.8449999999998,13.067000000000235,34.55222767088162,23.64257443039378,4445.0,2022-04
2022-04-25 13:55:00+00:00,2022-05-04 18:55:00+00:00,HTF,sell,1896.463,1888.6227028226774,1928.6241887092906,1816.0600282267733,0.02,stop_loss,STRONG,1992,15.680594354645109,64.32237741858125,0.24378132438424682,57.40459460898818,locked,1151.9437738773345,2.5,46.15499999999997,23.375,7.8402971773225545,32.16118870929063,13260.0,2022-04
2022-05-05 06:20:00+00:00,2022-05-05 13:20:00+00:00,HTF,buy,1900.4080000000001,1901.9687160278136,1888.6698931479104,1918.0151602781348,0.02,stop_loss,WEAK,84,3.121432055626883,23.476213704179372,0.13296147730462973,52.39345728825974,locked,1155.0652059329614,1.5,9.224999999999909,11.025000000000091,1.5607160278134415,11.738106852089686,420.0,2022-05
2022-05-05 14:20:00+00:00,2022-05-05 15:50:00+00:00,HTF,buy,1889.102,1876.0709042613316,1876.2709042613317,1908.3486436080027,0.02,stop_loss,WEAK,18,-26.06219147733691,25.662191477336822,-1.0155871333262143,7.720826707582449,raw,1129.0030144556245,1.5,1.4859999999998763,14.788000000000011,-13.031095738668455,12.83109573866841,90.0,2022-05
2022-05-09 09:45:00+00:00,2022-05-11 02:50:00+00:00,HTF,sell,1864.008,1839.7835872855314,1895.8359364276566,1832.1800635723434,0.02,stop_loss,RANGING,469,48.4488254289372,63.65587285531319,0.7611053506258425,101.07472745875614,trail,1177.4518398845617,1.0,32.17000000000007,7.440000000000055,24.2244127144686,31.827936427656596,2465.0,2022-05
2022-05-11 14:45:00+00:00,2022-05-12 16:55:00+00:00,HTF,buy,1852.448,1826.166553436091,1826.366553436091,1891.5701698458638,0.02,stop_loss,WEAK,302,-52.56289312781837,52.16289312781828,-1.0076682863241488,16.001157463053765,raw,1124.8889467567433,1.5,6.259999999999991,28.54000000000019,-26.281446563909185,26.08144656390914,1570.0,2022-05
2022-05-13 13:10:00+00:00,2022-05-19 12:35:00+00:00,HTF,sell,1802.668,1840.6935686606437,1840.4935686606436,1745.9296470090344,0.02,stop_loss,WEAK,1097,-76.05113732128757,75.65113732128748,-1.0052874287705855,28.252494397488846,raw,1048.8378094354557,1.5,16.029999999999973,38.450000000000045,-38.025568660643785,37.82556866064374,8605.0,2022-05
2022-05-19 13:10:00+00:00,2022-05-22 22:15:00+00:00,HTF,buy,1840.6380000000001,1843.5224082082223,1820.0752786118521,1871.4820820822222,0.02,stop_loss,WEAK,373,5.768816416444224,41.12544277629604,0.14027366095057012,55.829186143701435,locked,1054.6066258519,1.5,17.2199999999998,8.460000000000036,2.884408208222112,20.56272138814802,4865.0,2022-05
2022-05-23 08:05:00+00:00,2022-05-25 02:50:00+00:00,HTF,buy,1857.8780000000002,1859.5064314569988,1845.688456953342,1876.1623145699873,0.02,stop_loss,WEAK,489,3.256862913997338,24.379086093316346,0.13359249405539547,63.961927340698544,locked,1057.8634887658973,1.5,11.694999999999936,10.930000000000064,1.628431456998669,12.189543046658173,2565.0,2022-05
2022-05-25 12:00:00+00:00,2022-05-25 18:10:00+00:00,HTF,sell,1854.478,1852.3810759016571,1869.7908273222858,1831.5087590165713,0.02,stop_loss,WEAK,74,4.193848196685849,30.625654644571572,0.13693905470292414,53.72402165532099,locked,1062.0573369625831,1.5,12.340000000000146,2.5,2.0969240983429245,15.312827322285784,370.0,2022-05
2022-05-26 09:00:00+00:00,2022-05-27 01:55:00+00:00,HTF,sell,1846.398,1856.162778851926,1855.962778851926,1832.0508317221106,0.02,stop_loss,WEAK,191,-19.529557703852333,19.129557703852242,-1.0209100495783832,39.03209254630532,raw,1042.5277792587308,1.5,5.599999999999909,9.915000000000191,-9.764778851926167,9.564778851926121,1015.0,2022-05
2022-05-27 08:35:00+00:00,2022-05-31 14:20:00+00:00,HTF,buy,1858.938,1842.5056100859242,1842.7056100859243,1883.286584871114,0.02,stop_loss,WEAK,591,-32.86477982815177,32.46477982815168,-1.0123210445940938,20.30918850592617,raw,1009.662999430579,1.5,4.944999999999936,16.79000000000019,-16.432389914075884,16.23238991407584,6105.0,2022-05
2022-06-01 09:35:00+00:00,2022-06-01 13:00:00+00:00,HTF,sell,1829.4279999999999,1845.0666210450006,1844.8666210450006,1806.2700684324989,0.02,stop_loss,WEAK,41,-31.27724209000144,30.877242090001346,-1.0129545248514802,2.8586318172251346,raw,978.3857573405776,1.5,0.6619999999998072,17.27000000000021,-15.638621045000718,15.438621045000673,205.0,2022-06
2022-06-02 11:55:00+00:00,2022-06-02 14:25:00+00:00,HTF,buy,1855.924,1865.9406909377954,1844.899636459318,1872.460545311023,0.02,stop_loss,WEAK,30,20.03338187559075,22.048727081364177,0.9085958478085195,81.782498978098,trail,998.4191392161683,1.5,13.524000000000115,5.175999999999931,10.016690937795374,11.024363540682089,150.0,2022-06
2022-06-02 15:45:00+00:00,2022-06-06 15:10:00+00:00,HTF,buy,1868.9080000000001,1843.8206401243156,1844.0206401243156,1906.239039813527,0.02,stop_loss,WEAK,545,-50.17471975136913,49.77471975136905,-1.0080362079786311,13.541010443990292,raw,948.2444194647992,1.5,5.054999999999836,26.420000000000073,-25.08735987568457,24.887359875684524,5725.0,2022-06
2022-06-08 09:00:00+00:00,2022-06-08 15:05:00+00:00,HTF,sell,1848.0829999999999,1858.1442293000164,1857.9442293000163,1838.2217706999834,0.02,stop_loss,RANGING,73,-20.122458600033042,19.72245860003295,-1.0202814470605315,36.55730832659746,raw,928.1219608647662,1.0,3.604999999999791,10.980000000000246,-10.061229300016521,9.861229300016475,365.0,2022-06
2022-06-09 13:45:00+00:00,2022-06-09 16:00:00+00:00,HTF,sell,1847.503,1846.4013325732028,1860.519674267971,1834.486325732029,0.02,stop_loss,RANGING,27,2.2033348535942423,26.03334853594197,0.08463509219923401,58.33287246561353,locked,930.3252957183604,1.0,7.592999999999847,1.990000000000009,1.1016674267971212,13.016674267970984,135.0,2022-06
2022-06-10 06:20:00+00:00,2022-06-10 12:05:00+00:00,HTF,sell,1843.934,1833.9900601501079,1852.794300750539,1835.073699249461,0.02,stop_loss,RANGING,69,19.887879699784207,17.72060150107791,1.1223027445526874,134.48753417625372,trail,950.2131754181446,1.0,11.91599999999994,3.548999999999978,9.943939849892104,8.860300750538954,345.0,2022-06
2022-06-10 17:05:00+00:00,2022-06-13 22:00:00+00:00,HTF,buy,1872.498,1812.9129033435988,1813.1129033435989,1931.8830966564012,0.02,stop_loss,RANGING,323,-119.17019331280245,118.77019331280235,-1.0033678483535564,10.549784967512657,raw,831.0429821053422,1.0,6.264999999999873,63.34500000000003,-59.58509665640122,59.385096656401174,4615.0,2022-06
2022-06-14 14:15:00+00:00,2022-06-15 11:20:00+00:00,HTF,sell,1814.608,1830.2217311170575,1830.0217311170575,1791.4874033244137,0.02,stop_loss,WEAK,241,-31.227462234115137,30.82746223411505,-1.012975443679481,41.71605142952223,raw,799.815519871227,1.5,9.644999999999982,17.860000000000127,-15.613731117057569,15.413731117057523,1265.0,2022-06
2022-06-15 12:20:00+00:00,2022-06-16 22:50:00+00:00,HTF,buy,1830.3780000000002,1850.9958153011264,1810.1540510037553,1860.7139234943675,0.02,stop_loss,WEAK,390,41.23563060225251,40.44789799248974,1.0194752421969873,89.13524589096636,trail,841.0511504734795,1.5,27.039999999999736,17.410000000000082,20.617815301126257,20.22394899624487,2070.0,2022-06
2022-06-17 08:15:00+00:00,2022-06-23 18:20:00+00:00,HTF,buy,1850.228,1822.9083868050152,1823.1083868050152,1877.347613194985,0.02,stop_loss,RANGING,1195,-54.63922638996974,54.239226389969645,-1.0073747364522527,10.048078416191562,raw,786.4119240835098,1.0,2.724999999999909,27.660000000000082,-27.319613194984868,27.119613194984822,9245.0,2022-06
2022-06-24 06:10:00+00:00,2022-06-26 22:00:00+00:00,HTF,sell,1823.228,1837.576,1837.1869553494703,1809.2690446505298,0.02,stop_gap,RANGING,178,-28.695999999999916,27.917910698940435,-1.0278706135802995,45.347232952073284,raw,757.7159240835099,1.0,6.330000000000155,16.13499999999999,-14.347999999999956,13.958955349470216,3830.0,2022-06
2022-06-27 17:05:00+00:00,2022-06-29 10:35:00+00:00,HTF,sell,1822.9379999999999,1821.750650271958,1836.8114972804192,1809.0645027195806,0.02,stop_loss,RANGING,474,2.3746994560838175,27.74699456083863,0.08558402427610683,78.9995469669242,locked,760.0906235395937,1.0,10.959999999999809,6.47400000000016,1.1873497280419087,13.873497280419315,2490.0,2022-06
2022-06-30 07:05:00+00:00,2022-06-30 11:35:00+00:00,HTF,sell,1816.023,1806.1691510116332,1825.8768489883666,1806.1691510116332,0.02,take_profit,RANGING,54,19.70769797673347,19.70769797673347,1.0,115.74157482486788,locked,779.7983215163272,1.0,11.404999999999973,1.525000000000091,9.853848988366735,9.853848988366735,270.0,2022-06
2022-07-01 06:40:00+00:00,2022-07-01 13:05:00+00:00,HTF,sell,1796.358,1795.0006823335273,1811.931176664727,1780.784823335273,0.02,stop_loss,RANGING,77,2.714635332945363,31.146353329454087,0.0871574050493488,76.8051391023609,locked,782.5129568492725,1.0,11.961000000000013,2.0779999999999745,1.3573176664726816,15.573176664727043,385.0,2022-07
2022-07-04 14:15:00+00:00,2022-07-05 12:05:00+00:00,HTF,sell,1808.174,1799.1666958131057,1821.9674790655274,1794.3805209344725,0.02,stop_loss,RANGING,220,18.014608373788633,27.58695813105487,0.6530117705695663,86.751137571269,trail,800.5275652230612,1.0,11.965999999999894,3.8840000000000146,9.007304186894316,13.793479065527436,1310.0,2022-07
2022-07-05 14:10:00+00:00,2022-07-06 19:15:00+00:00,HTF,sell,1774.113,1740.4790796722139,1812.3883983610692,1735.837601638931,0.02,stop_loss,RANGING,337,67.2678406555724,76.55079672213833,0.8787346903747989,109.69186944558122,trail,867.7954058786336,1.0,41.98500000000013,1.68100000000004,33.6339203277862,38.275398361069165,1745.0,2022-07
2022-07-07 06:40:00+00:00,2022-07-12 01:30:00+00:00,HTF,sell,1744.4289999999999,1740.5997785980999,1760.5458856076,1704.1367859809995,0.02,stop_loss,STRONG,766,7.658442803799971,32.23377121520025,0.23759065461718404,53.06484272598515,locked,875.4538486824335,2.5,21.380999999999858,7.958000000000084,3.8292214018999857,16.116885607600125,6890.0,2022-07
2022-07-12 15:45:00+00:00,2022-07-13 12:45:00+00:00,HTF,sell,1732.504,1711.2421925125645,1746.1513083752145,1712.0330374371779,0.02,stop_loss,WEAK,240,42.523614974870725,27.294616750429213,1.557948783955797,124.8402458925546,trail,917.9774636573043,1.5,25.555999999999813,0.4500000000000455,21.261807487435362,13.647308375214607,1260.0,2022-07
2022-07-14 06:15:00+00:00,2022-07-14 13:50:00+00:00,HTF,sell,1724.484,1702.5271750149197,1740.7812500497319,1700.038124925402,0.02,stop_loss,WEAK,91,43.91364997016035,32.59450009946386,1.3472717739543636,110.63625219987986,trail,961.8911136274646,1.5,27.04599999999982,1.1240000000000236,21.956824985080175,16.29725004973193,455.0,2022-07
2022-07-14 16:10:00+00:00,2022-07-21 12:55:00+00:00,HTF,sell,1708.768,1703.9801386526933,1742.0204089820456,1658.8893865269315,0.02,stop_loss,WEAK,1341,9.575722694613432,66.50481796409122,0.14398539816744965,56.17638111598493,locked,971.466836322078,1.5,28.019999999999982,15.029999999999973,4.787861347306716,33.25240898204561,9885.0,2022-07
2022-07-22 09:05:00+00:00,2022-07-22 12:00:00+00:00,HTF,buy,1718.928,1727.235702221018,1705.5915111050904,1732.2644888949098,0.02,stop_loss,RANGING,35,16.615404442035924,26.67297778981947,0.622930239471713,83.79266903049141,trail,988.082240764114,1.0,11.174999999999955,0.2600000000002183,8.307702221017962,13.336488894909735,175.0,2022-07
2022-07-22 15:25:00+00:00,2022-07-28 16:30:00+00:00,HTF,buy,1732.368,1750.4568719995932,1703.0023599979668,1761.733640002033,0.02,stop_loss,RANGING,1117,36.17774399918653,58.73128000406632,0.6159876644384684,83.11414291774437,trail,1024.2599847633005,1.0,24.407000000000153,21.052999999999884,18.088871999593266,29.36564000203316,8705.0,2022-07
2022-07-29 06:30:00+00:00,2022-07-29 13:15:00+00:00,HTF,buy,1765.894,1754.5217834091432,1754.7217834091432,1782.6523248862852,0.02,stop_loss,WEAK,81,-22.744433181713703,22.34443318171361,-1.0179015505449225,9.905524634855384,raw,1001.5155515815868,1.5,1.6600000000000819,11.205999999999904,-11.372216590856851,11.172216590856806,405.0,2022-07
2022-07-29 16:55:00+00:00,2022-08-01 15:05:00+00:00,HTF,buy,1763.614,1765.0642443949007,1752.6123707006625,1780.1164439490062,0.02,stop_loss,WEAK,254,2.9004887898013294,22.003258598675075,0.13182087447610974,70.89858954318485,locked,1004.4160403713881,1.5,11.700000000000045,5.405999999999949,1.4502443949006647,11.001629299337537,4210.0,2022-07
2022-08-02 13:40:00+00:00,2022-08-02 18:00:00+00:00,HTF,buy,1780.102,1767.604612751105,1767.804612751105,1798.5480808733428,0.02,stop_loss,WEAK,52,-24.99477449779033,24.594774497790244,-1.0162636172995214,32.15859260691324,raw,979.4212658735978,1.5,5.932000000000016,13.024000000000115,-12.497387248895166,12.29738724889512,260.0,2022-08
2022-08-03 10:55:00+00:00,2022-08-03 13:45:00+00:00,HTF,buy,1763.442,1764.741905807275,1753.4426279514998,1778.4410580727504,0.02,stop_loss,WEAK,34,2.5998116145501626,19.998744097000326,0.12999874401813644,61.47052671761119,locked,982.021077488148,1.5,9.220000000000027,0.5350000000000819,1.2999058072750813,9.999372048500163,170.0,2022-08
2022-08-04 06:50:00+00:00,2022-08-04 11:15:00+00:00,HTF,buy,1772.278,1780.326788129661,1764.0406270988703,1784.6340593516945,0.02,stop_loss,WEAK,53,16.097576259322068,16.47474580225935,0.9771061995453941,89.31650201636964,trail,998.11865374747,1.5,11.036000000000058,1.280999999999949,8.048788129661034,8.237372901129675,265.0,2022-08
2022-08-05 16:25:00+00:00,2022-08-09 08:05:00+00:00,HTF,sell,1772.298,1791.135309264085,1790.935309264085,1744.3420361038725,0.02,stop_loss,WEAK,452,-37.67461852816996,37.27461852816987,-1.0107311628071471,6.199035048260325,raw,960.4440352193001,1.5,1.7329999999999472,19.163999999999987,-18.83730926408498,18.637309264084934,5260.0,2022-08
2022-08-09 13:10:00+00:00,2022-08-10 12:55:00+00:00,HTF,buy,1796.464,1797.8872635222947,1780.231364777051,1812.6966352229488,0.02,stop_loss,RANGING,273,2.846527044589493,32.46527044589766,0.08767914160250535,69.63749166259277,locked,963.2905622638896,1.0,11.304000000000087,8.985999999999876,1.4232635222947465,16.23263522294883,1425.0,2022-08
2022-08-10 16:30:00+00:00,2022-08-15 09:30:00+00:00,HTF,buy,1799.48,1781.4296154941574,1781.6296154941574,1817.3303845058426,0.02,stop_loss,RANGING,744,-36.100769011685315,35.700769011685225,-1.0112042404428085,17.187304839264364,raw,927.1897932522043,1.0,3.0679999999999836,19.3420000000001,-18.050384505842658,17.850384505842612,6780.0,2022-08
2022-08-16 11:10:00+00:00,2022-08-17 12:40:00+00:00,HTF,sell,1775.214,1770.747,1783.6983878907074,1762.4874181639389,0.02,stop_gap,WEAK,294,8.933999999999742,16.968775781414934,0.5264964376384013,83.17237209764507,trail,936.123793252204,1.5,10.585000000000036,6.980000000000018,4.466999999999871,8.484387890707467,1530.0,2022-08
2022-08-17 14:20:00+00:00,2022-08-17 18:00:00+00:00,HTF,sell,1768.6779999999999,1767.400430947661,1778.5284603489256,1753.9023094766112,0.02,stop_loss,WEAK,44,2.555138104677553,19.700920697851416,0.12969638038064976,60.667215422593515,locked,938.6789313568815,1.5,8.963999999999942,0.3300000000001546,1.2775690523387766,9.850460348925708,220.0,2022-08
2022-08-18 09:30:00+00:00,2022-08-18 11:30:00+00:00,HTF,sell,1766.1979999999999,1771.9434181610663,1771.7434181610663,1757.8798727584003,0.02,stop_loss,WEAK,24,-11.490836322132964,11.090836322132873,-1.03606581040258,1.0819743120761822,raw,927.1880950347486,1.5,0.08999999999991815,5.750000000000227,-5.745418161066482,5.545418161066436,120.0,2022-08
2022-08-18 14:05:00+00:00,2022-08-19 15:00:00+00:00,HTF,sell,1763.598,1749.7367639930592,1776.783879976864,1743.819180034704,0.02,stop_loss,WEAK,287,27.722472013881543,26.371759953728084,1.0512181235732245,91.09239090912806,trail,954.9105670486301,1.5,18.017000000000053,2.7460000000000946,13.861236006940771,13.185879976864044,1495.0,2022-08
2022-08-22 10:55:00+00:00,2022-08-23 13:45:00+00:00,HTF,sell,1734.248,1746.5292256709015,1746.3292256709015,1716.126161493648,0.02,stop_loss,WEAK,310,-24.5624513418029,24.162451341802807,-1.0165546117130948,36.30978169071377,raw,930.3481157068272,1.5,6.580000000000155,14.099999999999909,-12.28122567090145,12.081225670901404,1610.0,2022-08
2022-08-24 14:35:00+00:00,2022-08-24 15:10:00+00:00,HTF,sell,1747.5739999999998,1753.8236618372923,1753.6236618372923,1738.499507244061,0.02,stop_loss,WEAK,7,-12.499323674584957,12.099323674584866,-1.0330596991003975,9.58731273911176,raw,917.8487920322423,1.5,0.8699999999998909,6.430000000000064,-6.249661837292479,6.049661837292433,35.0,2022-08
2022-08-25 08:00:00+00:00,2022-08-26 14:00:00+00:00,HTF,buy,1762.0040000000001,1742.3056401406684,1742.5056401406684,1791.2515397889977,0.02,stop_loss,WEAK,348,-39.39671971866346,38.99671971866337,-1.0102572729933654,11.50182211655727,raw,878.4520723135788,1.5,3.3639999999998054,20.68600000000015,-19.69835985933173,19.498359859331686,1800.0,2022-08
2022-08-29 06:00:00+00:00,2022-08-29 14:15:00+00:00,HTF,sell,1722.474,1745.4522024888317,1745.2522024888317,1688.3066962667522,0.02,stop_loss,WEAK,99,-45.956404977663624,45.55640497766353,-1.008780324088264,6.632071461333466,raw,832.4956673359152,1.5,2.265999999999849,22.94399999999996,-22.978202488831812,22.778202488831766,495.0,2022-08
2022-08-30 06:25:00+00:00,2022-08-30 15:00:00+00:00,HTF,sell,1733.024,1724.3479351425221,1742.8237838084065,1718.32432428739,0.02,stop_loss,WEAK,103,17.35212971495548,19.599567616813147,0.8853322713134886,81.13104148120371,trail,849.8477970508707,1.5,11.92599999999993,4.814000000000078,8.67606485747774,9.799783808406573,515.0,2022-08
2022-08-31 08:20:00+00:00,2022-09-01 15:00:00+00:00,HTF,sell,1715.568,1694.1445485454853,1733.1564951516177,1689.1852572725734,0.02,stop_loss,WEAK,356,42.84690290902927,35.17699030323547,1.2180377724096636,101.96058945772823,trail,892.6946999598999,1.5,26.90000000000009,7.819999999999936,21.423451454514634,17.588495151617735,1840.0,2022-08
2022-09-01 15:30:00+00:00,2022-09-02 12:30:00+00:00,HTF,sell,1693.0149999999999,1713.4969972944689,1713.2969972944688,1642.3100067638275,0.02,stop_loss,STRONG,240,-40.96399458893802,40.56399458893793,-1.0098609617729604,0.5522138592856051,raw,851.7307053709619,2.5,0.2799999999999727,21.669000000000096,-20.48199729446901,20.281997294468965,1260.0,2022-09
2022-09-02 13:00:00+00:00,2022-09-02 19:35:00+00:00,HTF,buy,1707.268,1709.0306497324475,1694.18366845035,1726.894497324475,0.02,stop_loss,WEAK,79,3.5252994648949425,26.16866309929992,0.13471454202753114,54.05956969595819,locked,855.2560048358569,1.5,10.6099999999999,0.6340000000000146,1.7626497324474713,13.08433154964996,395.0,2022-09
2022-09-06 16:55:00+00:00,2022-09-07 17:40:00+00:00,HTF,sell,1701.248,1717.7626108302688,1717.5626108302688,1676.776083754597,0.02,stop_loss,WEAK,285,-33.02922166053759,32.629221660537496,-1.0122589500957622,40.985756486822254,raw,822.2267831753193,1.5,10.029999999999973,17.096000000000004,-16.514610830268794,16.314610830268748,1485.0,2022-09
2022-09-08 08:20:00+00:00,2022-09-08 12:20:00+00:00,HTF,buy,1718.441,1719.494279421177,1705.908205788229,1730.973794211771,0.02,stop_loss,RANGING,48,2.106558842353934,25.065588423542067,0.08404186675208529,77.02990918763174,locked,824.3333420176732,1.0,9.653999999999996,2.3530000000000655,1.053279421176967,12.532794211771034,240.0,2022-09
2022-09-08 13:25:00+00:00,2022-09-08 14:25:00+00:00,HTF,buy,1712.9080000000001,1705.0103487604288,1705.2103487604288,1720.6056512395714,0.02,stop_loss,RANGING,12,-15.79530247914272,15.395302479142629,-1.0259819513479522,40.921573373013565,raw,808.5380395385305,1.0,3.1499999999998636,8.960000000000036,-7.89765123957136,7.697651239571314,60.0,2022-09
2022-09-09 07:50:00+00:00,2022-09-13 12:35:00+00:00,HTF,buy,1726.7150000000001,1709.2226006458216,1709.4226006458216,1744.0073993541787,0.02,stop_loss,RANGING,609,-34.984798708357175,34.584798708357084,-1.0115657749918734,48.113623966181926,raw,773.5532408301733,1.0,8.319999999999936,18.590000000000146,-17.492399354178588,17.292399354178542,6045.0,2022-09
2022-09-15 06:15:00+00:00,2022-09-15 15:00:00+00:00,HTF,sell,1688.018,1668.9155898301149,1705.609966100382,1661.6300508494269,0.02,stop_loss,WEAK,105,38.20482033977032,35.18393220076405,1.0858598783606306,93.14858028467152,trail,811.7580611699436,1.5,24.579999999999927,4.230000000000018,19.10241016988516,17.591966100382024,525.0,2022-09
2022-09-15 16:10:00+00:00,2022-09-28 15:00:00+00:00,HTF,sell,1661.691,1655.3993398113553,1704.9687345909658,1596.7743981135513,0.02,stop_loss,WEAK,2470,12.583320377289512,86.55546918193158,0.14537868601740853,72.37131740533582,locked,824.3413815472331,1.5,46.980999999999995,26.257000000000062,6.291660188644755,43.27773459096579,18650.0,2022-09
2022-09-29 09:00:00+00:00,2022-09-29 15:05:00+00:00,HTF,sell,1645.075,1659.1261146925017,1658.9261146925016,1624.2983279612477,0.02,stop_loss,WEAK,73,-28.102229385003284,27.70222938500319,-1.014439271094067,2.935985122460242,raw,796.2391521622299,1.5,0.6100000000001273,14.36999999999989,-14.051114692501642,13.851114692501596,365.0,2022-09
2022-09-29 16:10:00+00:00,2022-10-04 11:00:00+00:00,HTF,buy,1663.958,1703.9771435632558,1636.4551452108526,1705.2122821837213,0.02,stop_loss,WEAK,766,80.03828712651148,55.00570957829496,1.4550905304218504,117.49083351915914,trail,876.2774392887413,1.5,48.47000000000003,6.870000000000118,40.01914356325574,27.502854789147477,6890.0,2022-09
2022-10-04 11:40:00+00:00,2022-10-04 15:45:00+00:00,HTF,buy,1705.374,1724.0179238147712,1690.6737460492375,1727.4243809261438,0.02,stop_loss,WEAK,49,37.287847629542284,29.400507901525092,1.268272226943673,106.302018448165,trail,913.5652869182836,1.5,23.440000000000055,2.5,18.643923814771142,14.700253950762544,245.0,2022-10
2022-10-04 17:55:00+00:00,2022-10-05 10:10:00+00:00,HTF,buy,1723.574,1705.3375752511467,1705.5375752511468,1750.62863712328,0.02,stop_loss,WEAK,183,-36.47284949770665,36.07284949770656,-1.0110886721057488,15.117556304167035,raw,877.092437420577,1.5,4.089999999999918,19.110000000000127,-18.236424748853324,18.03642474885328,975.0,2022-10
2022-10-05 17:10:00+00:00,2022-10-07 12:50:00+00:00,HTF,buy,1710.4080000000001,1693.721464119503,1693.921464119503,1751.6243397012427,0.02,stop_loss,STRONG,500,-33.37307176099421,32.97307176099412,-1.0121311111958116,36.45641536564407,raw,843.7193656595828,2.5,15.02599999999984,19.904000000000224,-16.686535880497104,16.48653588049706,2620.0,2022-10
2022-10-10 06:30:00+00:00,2022-10-11 15:35:00+00:00,HTF,sell,1684.485,1680.3349907937761,1713.4850613748254,1640.9849079377618,0.02,stop_loss,WEAK,385,8.30001841244757,58.00012274965093,0.14310346287150788,54.19528760139107,locked,852.0193840720303,1.5,23.574999999999818,4.1030000000000655,4.150009206223785,29.000061374825464,1985.0,2022-10
2022-10-12 07:00:00+00:00,2022-10-13 12:30:00+00:00,HTF,sell,1671.195,1653.0117491446485,1683.3171672369008,1653.0117491446485,0.02,take_profit,WEAK,342,36.36650171070278,24.2443344738017,1.5000000000000093,107.24154968285602,raw,888.3858857827331,1.5,19.5,11.141000000000076,18.18325085535139,12.12216723690085,1770.0,2022-10
2022-10-13 16:15:00+00:00,2022-10-16 22:05:00+00:00,HTF,sell,1663.658,1646.95274141133,1681.9504713710992,1636.2192929433509,0.02,stop_loss,WEAK,334,33.4105171773399,36.584942742198564,0.9132313644105515,85.87503759325283,trail,921.796402960073,1.5,23.562999999999874,8.790000000000191,16.70525858866995,18.292471371099282,4670.0,2022-10
2022-10-17 07:10:00+00:00,2022-10-17 17:40:00+00:00,HTF,buy,1653.405,1655.6976553955678,1643.4343784177286,1678.3315539556784,0.02,stop_loss,STRONG,126,4.585310791135726,19.94124316454281,0.22994107003763886,59.62717520611864,locked,926.3817137512087,2.5,14.863000000000056,2.4769999999998618,2.292655395567863,9.970621582271406,630.0,2022-10
2022-10-18 09:20:00+00:00,2022-10-19 06:25:00+00:00,HTF,buy,1651.288,1642.7839492492988,1642.9839492492988,1663.7440761260518,0.02,stop_loss,WEAK,240,-17.008101501402507,16.608101501402416,-1.024084631224485,47.68756982446967,raw,909.3736122498062,1.5,5.940000000000055,8.920000000000073,-8.504050750701253,8.304050750701208,1265.0,2022-10
2022-10-19 08:10:00+00:00,2022-10-20 00:20:00+00:00,HTF,sell,1641.397,1629.2341427483675,1655.3327137418373,1627.4612862581625,0.02,stop_loss,RANGING,182,24.325714503264866,27.871427483674783,0.8727832299767654,111.93542210306082,trail,933.6993267530711,1.0,15.598999999999933,0.6510000000000673,12.162857251632431,13.93571374183739,970.0,2022-10
2022-10-20 06:10:00+00:00,2022-10-20 14:55:00+00:00,HTF,sell,1631.027,1644.3890805316391,1644.189080531639,1611.2838792025414,0.02,stop_loss,WEAK,105,-26.72416106327819,26.324161063278094,-1.015195166107614,20.812312512057655,raw,906.9751656897929,1.5,4.109000000000151,13.971000000000004,-13.362080531639094,13.162080531639049,525.0,2022-10
2022-10-20 15:40:00+00:00,2022-10-21 03:45:00+00:00,HTF,buy,1642.6480000000001,1620.594046715487,1620.794046715487,1675.4289299267698,0.02,stop_loss,WEAK,133,-44.107906569026454,43.70790656902636,-1.0091516622826213,0.9456717692038149,raw,862.8672591207664,1.5,0.30999999999994543,22.1400000000001,-22.053953284513227,21.85395328451318,725.0,2022-10
2022-10-21 06:20:00+00:00,2022-10-21 12:55:00+00:00,HTF,sell,1619.558,1630.6668273390876,1630.4668273390876,1603.1947589913686,0.02,stop_loss,WEAK,79,-22.217654678175222,21.81765467817513,-1.0183337762880729,15.223145577859684,raw,840.6496044425912,1.5,2.4909999999999854,13.789999999999964,-11.108827339087611,10.908827339087566,395.0,2022-10
2022-10-24 08:00:00+00:00,2022-11-04 04:50:00+00:00,HTF,sell,1649.027,1644.8691460653367,1678.0793595644222,1605.4484606533667,0.02,stop_loss,WEAK,2446,8.315707869326616,58.10471912884441,0.14311587757419386,74.69272831998815,locked,848.9653123119178,1.5,32.549999999999955,25.651000000000067,4.157853934663308,29.052359564422204,15650.0,2022-10
2022-11-04 09:05:00+00:00,2022-11-04 13:20:00+00:00,HTF,buy,1648.767,1663.1328718573216,1631.041359286609,1666.4926407133912,0.02,stop_loss,RANGING,51,28.731743714643017,35.451281426782316,0.810457127593055,102.5689299132915,trail,877.6970560265609,1.0,18.18100000000004,5.56899999999996,14.365871857321508,17.725640713391158,255.0,2022-11
2022-11-04 14:15:00+00:00,2022-11-08 19:30:00+00:00,HTF,buy,1670.4850000000001,1708.1327337372832,1628.4586686864156,1712.5113313135846,0.02,stop_loss,RANGING,603,75.29546747456607,84.05266262716896,0.8958129953426099,110.05719165652994,trail,952.9925235011269,1.0,46.25299999999993,5.928000000000111,37.64773373728303,42.02633131358448,6075.0,2022-11
2022-11-09 06:30:00+00:00,2022-11-17 02:20:00+00:00,HTF,buy,1709.228,1767.1967135646187,1675.6074271292373,1793.279432176907,0.02,stop_loss,STRONG,1606,115.93742712923722,67.24114574152554,1.7242036234019542,91.77594956102816,trail,1068.9299506303641,2.5,77.1389999999999,7.180000000000064,57.96871356461861,33.62057287076277,11270.0,2022-11
2022-11-17 09:35:00+00:00,2022-11-20 23:00:00+00:00,HTF,sell,1764.298,1751.6615769604805,1778.1132565349346,1743.575115197598,0.02,stop_loss,WEAK,425,25.27284607903903,27.630513069869266,0.9146716173938426,81.9432244203363,trail,1094.2027967094032,1.5,16.980999999999995,3.2799999999999727,12.636423039519514,13.815256534934633,5125.0,2022-11
2022-11-21 07:25:00+00:00,2022-11-21 13:15:00+00:00,HTF,sell,1744.357,1743.0687833951226,1754.2784440325152,1729.474833951227,0.02,stop_loss,WEAK,70,2.5764332097546685,19.842888065030365,0.12984164408482368,50.59075389513479,locked,1096.7792299191578,1.5,7.528999999999996,1.2200000000000273,1.2882166048773342,9.921444032515183,350.0,2022-11
2022-11-21 15:55:00+00:00,2022-11-24 00:30:00+00:00,HTF,sell,1736.297,1754.9068496606392,1754.7068496606391,1708.6822255090415,0.02,stop_loss,WEAK,643,-37.21969932127831,36.81969932127822,-1.010863749769106,29.549399371962192,raw,1059.5595305978795,1.5,8.160000000000082,18.450000000000045,-18.609849660639156,18.40984966063911,3395.0,2022-11
2022-11-24 06:45:00+00:00,2022-11-28 18:05:00+00:00,HTF,buy,1755.1570000000002,1741.1484436070662,1741.3484436070662,1775.869834589401,0.02,stop_loss,WEAK,619,-28.017112785867994,27.617112785867903,-1.01448377327136,40.84906854964896,raw,1031.5424178120115,1.5,8.460999999999785,14.119000000000142,-14.008556392933997,13.808556392933951,6440.0,2022-11
2022-11-29 08:25:00+00:00,2022-11-30 13:30:00+00:00,HTF,buy,1755.325,1756.3883013972393,1742.6919860276082,1767.9580139723919,0.02,stop_loss,RANGING,337,2.1266027944784582,25.266027944783676,0.08416846522634787,73.00712260871303,locked,1033.66902060649,1.0,9.222999999999956,8.557999999999993,1.0633013972392291,12.633013972391836,1745.0,2022-11
2022-12-01 09:20:00+00:00,2022-12-01 14:35:00+00:00,HTF,buy,1777.8780000000002,1795.6364288754564,1759.5701443772823,1796.185855622718,0.02,stop_loss,RANGING,63,35.51685775091255,36.615711245435705,0.9699895630278074,121.75101475205277,trail,1069.1858783574025,1.0,22.289999999999736,1.7700000000002092,17.758428875456275,18.307855622717852,315.0,2022-12
2022-12-01 15:40:00+00:00,2022-12-14 19:00:00+00:00,HTF,buy,1796.268,1799.712411229914,1759.8238877008578,1832.7121122991423,0.02,stop_loss,RANGING,2524,6.888822459828134,72.88822459828452,0.09451214510704747,77.07692197145666,locked,1076.0747008172307,1.0,28.089999999999918,30.26800000000003,3.444411229914067,36.44411229914226,18920.0,2022-12
2022-12-15 08:35:00+00:00,2022-12-20 08:45:00+00:00,HTF,sell,1776.5449999999998,1803.0467921406587,1802.8467921406586,1737.0923117890115,0.02,stop_loss,WEAK,830,-53.00358428131767,52.60358428131758,-1.0076040445810868,7.444359644881916,raw,1023.071116535913,1.5,2.936999999999898,28.840000000000146,-26.501792140658836,26.30179214065879,7210.0,2022-12
2022-12-20 14:25:00+00:00,2022-12-21 15:50:00+00:00,HTF,buy,1806.755,1819.3445715377702,1786.0528576888514,1827.4571423111488,0.02,stop_loss,RANGING,293,25.179143075540196,41.40428462229738,0.6081289244635448,81.77897603806225,trail,1048.2502596114532,1.0,16.929999999999836,1.1800000000000637,12.589571537770098,20.70214231114869,1525.0,2022-12
2022-12-21 17:05:00+00:00,2022-12-22 13:45:00+00:00,HTF,buy,1817.325,1809.0334608738815,1809.2334608738815,1829.462308689178,0.02,stop_loss,WEAK,236,-16.5830782522371,16.18307825223701,-1.0247171764089318,24.717176408926015,raw,1031.667181359216,1.5,3.0,9.100000000000136,-8.29153912611855,8.091539126118505,1240.0,2022-12
2022-12-23 10:55:00+00:00,2022-12-27 12:30:00+00:00,HTF,buy,1798.805,1808.7747576954068,1790.47085898469,1811.306211522965,0.02,stop_loss,WEAK,295,19.93951539081354,16.66828203062005,1.1962549802183664,101.3501769546484,trail,1051.6066967500296,1.5,12.669999999999845,7.740000000000009,9.96975769540677,8.334141015310024,5855.0,2022-12
2022-12-27 13:40:00+00:00,2022-12-27 15:40:00+00:00,HTF,buy,1807.515,1829.298,1792.5000553180555,1822.5299446819447,0.02,stop_gap,RANGING,24,43.5659999999998,30.029889363889197,1.4507545955992671,171.16280175779767,trail,1095.1726967500294,1.0,25.699999999999818,5.326999999999998,21.7829999999999,15.014944681944598,120.0,2022-12
2022-12-27 17:05:00+00:00,2023-01-04 12:35:00+00:00,HTF,buy,1820.565,1854.3144065571144,1792.0630218570477,1863.3179672144286,0.02,stop_loss,WEAK,1326,67.4988131142286,57.00395628590468,1.1841075166026498,104.01617220381382,trail,1162.671509864258,1.5,44.47000000000003,23.660000000000082,33.7494065571143,28.50197814295234,11250.0,2022-12
2023-01-04 13:05:00+00:00,2023-01-05 08:45:00+00:00,HTF,buy,1854.4750000000001,1843.7530040050574,1843.9530040050574,1880.7799899873569,0.02,stop_loss,STRONG,224,-21.44399198988549,21.0439919898854,-1.0190078004302772,30.754621096181,raw,1141.2275178743726,2.5,8.089999999999918,10.750000000000227,-10.721995994942745,10.5219959949427,1180.0,2023-01
2023-01-05 16:00:00+00:00,2023-01-06 15:05:00+00:00,HTF,sell,1828.568,1856.9658151903857,1856.7658151903856,1758.073462024036,0.02,stop_loss,STRONG,265,-56.7956303807714,56.39563038077131,-1.0070927480958964,0.415635038419281,raw,1084.4318874936012,2.5,0.2929999999998927,31.626999999999953,-28.3978151903857,28.197815190385654,1385.0,2023-01
2023-01-06 16:10:00+00:00,2023-01-12 14:10:00+00:00,HTF,buy,1862.208,1892.490181414087,1833.2819380469568,1905.597092929565,0.02,stop_loss,WEAK,1080,60.56436282817367,57.8521239060865,1.0468822705021177,90.49970245689029,trail,1144.9962503217748,1.5,39.266999999999825,2.4610000000000127,30.282181414086836,28.926061953043245,8520.0,2023-01
2023-01-13 09:15:00+00:00,2023-01-17 04:05:00+00:00,HTF,buy,1906.1480000000001,1908.9776804612486,1885.9501302583437,1936.4448046124849,0.02,stop_loss,WEAK,442,5.659360922496944,40.39573948331281,0.14009796564894636,75.04751834663904,locked,1150.6556112442718,1.5,22.736999999999853,12.53300000000013,2.829680461248472,20.197869741656405,5450.0,2023-01
2023-01-17 13:30:00+00:00,2023-01-18 04:05:00+00:00,HTF,buy,1912.535,1898.3186282492918,1898.5186282492919,1933.5595576260625,0.02,stop_loss,WEAK,163,-28.432743501416553,28.032743501416462,-1.0142690279308508,19.072934000899572,raw,1122.2228677428552,1.5,4.009999999999991,14.967000000000098,-14.216371750708277,14.016371750708231,875.0,2023-01
2023-01-18 12:55:00+00:00,2023-01-18 17:00:00+00:00,HTF,buy,1917.415,1904.855334741743,1905.055334741743,1935.9544978873853,0.02,stop_loss,WEAK,49,-25.119330516513855,24.719330516513764,-1.0161816680161653,45.21697432649464,raw,1097.1035372263414,1.5,8.383000000000038,12.460000000000036,-12.559665258256928,12.359665258256882,245.0,2023-01
2023-01-20 08:10:00+00:00,2023-01-23 07:25:00+00:00,HTF,buy,1936.025,1920.230309996934,1920.430309996934,1959.4170350045993,0.02,stop_loss,WEAK,267,-31.58938000613216,31.189380006132065,-1.012824878209232,0.29924715821506537,raw,1065.5141572202092,1.5,0.06999999999993634,15.730000000000018,-15.79469000306608,15.594690003066034,4275.0,2023-01
2023-01-23 16:30:00+00:00,2023-01-24 01:35:00+00:00,HTF,sell,1921.935,1934.4506427545161,1934.250642754516,1903.4615358682258,0.02,stop_loss,WEAK,97,-25.031285509032386,24.631285509032296,-1.0162395097021393,15.411294707326595,raw,1040.4828717111768,1.5,2.84699999999998,12.490000000000009,-12.515642754516193,12.315642754516148,545.0,2023-01
2023-01-24 06:30:00+00:00,2023-01-24 15:00:00+00:00,HTF,buy,1937.575,1920.2490741841882,1920.4490741841882,1954.7009258158118,0.02,stop_loss,RANGING,102,-34.651851631623686,34.251851631623595,-1.0116782007671312,27.870026130751768,raw,1005.8310200795531,1.0,4.772999999999911,17.50999999999999,-17.325925815811843,17.125925815811797,510.0,2023-01
2023-01-25 13:50:00+00:00,2023-01-25 15:05:00+00:00,HTF,sell,1922.375,1937.2240007559626,1937.0240007559626,1907.7259992440374,0.02,stop_loss,RANGING,15,-29.698001511925217,29.298001511925122,-1.0136528083609144,18.281110395260843,raw,976.1330185676279,1.0,2.678000000000111,16.27299999999991,-14.849000755962606,14.649000755962561,75.0,2023-01
2023-01-25 16:25:00+00:00,2023-01-26 09:15:00+00:00,HTF,buy,1933.9750000000001,1936.2725571304975,1908.9994286950252,1958.950571304975,0.02,stop_loss,RANGING,190,4.5951142609947055,49.951142609949784,0.09199217517157261,60.49911657872721,locked,980.7281328286226,1.0,15.1099999999999,0.7770000000000437,2.2975571304973528,24.975571304974892,1010.0,2023-01
2023-01-26 10:45:00+00:00,2023-01-27 15:45:00+00:00,HTF,buy,1936.915,1917.9517452307584,1918.1517452307585,1955.6782547692414,0.02,stop_loss,RANGING,336,-37.92650953848306,37.52650953848297,-1.0106591315024889,28.77965505671375,raw,942.8016232901396,1.0,5.400000000000091,20.389999999999873,-18.96325476924153,18.763254769241485,1740.0,2023-01
2023-01-30 15:45:00+00:00,2023-01-31 12:40:00+00:00,HTF,sell,1925.498,1904.6856147686315,1936.833382562105,1908.4949261568427,0.02,stop_loss,WEAK,239,41.62477046273716,22.670765124209993,1.8360549471833345,146.05006264790018,trail,984.4263937528767,1.5,24.833000000000084,1.7699999999999818,20.81238523136858,11.335382562104996,1255.0,2023-01
2023-02-02 08:00:00+00:00,2023-02-02 13:55:00+00:00,HTF,buy,1956.825,1944.383299930465,1944.583299930465,1975.1875501043025,0.02,stop_loss,WEAK,71,-24.88340013907009,24.48340013907,-1.0163376000771143,14.758298736323452,raw,959.5429936138066,1.5,2.7100000000000364,13.587999999999965,-12.441700069535045,12.241700069535,355.0,2023-02
2023-02-03 15:55:00+00:00,2023-02-28 15:00:00+00:00,HTF,sell,1872.7849999999999,1822.8427463901362,1926.4674879671206,1792.2612680493187,0.02,stop_loss,WEAK,4651,99.88450721972731,107.36497593424157,0.9303267322567477,84.68435124413402,trail,1059.427500833534,1.5,68.1909999999998,17.313000000000102,49.942253609863656,53.68248796712078,35945.0,2023-02
2023-03-01 06:30:00+00:00,2023-03-01 13:10:00+00:00,HTF,buy,1834.845,1835.9151870105761,1822.143129894239,1847.546870105761,0.02,stop_loss,RANGING,80,2.1403740211521836,25.403740211521836,0.08425428709829978,52.511952527170806,locked,1061.5678748546861,1.0,6.670000000000073,4.519999999999982,1.0701870105760918,12.701870105760918,400.0,2023-03
2023-03-01 15:40:00+00:00,2023-03-07 09:50:00+00:00,HTF,buy,1841.625,1843.5448183309932,1820.4268166900683,1862.8231833099317,0.02,stop_loss,RANGING,1034,3.839636661986333,42.39636661986333,0.0905652292427202,78.03970631883936,locked,1065.4075115166725,1.0,16.542999999999893,11.770999999999958,1.9198183309931665,21.198183309931665,8290.0,2023-03
2023-03-08 08:05:00+00:00,2023-03-08 14:50:00+00:00,HTF,sell,1814.748,1821.2901471124972,1821.090147112497,1805.2347793312545,0.02,stop_loss,WEAK,81,-13.084294224994212,12.684294224994119,-1.0315350616206853,28.202856776092972,raw,1052.3232172916782,1.5,2.6829999999999927,6.716999999999871,-6.542147112497105,6.342147112497059,405.0,2023-03
2023-03-08 17:00:00+00:00,2023-03-09 14:35:00+00:00,HTF,sell,1816.695,1829.2336029347873,1829.0336029347873,1798.1870955978188,0.02,stop_loss,WEAK,247,-25.077205869574755,24.677205869574664,-1.0162092905539708,26.421143602965653,raw,1027.2460114221035,1.5,4.889999999999873,13.38000000000011,-12.538602934787377,12.338602934787332,1295.0,2023-03
2023-03-09 17:10:00+00:00,2023-03-09 20:10:00+00:00,HTF,buy,1828.2050000000002,1829.2352389688667,1820.0034068742223,1840.507389688667,0.02,stop_loss,WEAK,36,2.0604779377331397,16.40318625155578,0.12561449380224596,54.40406432715636,locked,1029.3064893598366,1.5,6.692999999999756,0.6700000000000728,1.0302389688665698,8.20159312577789,180.0,2023-03
2023-03-10 08:35:00+00:00,2023-03-10 16:05:00+00:00,HTF,buy,1835.7150000000001,1861.6249208786064,1820.5814029286882,1858.415395606968,0.02,stop_loss,WEAK,90,51.81984175721255,30.267194142623794,1.7120794716890269,139.34999436877638,trail,1081.1263311170492,1.5,31.63299999999981,4.9370000000001255,25.909920878606272,15.133597071311897,450.0,2023-03
2023-03-10 17:45:00+00:00,2023-03-13 13:55:00+00:00,HTF,buy,1864.2440000000001,1901.3192944262348,1837.1149814207834,1904.9375278688253,0.02,stop_loss,WEAK,242,74.15058885246935,54.25803715843358,1.3666286643571253,111.60005627035072,trail,1155.2769199695185,1.5,45.41399999999976,3.4960000000000946,37.07529442623468,27.12901857921679,4090.0,2023-03
2023-03-13 15:20:00+00:00,2023-03-20 09:45:00+00:00,HTF,buy,1910.9550000000002,1986.7361615100435,1868.8313230200874,2016.264192449782,0.02,stop_loss,STRONG,1313,151.56232302008675,84.24735395982543,1.7990158253796484,93.7619952285602,trail,1306.8392429896053,2.5,98.73999999999978,25.3900000000001,75.78116151004338,42.123676979912716,9745.0,2023-03
2023-03-20 10:55:00+00:00,2023-03-21 13:45:00+00:00,HTF,buy,1980.795,1952.4913411889047,1952.6913411889047,2051.0541470277385,0.02,stop_loss,STRONG,310,-56.60731762219074,56.20731762219066,-1.0071165111042795,8.112822658876642,raw,1250.2319253674145,2.5,5.699999999999818,28.320000000000164,-28.303658811095374,28.10365881109533,1610.0,2023-03
2023-03-21 16:15:00+00:00,2023-03-22 18:00:00+00:00,HTF,sell,1946.835,1962.2614114766811,1962.061411476681,1908.7689713082973,0.02,stop_loss,STRONG,297,-30.852822953362192,30.4528229533621,-1.0131350712744327,33.25800046685612,raw,1219.3791024140523,2.5,12.660000000000082,19.5,-15.426411476681096,15.22641147668105,1545.0,2023-03
2023-03-23 06:10:00+00:00,2023-04-17 14:25:00+00:00,HTF,buy,1980.015,1990.523009388871,1937.1829624445163,2087.0950938887095,0.02,stop_loss,STRONG,4515,21.01601877774192,85.66407511096759,0.24533059804262375,63.99228606506203,locked,1240.3951211917943,2.5,68.52299999999991,36.12000000000012,10.50800938887096,42.832037555483794,36495.0,2023-03
2023-04-17 16:10:00+00:00,2023-05-03 14:50:00+00:00,HTF,sell,1987.825,2020.8657222303038,2020.6657222303038,1938.5639166545443,0.02,stop_loss,WEAK,3296,-66.0814444606076,65.68144446060751,-1.0060900000492528,37.900100306507674,raw,1174.3136767311867,1.5,18.670000000000073,33.822999999999865,-33.0407222303038,32.840722230303754,22960.0,2023-04
2023-05-04 09:55:00+00:00,2023-05-05 07:20:00+00:00,HTF,buy,2037.9550000000002,2041.4328030790696,2023.2437876837218,2074.733030790696,0.02,stop_loss,STRONG,245,6.955606158138836,29.422424632556616,0.23640492736422175,58.64914335070052,locked,1181.2692828893255,2.5,21.569999999999936,6.051000000000158,3.4778030790694174,14.711212316278306,1285.0,2023-05
2023-05-05 17:00:00+00:00,2023-05-10 12:30:00+00:00,HTF,sell,2016.5639999999999,2042.479179195059,2042.279179195059,1952.276052012352,0.02,stop_loss,STRONG,774,-51.830358390118356,51.43035839011827,-1.0077775075368118,4.915384763263886,raw,1129.4389244992071,2.5,3.1599999999998545,29.180000000000064,-25.91517919505918,25.715179195059136,6930.0,2023-05
2023-05-11 16:00:00+00:00,2023-05-19 06:05:00+00:00,HTF,sell,2013.514,1964.3014958767567,2050.5689862558556,1957.9315206162164,0.02,stop_loss,WEAK,1537,98.42500824648641,74.10997251171148,1.3280939785928605,110.87846509053088,trail,1227.8639327456935,1.5,61.628999999999905,8.980000000000018,49.21250412324321,37.05498625585574,10925.0,2023-05
2023-05-23 06:40:00+00:00,2023-05-23 13:55:00+00:00,HTF,sell,1961.578,1972.3658386123454,1972.1658386123454,1945.6962420814818,0.02,stop_loss,WEAK,87,-21.575677224690935,21.175677224690844,-1.0188895965760987,47.18621224708323,raw,1206.2882555210026,1.5,7.4939999999999145,11.706000000000131,-10.787838612345467,10.587838612345422,435.0,2023-05
2023-05-24 12:30:00+00:00,2023-05-24 15:55:00+00:00,HTF,buy,1982.4850000000001,1960.3354516071765,1960.5354516071766,2004.4345483928237,0.02,stop_loss,RANGING,41,-44.29909678564718,43.89909678564709,-1.009111804781616,0.637826334712408,raw,1161.9891587353554,1.0,0.13999999999987267,22.110000000000127,-22.14954839282359,21.949548392823544,205.0,2023-05
2023-05-25 07:45:00+00:00,2023-05-25 12:35:00+00:00,HTF,sell,1960.175,1945.2511697495218,1975.0988302504782,1945.2511697495218,0.02,take_profit,RANGING,58,29.847660500956408,29.847660500956408,1.0,120.14341961190247,locked,1191.8368192363118,1.0,17.930000000000064,4.4500000000000455,14.923830250478204,14.923830250478204,290.0,2023-05
2023-05-25 13:35:00+00:00,2023-05-30 08:25:00+00:00,HTF,sell,1946.895,1944.3168943621827,1974.6760563781727,1919.1139436218273,0.02,stop_loss,RANGING,736,5.156211275634632,55.562112756345414,0.09280084971293272,53.957631401581615,locked,1196.9930305119465,1.0,14.990000000000009,10.319999999999936,2.578105637817316,27.781056378172707,6890.0,2023-05
2023-05-31 13:15:00+00:00,2023-05-31 14:00:00+00:00,HTF,buy,1963.915,1965.447231456828,1946.5926854317206,1981.2373145682793,0.02,stop_loss,RANGING,9,3.0644629136559165,34.644629136558706,0.08845419881900671,55.841267411880466,locked,1200.0574934256024,1.0,9.673000000000002,4.130999999999858,1.532231456827958,17.322314568279353,45.0,2023-05
2023-05-31 17:40:00+00:00,2023-06-02 12:50:00+00:00,HTF,buy,1968.095,1969.8531809568528,1948.5131904314708,1987.6768095685293,0.02,stop_loss,RANGING,494,3.5163619137056226,39.163619137058504,0.08978643933288258,77.72519667671945,locked,1203.573855339308,1.0,15.220000000000027,14.839999999999918,1.7581809568528115,19.581809568529252,2590.0,2023-05
2023-06-02 16:40:00+00:00,2023-06-05 14:00:00+00:00,HTF,sell,1954.0249999999999,1951.2729897654701,1973.7050682301979,1924.5048976547027,0.02,stop_loss,WEAK,244,5.504020469059469,39.360136460396006,0.1398374336074162,54.13260365117123,locked,1209.0778758083675,1.5,15.97999999999979,7.269000000000233,2.7520102345297346,19.680068230198003,4160.0,2023-06
2023-06-07 16:20:00+00:00,2023-06-23 07:30:00+00:00,HTF,sell,1943.125,1918.2877203558082,1979.688601779041,1906.561398220959,0.02,stop_loss,RANGING,3176,49.674559288383534,73.12720355808187,0.6792897426869211,90.41778815934558,trail,1258.752435096751,1.0,33.059999999999945,29.80300000000011,24.837279644191767,36.56360177904094,22510.0,2023-06
2023-06-23 12:45:00+00:00,2023-06-28 09:45:00+00:00,HTF,buy,1927.544,1907.5588705734247,1907.7588705734247,1957.2216941398633,0.02,stop_loss,WEAK,792,-39.97025885315088,39.57025885315079,-1.010108602056017,32.6642627770024,raw,1218.7821762436001,1.5,9.69399999999996,20.300000000000182,-19.98512942657544,19.785129426575395,7020.0,2023-06
2023-06-28 10:25:00+00:00,2023-06-29 13:30:00+00:00,HTF,sell,1906.395,1896.3996844345288,1916.3439481150963,1891.4715778273555,0.02,stop_loss,WEAK,313,19.990631130942347,19.8978962301926,1.004660537962251,90.32780714807951,trail,1238.7728073745425,1.5,13.480000000000018,6.849999999999909,9.995315565471174,9.9489481150963,1625.0,2023-06
2023-07-04 07:20:00+00:00,2023-07-05 13:25:00+00:00,HTF,buy,1926.538,1932.6524240691463,1919.696080230488,1936.800879654268,0.02,stop_loss,WEAK,319,12.228848138292506,13.68383953902412,0.8936708226823172,81.52682562657083,trail,1251.001655512835,1.5,8.366999999999962,5.79300000000012,6.114424069146253,6.84191976951206,1805.0,2023-07
2023-07-05 14:00:00+00:00,2023-07-05 18:15:00+00:00,HTF,buy,1924.595,1916.980845711833,1917.180845711833,1935.7162314322507,0.02,stop_loss,WEAK,51,-15.228308576334257,14.828308576334168,-1.0269754299987044,8.092628999608264,raw,1235.7733469365007,1.5,0.8999999999998636,8.269999999999982,-7.6141542881671285,7.414154288167083,255.0,2023-07
2023-07-06 08:45:00+00:00,2023-07-06 10:40:00+00:00,HTF,buy,1918.615,1922.384,1912.3458498800542,1924.8841501199458,0.02,stop_gap,RANGING,23,7.538000000000011,12.53830023989167,0.6011979180413324,87.57167869585875,trail,1243.3113469365007,1.0,5.490000000000009,2.0599999999999454,3.7690000000000055,6.269150119945834,115.0,2023-07
2023-07-06 11:45:00+00:00,2023-07-06 12:20:00+00:00,HTF,buy,1926.785,1910.6220073565885,1910.8220073565885,1942.7479926434116,0.02,stop_loss,RANGING,7,-32.3259852868232,31.925985286823106,-1.0125289790246563,4.510432448875398,raw,1210.9853616496775,1.0,0.7200000000000273,18.65000000000009,-16.1629926434116,15.962992643411553,35.0,2023-07
2023-07-11 06:45:00+00:00,2023-07-12 14:00:00+00:00,HTF,buy,1936.015,1953.417147482942,1917.7257374147098,1954.3042625852904,0.02,stop_loss,RANGING,363,34.804294965883855,36.57852517058063,0.9514953050615678,116.24306830773472,trail,1245.7896566155614,1.0,21.25999999999999,6.759999999999991,17.402147482941928,18.289262585290317,1875.0,2023-07
2023-07-12 15:55:00+00:00,2023-07-21 13:15:00+00:00,HTF,buy,1955.738,1959.8211119442599,1927.183920371601,1998.5691194425985,0.02,stop_loss,WEAK,1900,8.166223888519653,57.10815925679798,0.14299574692643538,73.88786567302469,locked,1253.955880504081,1.5,31.646999999999935,10.100000000000136,4.0831119442598265,28.554079628398995,12800.0,2023-07
2023-07-21 15:25:00+00:00,2023-07-26 11:35:00+00:00,HTF,sell,1960.278,1974.00361382476,1973.8036138247599,1939.9895792628604,0.02,stop_loss,WEAK,782,-27.45122764951975,27.05122764951966,-1.01478675959489,41.30434846838437,raw,1226.5046528545613,1.5,8.38000000000011,13.779999999999973,-13.725613824759876,13.52561382475983,6970.0,2023-07
2023-07-26 12:35:00+00:00,2023-07-27 13:30:00+00:00,HTF,buy,1973.325,1954.9421151686142,1955.1421151686143,1991.5078848313858,0.02,stop_loss,RANGING,287,-36.76576966277162,36.36576966277153,-1.0109993547148701,48.177173651120626,raw,1189.7388831917897,1.0,8.759999999999991,21.49000000000001,-18.38288483138581,18.182884831385763,1495.0,2023-07
2023-07-28 06:15:00+00:00,2023-07-31 13:30:00+00:00,HTF,sell,1951.615,1967.8249875349215,1967.6249875349215,1935.6050124650785,0.02,stop_loss,RANGING,363,-32.419975069843076,32.019975069842985,-1.0124922021059541,24.359794106605563,raw,1157.3189081219466,1.0,3.900000000000091,16.569999999999936,-16.209987534921538,16.009987534921493,4755.0,2023-07
2023-08-01 07:40:00+00:00,2023-08-01 14:35:00+00:00,HTF,sell,1955.195,1946.4874348177188,1969.2571740885949,1941.132825911405,0.02,stop_loss,RANGING,83,17.415130364562174,28.124348177189862,0.6192189861554425,83.34415379984156,trail,1174.7340384865088,1.0,11.720000000000027,2.3700000000001182,8.707565182281087,14.06217408859493,415.0,2023-08
2023-08-01 15:10:00+00:00,2023-08-04 12:40:00+00:00,HTF,sell,1942.7649999999999,1940.228285085458,1970.1321491454175,1915.3978508545822,0.02,stop_loss,RANGING,798,5.0734298290835795,54.73429829083534,0.09269196806224644,65.28630331592868,locked,1179.8074683155924,1.0,17.866999999999962,11.910000000000082,2.5367149145417898,27.36714914541767,4170.0,2023-08
2023-08-07 15:55:00+00:00,2023-08-08 13:35:00+00:00,HTF,sell,1932.225,1925.4950000000001,1944.1785940205268,1920.271405979473,0.02,stop_gap,RANGING,248,13.45999999999958,23.907188041053814,0.5630105881497166,80.05960369380269,trail,1193.267468315592,1.0,9.569999999999936,5.720000000000027,6.729999999999791,11.953594020526907,1300.0,2023-08
2023-08-08 17:20:00+00:00,2023-08-10 11:00:00+00:00,HTF,sell,1923.895,1922.5093053734388,1939.7519462656112,1908.0380537343888,0.02,stop_loss,RANGING,476,2.771389253122379,31.713892531222427,0.08738723101851775,65.5233348588218,locked,1196.0388575687143,1.0,10.389999999999873,8.360000000000127,1.3856946265611896,15.856946265611214,2500.0,2023-08
2023-08-10 11:55:00+00:00,2023-08-10 12:40:00+00:00,HTF,buy,1921.9950000000001,1923.0110852684747,1909.834147315253,1934.1558526847473,0.02,stop_loss,RANGING,9,2.032170536949252,24.32170536949434,0.08355378482210032,65.78486071156692,locked,1198.0710281056636,1.0,7.999999999999773,0.9300000000000637,1.016085268474626,12.16085268474717,45.0,2023-08
2023-08-10 14:30:00+00:00,2023-08-10 17:20:00+00:00,HTF,buy,1916.544,1917.090203114144,1909.0819688585598,1924.0060311414404,0.02,stop_loss,RANGING,34,1.0924062282879277,14.92406228288064,0.07319764602838896,67.95736849499544,locked,1199.1634343339515,1.0,5.070999999999913,3.80600000000004,0.5462031141439638,7.46203114144032,170.0,2023-08
2023-08-11 06:45:00+00:00,2023-08-14 07:40:00+00:00,HTF,sell,1915.915,1915.1325483510698,1925.7395164893016,1906.0904835106983,0.02,stop_loss,RANGING,287,1.5649032978603827,19.649032978603373,0.07964276407721792,60.77652784747287,locked,1200.7283376318119,1.0,5.971000000000004,4.900000000000091,0.7824516489301914,9.824516489301686,4375.0,2023-08
2023-08-14 12:50:00+00:00,2023-08-14 13:25:00+00:00,HTF,buy,1910.9550000000002,1906.3432486643137,1906.5432486643138,1915.3667513356866,0.02,stop_loss,RANGING,7,-9.223502671372898,8.823502671372808,-1.0453334707199513,0.0,raw,1191.504834960439,1.0,0.0,5.520000000000209,-4.611751335686449,4.411751335686404,35.0,2023-08
2023-08-14 17:40:00+00:00,2023-08-15 01:40:00+00:00,HTF,sell,1911.565,1905.633236916791,1920.756184583955,1902.373815416045,0.02,stop_loss,RANGING,84,11.863526166418069,18.38236916790993,0.64537525375827,86.71352345499886,trail,1203.368361126857,1.0,7.970000000000027,0.15999999999985448,5.9317630832090344,9.191184583954964,480.0,2023-08
2023-08-15 08:05:00+00:00,2023-08-15 12:40:00+00:00,HTF,sell,1904.555,1903.6177335606533,1915.9276643934681,1893.182335606532,0.02,stop_loss,RANGING,55,1.8745328786935715,22.74532878693617,0.08241397151270083,73.3337387920305,locked,1205.2428940055506,1.0,8.340000000000146,0.5,0.9372664393467858,11.372664393468085,275.0,2023-08
2023-08-16 06:55:00+00:00,2023-08-16 13:20:00+00:00,HTF,sell,1905.235,1902.675,1912.1180742570907,1898.351925742909,0.02,stop_gap,RANGING,77,5.119999999999891,13.766148514181623,0.37192683158440176,89.640177768584,trail,1210.3628940055505,1.0,6.169999999999845,1.8600000000001273,2.5599999999999454,6.883074257090811,385.0,2023-08
2023-08-16 16:55:00+00:00,2023-08-17 10:10:00+00:00,HTF,sell,1899.145,1898.053170539203,1912.06329460797,1886.22670539203,0.02,stop_loss,RANGING,195,2.1836589215940876,25.836589215939966,0.08451808028309217,74.31321464117376,locked,1212.5465529271446,1.0,9.599999999999909,0.44000000000005457,1.0918294607970438,12.918294607969983,1035.0,2023-08
2023-08-17 11:15:00+00:00,2023-08-17 16:25:00+00:00,HTF,sell,1897.405,1891.1337636712005,1906.7988183560021,1888.0111816439978,0.02,stop_loss,RANGING,62,12.542472657598863,18.787636712004314,0.6675918238074553,88.8882420710711,trail,1225.0890255847435,1.0,8.349999999999909,5.970000000000027,6.271236328799432,9.393818356002157,310.0,2023-08
2023-08-18 06:00:00+00:00,2023-08-21 01:35:00+00:00,HTF,buy,1893.255,1884.9611236805622,1885.1611236805622,1901.348876319438,0.02,stop_loss,RANGING,223,-16.587752638875827,16.187752638875736,-1.024710039059991,42.29123185116491,raw,1208.5012729458676,1.0,3.423000000000002,8.13000000000011,-8.293876319437913,8.093876319437868,4055.0,2023-08
2023-08-21 07:55:00+00:00,2023-08-21 12:35:00+00:00,HTF,sell,1887.845,1895.7688740425028,1895.5688740425028,1876.259188936246,0.02,stop_loss,WEAK,56,-15.847748085005605,15.447748085005514,-1.0258937417802894,9.753309403907686,raw,1192.653524860862,1.5,1.1300000000001091,7.789999999999964,-7.923874042502803,7.723874042502757,280.0,2023-08
2023-08-22 09:00:00+00:00,2023-08-23 13:40:00+00:00,HTF,buy,1899.795,1909.2439292802367,1886.8896464011837,1912.7003535988165,0.02,stop_loss,RANGING,332,18.897858560473196,25.810707197632837,0.7321712813125231,95.38677034877158,trail,1211.5513834213352,1.0,12.309999999999945,10.777000000000044,9.448929280236598,12.905353598816419,1720.0,2023-08
2023-08-23 16:00:00+00:00,2023-08-25 14:35:00+00:00,HTF,buy,1918.6280000000002,1906.687282131006,1906.887282131006,1930.3687178689943,0.02,stop_loss,RANGING,535,-23.88143573798834,23.48143573798825,-1.0170347335002592,39.15433495033465,raw,1187.669947683347,1.0,4.596999999999753,11.92300000000023,-11.94071786899417,11.740717868994125,2795.0,2023-08
2023-08-29 06:10:00+00:00,2023-08-29 11:40:00+00:00,HTF,buy,1924.815,1917.7827501117774,1917.9827501117775,1931.6472498882226,0.02,stop_loss,RANGING,66,-14.064499776445247,13.664499776445155,-1.0292729339927695,0.8781880197820829,raw,1173.6054479069016,1.0,0.05999999999994543,6.930000000000064,-7.032249888222623,6.832249888222577,330.0,2023-08
2023-08-30 12:25:00+00:00,2023-08-31 13:35:00+00:00,HTF,buy,1940.775,1941.642759262548,1933.6566049163478,1951.4525926254787,0.02,stop_loss,WEAK,290,1.7355185250958132,14.236790167304662,0.12190377920168399,76.70268277942212,locked,1175.3409664319975,1.5,8.189999999999827,0.2599999999999909,0.8677592625479065,7.118395083652331,1510.0,2023-08
2023-09-01 11:55:00+00:00,2023-09-01 12:35:00+00:00,HTF,buy,1944.565,1950.685,1938.952108926839,1952.9843366097416,0.02,stop_gap,WEAK,8,12.239999999999782,11.225782146322217,1.0903471883257454,99.05768573678554,trail,1187.5809664319972,1.5,8.339999999999918,0.4270000000001346,6.119999999999891,5.612891073161109,40.0,2023-09
2023-09-04 07:00:00+00:00,2023-09-04 10:45:00+00:00,HTF,buy,1944.545,1940.443311743942,1940.6433117439421,1950.3975323840868,0.03,stop_loss,WEAK,45,-12.305064768173906,11.70506476817377,-1.0512598615969682,0.0,raw,1175.2759016638233,1.5,0.0,4.160000000000082,-4.101688256057969,3.9016882560579234,225.0,2023-09
2023-09-04 16:15:00+00:00,2023-09-05 04:30:00+00:00,HTF,sell,1938.325,1937.8345900990719,1942.927732672854,1931.420900990719,0.02,stop_loss,WEAK,105,0.9808198018563417,9.205465345708035,0.10654755246171667,50.40483914442612,locked,1176.2567214656797,1.5,3.480000000000018,0.5,0.4904099009281708,4.602732672854017,735.0,2023-09
2023-09-05 06:35:00+00:00,2023-09-05 12:40:00+00:00,HTF,sell,1935.7549999999999,1930.0266670275873,1942.2938900919573,1925.9466648620637,0.02,stop_loss,WEAK,73,11.45666594482509,13.07778018391491,0.8760405652724061,81.02292477000387,trail,1187.7133874105048,1.5,7.946999999999889,2.3730000000000473,5.728332972412545,6.538890091957455,365.0,2023-09
2023-09-05 13:10:00+00:00,2023-09-06 13:30:00+00:00,HTF,sell,1929.975,1923.1652495265075,1939.661247632537,1920.2887523674628,0.02,stop_loss,RANGING,280,13.619500946984772,19.37249526507412,0.703032870088698,92.36807006612172,trail,1201.3328883574895,1.0,8.946999999999889,3.6900000000000546,6.809750473492386,9.68624763253706,1460.0,2023-09
2023-09-06 15:30:00+00:00,2023-09-15 01:30:00+00:00,HTF,sell,1915.465,1913.094217223882,1932.603551840787,1889.7571722388193,0.02,stop_loss,WEAK,1764,4.7415655522358975,34.27710368157432,0.13833040260005192,56.663675108312695,locked,1206.0744539097254,1.5,14.567000000000007,15.093000000000075,2.3707827761179487,17.13855184078716,12120.0,2023-09
2023-09-15 08:00:00+00:00,2023-09-19 05:20:00+00:00,HTF,buy,1917.665,1930.6413842504053,1905.9529475013512,1935.2330787479732,0.02,stop_loss,WEAK,520,25.952768500810635,23.42410499729749,1.1079513391783755,95.85567233379415,trail,1232.027222410536,1.5,16.840000000000146,1.759999999999991,12.976384250405317,11.712052498648745,5600.0,2023-09
2023-09-19 09:30:00+00:00,2023-09-20 15:40:00+00:00,HTF,buy,1934.905,1942.7925515657128,1926.5201718857095,1947.4822421714357,0.02,stop_loss,WEAK,350,15.775103131425567,16.76965622858097,0.9406932924802381,86.17946487995977,trail,1247.8023255419616,1.5,10.838999999999942,7.0499999999999545,7.8875515657127835,8.384828114290485,1810.0,2023-09
2023-09-21 11:55:00+00:00,2023-09-26 12:35:00+00:00,HTF,sell,1920.475,1905.951981876857,1930.1570120820952,1905.951981876857,0.02,take_profit,WEAK,836,29.046036246285894,19.364024164190596,1.5,105.28114659331591,locked,1276.8483617882475,1.5,15.289999999999964,8.540000000000191,14.523018123142947,9.682012082095298,7240.0,2023-09
2023-09-26 13:10:00+00:00,2023-09-27 05:40:00+00:00,HTF,sell,1907.095,1898.353626939819,1920.1881346990936,1894.0018653009065,0.02,stop_loss,RANGING,186,17.482746120362208,26.18626939818705,0.6676302704490082,88.29054512667831,trail,1294.3311079086097,1.0,11.559999999999945,2.2899999999999636,8.741373060181104,13.093134699093525,990.0,2023-09
2023-09-27 07:35:00+00:00,2023-09-27 12:30:00+00:00,HTF,sell,1897.0449999999998,1891.9355082888103,1902.8133609627005,1888.392458555949,0.02,stop_loss,WEAK,59,10.218983422379097,11.536721925401253,0.8857787756745013,85.63957824316006,trail,1304.5500913309888,1.5,7.4099999999998545,0.7100000000002638,5.109491711189548,5.768360962700626,295.0,2023-09
2023-09-27 13:55:00+00:00,2023-09-28 15:35:00+00:00,HTF,sell,1887.615,1862.889690624888,1902.7973020829604,1864.8415468755593,0.02,stop_loss,WEAK,296,49.45061875022384,30.36460416592081,1.6285612840533548,131.9518820259628,trail,1354.0007100812127,1.5,30.049999999999955,1.349999999999909,24.72530937511192,15.182302082960405,1540.0,2023-09
2023-09-28 16:55:00+00:00,2023-10-03 08:00:00+00:00,HTF,sell,1863.225,1826.080841511138,1881.3366830222758,1817.9457924443102,0.02,stop_loss,STRONG,721,74.28831697772375,36.22336604455177,2.0508396951944006,105.96475201335747,trail,1428.2890270589364,2.5,47.98000000000002,16.54000000000019,37.144158488861876,18.111683022275884,6665.0,2023-09
2023-10-03 11:00:00+00:00,2023-10-03 14:35:00+00:00,HTF,sell,1824.965,1832.3504877606513,1832.1504877606512,1807.0012805983715,0.02,stop_loss,STRONG,43,-14.770975521302718,14.370975521302626,-1.027833879433387,32.39863566045436,raw,1413.5180515376337,2.5,5.819999999999936,8.240000000000009,-7.385487760651358,7.185487760651313,215.0,2023-10
2023-10-04 14:35:00+00:00,2023-10-06 15:25:00+00:00,HTF,sell,1819.2749999999999,1834.6922376818811,1834.492237681881,1781.2319057952968,0.02,stop_loss,STRONG,562,-30.83447536376252,30.43447536376243,-1.0131429898238482,23.62320990937915,raw,1382.6835761738712,2.5,8.986999999999853,15.3900000000001,-15.41723768188126,15.217237681881215,2930.0,2023-10
2023-10-09 06:15:00+00:00,2023-10-16 02:45:00+00:00,HTF,buy,1854.1380000000001,1919.4123259071307,1827.6126518142617,1920.4513704643464,0.02,stop_loss,STRONG,1338,130.54865181426112,53.05069637147699,2.460828240596882,118.73472792690163,trail,1513.2322279881323,2.5,78.73699999999985,10.003000000000156,65.27432590713056,26.525348185738494,9870.0,2023-10
2023-10-16 06:15:00+00:00,2023-10-16 07:00:00+00:00,HTF,buy,1915.695,1908.3334775414328,1908.5334775414328,1933.5988061464177,0.02,stop_loss,STRONG,9,-14.723044917134304,14.323044917134212,-1.027927022662729,0.0,raw,1498.509183070998,2.5,0.0,7.6099999999999,-7.361522458567151,7.161522458567106,45.0,2023-10
2023-10-16 15:05:00+00:00,2023-10-18 13:55:00+00:00,HTF,buy,1920.775,1956.0907221368604,1908.266444273721,1952.046389315698,0.02,stop_loss,STRONG,538,70.63144427372072,25.01711145255831,2.8233253230559425,133.57257516867634,trail,1569.1406273447187,2.5,41.76999999999998,8.460000000000036,35.31572213686036,12.508555726279155,2810.0,2023-10
2023-10-18 15:55:00+00:00,2023-10-20 16:50:00+00:00,HTF,buy,1945.325,1984.7447206429003,1922.2444412858013,2003.0263967854971,0.02,stop_loss,STRONG,563,78.8394412858006,46.161117428397574,1.7079188216812935,89.78985412190593,trail,1647.9800686305193,2.5,51.809999999999945,0.75,39.4197206429003,23.080558714198787,2935.0,2023-10
2023-10-20 17:45:00+00:00,2023-10-22 22:00:00+00:00,HTF,buy,1982.9950000000001,1966.914,1974.0872537454986,2005.2643656362538,0.02,stop_gap,STRONG,39,-32.16200000000026,17.81549250900298,-1.805282676510197,1.4818563105484206,raw,1615.818068630519,2.5,0.32999999999992724,18.13000000000011,-16.08100000000013,8.90774625450149,3135.0,2023-10
2023-10-23 12:00:00+00:00,2023-10-24 09:15:00+00:00,HTF,buy,1978.785,1969.4424300385988,1969.6424300385988,2001.6414249035033,0.02,stop_loss,STRONG,243,-18.68513992280259,18.2851399228025,-1.0218756871256571,13.475423269401379,raw,1597.1329287077165,2.5,3.0799999999999272,12.730999999999995,-9.342569961401296,9.14256996140125,1275.0,2023-10
2023-10-25 08:00:00+00:00,2023-10-25 15:00:00+00:00,HTF,buy,1971.075,1973.2635290434994,1961.5208838260025,1994.9602904349938,0.02,stop_loss,STRONG,84,4.377058086998659,19.108232347995,0.22906661418411828,67.15430169733317,locked,1601.5099867947151,2.5,16.039999999999964,8.221000000000004,2.1885290434993294,9.5541161739975,420.0,2023-10
2023-10-25 15:30:00+00:00,2023-10-26 12:30:00+00:00,HTF,buy,1978.355,1980.438593338969,1963.1310444068733,2001.1909333896901,0.02,stop_loss,WEAK,240,4.167186677937934,30.44791118625335,0.13686280981466273,65.81732282852802,locked,1605.677173472653,1.5,15.029999999999973,1.9200000000000728,2.083593338968967,15.223955593126675,1260.0,2023-10
2023-10-27 06:45:00+00:00,2023-10-27 18:30:00+00:00,HTF,buy,1989.085,2004.3346949183663,1975.9406497278878,2008.8015254081683,0.02,stop_loss,WEAK,141,30.499389836732462,26.288700544224415,1.160171069902241,98.35911550605033,trail,1636.1765633093855,1.5,19.39300000000003,12.329999999999927,15.249694918366231,13.144350272112206,705.0,2023-10
2023-10-30 09:25:00+00:00,2023-11-01 03:10:00+00:00,HTF,buy,1995.2450000000001,1977.3989724676615,1977.5989724676615,2021.7140412985082,0.02,stop_loss,WEAK,477,-35.692055064677334,35.29205506467724,-1.0113339956901641,47.18342405814207,raw,1600.4845082447082,1.5,12.488999999999805,17.710000000000036,-17.846027532338667,17.64602753233862,2505.0,2023-10
2023-11-01 08:25:00+00:00,2023-11-01 14:00:00+00:00,HTF,sell,1977.835,1988.9105858815583,1988.7105858815582,1966.9594141184418,0.02,stop_loss,RANGING,67,-22.15117176311651,21.751171763116417,-1.0183898138618157,0.0,raw,1578.3333364815917,1.0,0.0,13.918999999999869,-11.075585881558254,10.875585881558209,335.0,2023-11
2023-11-02 06:40:00+00:00,2023-11-03 12:30:00+00:00,HTF,buy,1985.565,1996.8181570313977,1974.3118429686024,1996.8181570313977,0.02,take_profit,RANGING,346,22.506314062795354,22.506314062795354,1.0,147.78075124696258,raw,1600.839650544387,1.0,16.62999999999988,6.789999999999964,11.253157031397677,11.253157031397677,1790.0,2023-11
2023-11-03 13:15:00+00:00,2023-11-06 20:40:00+00:00,HTF,buy,2000.345,1978.316080662156,1978.5160806621561,2022.173919337844,0.02,stop_loss,RANGING,353,-44.05783867568789,43.6578386756878,-1.0091621576361463,4.7643219707947635,raw,1556.7818118686992,1.0,1.0399999999999636,22.279999999999973,-22.028919337843945,21.8289193378439,4765.0,2023-11
2023-11-07 07:00:00+00:00,2023-11-07 12:55:00+00:00,HTF,sell,1970.205,1959.4189241601407,1980.7246208007034,1959.6853791992964,0.02,stop_loss,RANGING,71,21.572151679718445,21.039241601406957,1.0253293387854747,124.4341430931099,trail,1578.3539635484176,1.0,13.089999999999918,0.25,10.786075839859222,10.519620800703478,355.0,2023-11
2023-11-07 15:20:00+00:00,2023-11-08 23:00:00+00:00,HTF,sell,1963.1879999999999,1951.5240457431564,1982.6832287157822,1943.6927712842175,0.02,stop_loss,RANGING,356,23.327908513686907,38.990457431564664,0.5982978926223583,81.36862732550534,trail,1601.6818720621045,1.0,15.862999999999829,7.767000000000053,11.663954256843454,19.495228715782332,1900.0,2023-11
2023-11-09 06:10:00+00:00,2023-11-13 16:50:00+00:00,HTF,sell,1949.695,1946.6465454817971,1971.351363454685,1917.2104548179723,0.02,stop_loss,WEAK,680,6.096909036405577,43.31272690937021,0.14076483914677237,55.96507477056527,locked,1607.77878109851,1.5,18.179999999999836,15.803000000000111,3.0484545182027887,21.656363454685106,6400.0,2023-11
2023-11-15 06:20:00+00:00,2023-11-15 13:35:00+00:00,HTF,buy,1968.595,1967.585,1960.2445270468065,1981.1207094297902,0.02,stop_gap,WEAK,87,-2.019999999999982,16.700945906387005,-0.12095123302132639,52.31639801905954,locked,1605.75878109851,1.5,6.552999999999884,3.076999999999998,-1.009999999999991,8.350472953193503,435.0,2023-11
2023-11-16 11:10:00+00:00,2023-11-16 14:20:00+00:00,HTF,buy,1966.125,1972.105,1959.7473958481037,1975.6914062278445,0.02,stop_gap,WEAK,38,11.960000000000036,12.755208303792642,0.9376561883700356,90.52511250038529,trail,1617.7187810985101,1.5,8.660000000000082,4.1099999999999,5.980000000000018,6.377604151896321,190.0,2023-11
2023-11-16 15:10:00+00:00,2023-11-27 02:00:00+00:00,HTF,buy,1982.7450000000001,2010.3394390073227,1957.5931300244088,2020.4728049633873,0.02,stop_loss,WEAK,1681,55.18887801464507,50.3037399511827,1.097112820402681,93.67096769688969,trail,1672.9076591131552,1.5,35.33999999999992,17.3900000000001,27.594439007322535,25.151869975591353,15050.0,2023-11
2023-11-27 07:10:00+00:00,2023-11-29 02:20:00+00:00,HTF,buy,2010.9550000000002,2045.9172872299212,1991.7959574330719,2039.6935638503926,0.02,stop_loss,WEAK,494,69.924574459842,38.318085133856584,1.8248452190545132,142.352276936904,trail,1742.8322335729972,1.5,40.90999999999963,5.347000000000207,34.962287229921,19.159042566928292,2590.0,2023-11
2023-11-29 06:50:00+00:00,2023-12-01 19:35:00+00:00,HTF,buy,2045.025,2067.9925539106453,2026.050179702149,2073.4872304467767,0.02,stop_loss,WEAK,705,45.93510782129033,37.94964059570202,1.210422736559268,106.24606548860433,trail,1788.7673413942875,1.5,30.23999999999978,13.767000000000053,22.967553910645165,18.97482029785101,3645.0,2023-11
2023-12-04 16:45:00+00:00,2024-03-04 15:20:00+00:00,HTF,sell,2023.805,2101.636053129511,2101.436053129511,1829.7273671762227,0.02,stop_loss,STRONG,17309,-155.66210625902158,155.26210625902195,-1.0025762886362775,26.211160585511738,raw,1633.105235135266,2.5,50.87000000000012,79.02999999999997,-77.83105312951079,77.63105312951097,130955.0,2023-12
2024-03-05 07:25:00+00:00,2024-03-05 13:35:00+00:00,HTF,buy,2115.5049999999997,2136.611393661398,2109.411787322794,2130.738031693013,0.02,stop_loss,STRONG,74,42.21278732279643,12.186425354410858,3.463918753461004,172.27693428903444,trail,1675.3180224580624,2.5,26.243000000000393,1.2869999999998072,21.106393661398215,6.093212677205429,370.0,2024-03
2024-03-05 15:10:00+00:00,2024-03-08 13:50:00+00:00,HTF,buy,2135.2349999999997,2172.907456939137,2115.319913878273,2185.0227153043165,0.02,stop_loss,STRONG,812,75.34491387827438,39.83017224345349,1.8916542318156335,100.56697660046841,trail,1750.6629363363368,2.5,50.070000000000164,11.669999999999618,37.67245693913719,19.915086121726745,4240.0,2024-03
2024-03-08 15:55:00+00:00,2024-03-12 13:35:00+00:00,HTF,buy,2177.3149999999996,2156.844545430806,2157.044545430806,2227.991136422984,0.02,stop_loss,STRONG,536,-40.940909138386814,40.54090913838718,-1.0098665769589485,35.06581451213562,raw,1709.72202719795,2.5,17.770000000000437,21.1599999999994,-20.470454569193407,20.27045456919359,5620.0,2024-03
2024-03-13 16:20:00+00:00,2024-03-14 15:40:00+00:00,HTF,buy,2173.6349999999998,2155.0886998045858,2155.2886998045856,2219.5007504885352,0.02,stop_loss,STRONG,268,-37.09260039082801,36.692600390828375,-1.0109013805437355,13.321487024457113,raw,1672.629426807122,2.5,6.110000000000127,20.9699999999998,-18.546300195414005,18.346300195414187,1400.0,2024-03
2024-03-19 13:35:00+00:00,2024-03-20 18:00:00+00:00,HTF,sell,2153.3450000000003,2166.856834485067,2166.656834485067,2140.0331655149334,0.02,stop_loss,RANGING,329,-27.023668970133258,26.623668970133625,-1.015024225265434,38.01128992158592,raw,1645.6057578369887,1.0,5.0600000000004,17.552999999999884,-13.511834485066629,13.31183448506681,1705.0,2024-03
2024-03-21 06:05:00+00:00,2024-03-21 14:25:00+00:00,HTF,buy,2209.575,2176.949393500403,2177.1493935004028,2258.2134097493954,0.02,stop_loss,WEAK,100,-65.25121299919374,64.8512129991941,-1.0061679648151625,4.338135253335144,raw,1580.354544837795,1.5,2.1100000000001273,33.13999999999987,-32.62560649959687,32.42560649959705,500.0,2024-03
2024-03-21 14:55:00+00:00,2024-03-26 13:40:00+00:00,HTF,buy,2176.7549999999997,2180.569192704891,2149.993715300725,2216.8969270489115,0.02,stop_loss,WEAK,813,7.6283854097828225,53.52256939854942,0.14252651723386,57.89457982842461,locked,1587.9829302475778,1.5,23.240000000000236,19.7199999999998,3.8141927048914113,26.76128469927471,7125.0,2024-03
2024-03-27 13:20:00+00:00,2024-03-28 10:20:00+00:00,HTF,buy,2186.9049999999997,2204.9383546192666,2174.8827635871553,2204.9383546192666,0.02,take_profit,WEAK,240,36.066709238533804,24.0444728256889,1.5000000000000189,118.55808556638507,locked,1624.0496394861116,1.5,21.38000000000011,1.5669999999995525,18.033354619266902,12.02223641284445,1260.0,2024-03
2024-03-28 11:20:00+00:00,2024-04-01 09:25:00+00:00,HTF,buy,2212.105,2252.1078547384855,2185.5507094769705,2278.490726307574,0.02,stop_loss,STRONG,253,80.00570947697088,53.108581046059044,1.5064554145701046,80.5594861645712,trail,1704.0553489630825,2.5,53.48000000000002,10.010999999999967,40.00285473848544,26.554290523029522,5645.0,2024-03
2024-04-01 14:55:00+00:00,2024-04-03 01:10:00+00:00,HTF,buy,2236.015,2276.948064372191,2213.941128744381,2291.199678139047,0.02,stop_loss,STRONG,387,81.86612874438197,44.14774251123799,1.8543672697090368,94.53711022568403,trail,1785.9214777074644,2.5,52.17000000000007,2.4099999999998545,40.933064372190984,22.073871255618997,2055.0,2024-04
2024-04-03 10:25:00+00:00,2024-04-03 23:45:00+00:00,HTF,buy,2271.325,2296.407828237327,2259.4306564746544,2301.0608588133637,0.02,stop_loss,STRONG,148,50.1656564746545,23.788687050690896,2.1088030780243305,105.02471173277388,trail,1836.087134182119,2.5,31.230000000000018,5.919999999999618,25.08282823732725,11.894343525345448,800.0,2024-04
2024-04-04 17:40:00+00:00,2024-04-05 01:05:00+00:00,HTF,buy,2291.225,2278.5778113747856,2278.7778113747854,2322.3429715630364,0.02,stop_loss,STRONG,77,-25.294377250428624,24.894377250428988,-1.0160678853692853,45.632794448812234,raw,1810.7927569316903,2.5,14.200000000000273,13.451000000000022,-12.647188625214312,12.447188625214494,445.0,2024-04
2024-04-05 07:10:00+00:00,2024-04-05 14:50:00+00:00,HTF,buy,2284.645,2315.8869747871045,2267.642949574208,2327.1501260644795,0.02,stop_loss,STRONG,92,62.483949574208964,34.004100851583644,1.8375415908490036,93.97219511690746,trail,1873.2767065058993,2.5,39.94300000000021,4.4099999999998545,31.241974787104482,17.002050425791822,460.0,2024-04
2024-04-08 06:55:00+00:00,2024-04-09 15:50:00+00:00,HTF,buy,2336.258,2341.697828184261,2313.698687262956,2392.6562818426096,0.02,stop_loss,STRONG,383,10.879656368522774,45.11862547408782,0.24113448169583743,51.29056959700736,locked,1884.156362874422,2.5,28.927000000000135,17.682999999999538,5.439828184261387,22.55931273704391,1975.0,2024-04
2024-04-10 07:00:00+00:00,2024-04-10 09:30:00+00:00,HTF,buy,2356.395,2346.6791328470117,2346.8791328470115,2380.1846678824713,0.02,stop_loss,STRONG,30,-19.431734305976534,19.031734305976897,-1.0210175275447186,4.876066390378502,raw,1864.7246285684455,2.5,1.1599999999998545,11.059999999999945,-9.715867152988267,9.515867152988449,150.0,2024-04
2024-04-10 15:30:00+00:00,2024-04-12 03:35:00+00:00,HTF,buy,2341.295,2385.2013730226827,2308.4162434089417,2390.6131348865874,0.02,stop_loss,WEAK,409,87.8127460453652,65.75751318211678,1.3354024779216636,109.4323622012672,trail,1952.5373746138107,1.5,53.9699999999998,15.639999999999873,43.9063730226826,32.87875659105839,2165.0,2024-04
2024-04-12 06:35:00+00:00,2024-04-12 14:20:00+00:00,HTF,buy,2391.245,2413.091477727749,2368.623259092496,2425.177611361256,0.02,stop_loss,WEAK,93,43.69295545549812,45.243481815007726,0.9657292874617956,84.97135600038543,trail,1996.2303300693088,1.5,28.833000000000084,0.9299999999998363,21.84647772774906,22.621740907503863,465.0,2024-04
2024-04-12 14:55:00+00:00,2024-04-12 16:15:00+00:00,HTF,buy,2426.775,2379.4662593444455,2379.6662593444453,2497.438110983332,0.02,stop_loss,WEAK,16,-94.61748131110926,94.21748131110962,-1.0042454966364345,6.5239131646603195,raw,1901.6128487581996,1.5,4.610000000000127,47.69999999999982,-47.30874065555463,47.10874065555481,80.0,2024-04
2024-04-17 11:50:00+00:00,2024-04-17 16:40:00+00:00,HTF,buy,2387.935,2366.965273701677,2367.1652737016766,2408.7047262983233,0.02,stop_loss,RANGING,58,-41.93945259664633,41.5394525966467,-1.0096293998836163,36.172840662837295,raw,1859.6733961615532,1.0,7.51299999999992,23.32699999999977,-20.969726298323167,20.76972629832335,290.0,2024-04
2024-04-18 13:05:00+00:00,2024-04-19 01:30:00+00:00,HTF,buy,2384.085,2402.7695330757188,2365.4004669242813,2402.7695330757188,0.02,take_profit,RANGING,137,37.36906615143744,37.36906615143744,1.0,136.6370778254929,locked,1897.0424623129907,1.0,25.529999999999745,14.61700000000019,18.68453307571872,18.68453307571872,745.0,2024-04
2024-04-19 06:10:00+00:00,2024-04-19 19:55:00+00:00,HTF,buy,2383.575,2386.470284777529,2352.622152224714,2414.527847775286,0.02,stop_loss,RANGING,165,5.790569555058028,61.90569555057209,0.09353855898973927,59.02526362885393,locked,1902.8330318680487,1.0,18.270000000000437,10.769999999999982,2.895284777529014,30.952847775286045,825.0,2024-04
2024-04-22 06:40:00+00:00,2024-04-22 13:45:00+00:00,HTF,sell,2359.105,2338.908069996067,2392.5203499803356,2325.6896500196644,0.02,stop_loss,RANGING,85,40.39386000786635,66.83069996067115,0.6044207232849202,84.2127944688888,trail,1943.226891875915,1.0,28.139999999999873,4.460000000000036,20.196930003933176,33.41534998033558,425.0,2024-04
2024-04-22 15:20:00+00:00,2024-04-23 13:50:00+00:00,HTF,sell,2334.415,2328.5514621326843,2395.0503786731565,2273.7796213268434,0.02,stop_loss,RANGING,258,11.727075734631399,121.27075734631308,0.09670159559688715,71.16307499717607,locked,1954.9539676105464,1.0,43.15000000000009,3.369999999999891,5.863537867315699,60.63537867315654,1350.0,2024-04
2024-04-26 12:05:00+00:00,2024-04-26 14:50:00+00:00,HTF,buy,2344.825,2330.705217799807,2330.905217799807,2358.7447822001927,0.02,stop_loss,RANGING,33,-28.239564400385465,27.839564400385825,-1.014368040902037,47.43608703811871,raw,1926.714403210161,1.0,6.6030000000000655,16.2199999999998,-14.11978220019273,13.919782200192913,165.0,2024-04
2024-04-29 06:00:00+00:00,2024-04-30 09:20:00+00:00,HTF,sell,2329.6850000000004,2315.459611836681,2349.9430591834052,2309.4269408165956,0.02,stop_loss,RANGING,316,28.450776326639243,40.51611836680968,0.7022088362232098,94.48091659086269,trail,1955.1651795368002,1.0,19.140000000000327,16.899999999999636,14.225388163319622,20.25805918340484,1640.0,2024-04
2024-04-30 09:55:00+00:00,2024-04-30 23:00:00+00:00,HTF,sell,2314.478,2292.431245721571,2347.659228607854,2281.296771392146,0.02,stop_loss,RANGING,145,44.09350855685807,66.36245721570776,0.6644345373399057,88.91473052030659,trail,1999.2586880936583,1.0,29.503000000000156,3.4169999999999163,22.046754278429034,33.18122860785388,785.0,2024-04
2024-05-01 07:00:00+00:00,2024-05-01 12:10:00+00:00,HTF,sell,2287.405,2297.7679597720694,2297.5679597720696,2272.160560341896,0.02,stop_loss,WEAK,62,-20.725919544138378,20.325919544138742,-1.0196793064702936,26.501466046688865,raw,1978.53276854952,1.5,4.040000000000418,10.552999999999884,-10.362959772069189,10.162959772069371,310.0,2024-05
2024-05-02 13:50:00+00:00,2024-05-09 14:20:00+00:00,HTF,sell,2288.815,2335.748982970486,2335.548982970486,2242.081017029514,0.02,stop_loss,RANGING,1386,-93.86796594097177,93.46796594097214,-1.0042795410809757,24.92832679670684,raw,1884.6648026085481,1.0,11.650000000000091,49.15299999999979,-46.933982970485886,46.73398297048607,10110.0,2024-05
2024-05-09 16:35:00+00:00,2024-05-10 12:20:00+00:00,HTF,buy,2332.365,2370.722923811574,2298.38961905787,2366.3403809421297,0.02,stop_loss,RANGING,225,76.71584762314887,67.95076188425992,1.1289917212969365,135.39215374318096,trail,1961.380650231697,1.0,46.0,3.289999999999509,38.35792381157444,33.97538094212996,1185.0,2024-05
2024-05-10 13:15:00+00:00,2024-05-13 06:10:00+00:00,HTF,buy,2367.845,2350.597651511532,2350.797651511532,2393.4160227327015,0.02,stop_loss,WEAK,191,-34.4946969769353,34.094696976935666,-1.011732029771968,19.666792574428655,raw,1926.8859532547617,1.5,5.029000000000451,18.129999999999654,-17.24734848846765,17.047348488467833,3895.0,2024-05
2024-05-13 11:30:00+00:00,2024-05-14 14:05:00+00:00,HTF,buy,2341.935,2353.5762831424904,2331.405943808301,2357.7285842875485,0.02,stop_loss,WEAK,307,23.28256628498093,21.05811238339811,1.1056340597430063,94.97527430695872,trail,1950.1685195397426,1.5,15.0,9.949999999999818,11.641283142490465,10.529056191699055,1595.0,2024-05
2024-05-15 11:20:00+00:00,2024-05-15 12:30:00+00:00,HTF,buy,2365.705,2376.965037653169,2358.1983082312204,2376.965037653169,0.02,take_profit,WEAK,14,22.520075306338185,15.013383537559093,1.4999999999999698,116.25183150534153,raw,1972.6885948460808,1.5,13.090000000000146,7.121999999999844,11.260037653169093,7.506691768779547,70.0,2024-05
2024-05-15 16:55:00+00:00,2024-05-20 06:30:00+00:00,HTF,buy,2383.738,2436.7632476164067,2340.4988253880224,2448.596761917966,0.02,stop_loss,WEAK,703,106.05049523281377,86.47834922395487,1.2263242324176713,102.14040176065957,trail,2078.7390900788946,1.5,66.2470000000003,12.892999999999574,53.02524761640689,43.23917461197743,6575.0,2024-05
2024-05-20 07:40:00+00:00,2024-05-20 12:10:00+00:00,HTF,buy,2439.305,2420.4800060574776,2420.6800060574774,2485.867484856306,0.02,stop_loss,STRONG,54,-37.64998788504454,37.2499878850449,-1.0107382585259908,16.5583946470929,raw,2041.08910219385,2.5,7.710000000000036,18.829999999999927,-18.82499394252227,18.62499394252245,270.0,2024-05
2024-05-21 11:30:00+00:00,2024-05-22 14:05:00+00:00,HTF,buy,2419.845,2403.444581675823,2403.644581675823,2460.3460458104423,0.02,stop_loss,STRONG,307,-32.80083664835365,32.400836648354016,-1.0123453602245163,34.549725124363405,raw,2008.2882655454964,2.5,13.993000000000393,20.249999999999545,-16.400418324176826,16.200418324177008,1595.0,2024-05
2024-05-23 07:35:00+00:00,2024-05-27 13:45:00+00:00,HTF,sell,2361.195,2356.1151015916785,2396.394322722144,2308.3960159167846,0.02,stop_loss,WEAK,626,10.159796816643393,70.39864544428747,0.14431807249308112,68.05055177457888,locked,2018.4480623621398,1.5,35.93000000000029,8.509999999999764,5.0798984083216965,35.199322722143734,6130.0,2024-05
2024-05-27 16:10:00+00:00,2024-05-28 06:20:00+00:00,HTF,buy,2353.7349999999997,2342.468254094194,2342.668254094194,2370.3351188587085,0.02,stop_loss,WEAK,128,-22.533491811611384,22.133491811611748,-1.0180721597569973,15.017964758080673,raw,1995.9145705505284,1.5,2.493000000000393,11.816999999999553,-11.266745905805692,11.066745905805874,850.0,2024-05
2024-05-28 10:00:00+00:00,2024-05-28 12:25:00+00:00,HTF,sell,2343.165,2355.67492593861,2355.4749259386103,2324.7001110920846,0.02,stop_loss,WEAK,29,-25.01985187722039,24.619851877220754,-1.016247051444275,0.3790978670318568,raw,1970.894718673308,1.5,0.06999999999970896,13.079999999999927,-12.509925938610195,12.309925938610377,145.0,2024-05
2024-05-29 12:50:00+00:00,2024-05-31 12:55:00+00:00,HTF,sell,2335.8750000000005,2356.814532461523,2356.614532461523,2304.7657013077164,0.02,stop_loss,WEAK,553,-41.87906492304501,41.47906492304537,-1.0096434189329422,43.12858394113577,raw,1929.015653750263,1.5,13.417000000000371,20.799999999999727,-20.939532461522504,20.739532461522685,2885.0,2024-05
2024-05-31 16:55:00+00:00,2024-06-03 10:40:00+00:00,HTF,sell,2332.565,2330.3011908581443,2357.2030914185543,2307.926908581446,0.02,stop_loss,RANGING,201,4.52761828371149,49.276182837108536,0.09188248811151552,72.77349408037851,locked,1933.5432720339745,1.0,17.929999999999836,1.1230000000000473,2.263809141855745,24.638091418554268,3945.0,2024-05
2024-06-03 16:05:00+00:00,2024-06-06 01:40:00+00:00,HTF,buy,2343.305,2366.077264954761,2309.5513247738068,2377.058675226193,0.02,stop_loss,RANGING,655,45.54452990952268,67.50735045238616,0.674660308904374,88.0585589593358,trail,1979.0878019434972,1.0,29.722999999999956,27.79699999999957,22.77226495476134,33.75367522619308,3455.0,2024-06
2024-06-06 12:35:00+00:00,2024-06-06 13:35:00+00:00,HTF,buy,2358.355,2359.592207249262,2348.773618338252,2372.727072492622,0.02,stop_loss,WEAK,12,2.474414498524311,19.16276332349571,0.12912618377384016,58.377106045818586,locked,1981.5622164420215,1.5,8.389999999999873,5.050000000000182,1.2372072492621555,9.581381661747855,60.0,2024-06
2024-06-07 06:55:00+00:00,2024-06-07 08:05:00+00:00,HTF,buy,2375.495,2357.387884185017,2357.5878841850167,2402.3556737224744,0.02,stop_loss,WEAK,14,-36.21423162996598,35.81423162996634,-1.0111687444290987,13.923701388290011,raw,1945.3479848120555,1.5,3.7400000000002365,22.649999999999636,-18.10711581498299,17.90711581498317,70.0,2024-06
2024-06-10 16:05:00+00:00,2024-06-12 13:20:00+00:00,HTF,buy,2308.325,2335.661753088665,2289.5475102955506,2336.4912345566736,0.02,stop_loss,WEAK,519,54.67350617733063,37.55497940889836,1.4558257530125596,117.7651202657499,trail,2000.0214909893862,1.5,33.17000000000007,10.729999999999563,27.33675308866532,18.77748970444918,2715.0,2024-06
2024-06-12 16:00:00+00:00,2024-06-13 15:45:00+00:00,HTF,buy,2333.8779999999997,2301.186459682606,2301.3864596826056,2366.369540317394,0.02,stop_loss,RANGING,273,-65.3830806347878,64.98308063478817,-1.0061554484042958,17.019814837894156,raw,1934.6384103545984,1.0,5.5300000000002,32.60299999999961,-32.6915403173939,32.49154031739408,1425.0,2024-06
2024-06-14 15:15:00+00:00,2024-06-18 10:25:00+00:00,HTF,buy,2329.6879999999996,2308.9781270465287,2309.1781270465285,2350.197872953471,0.02,stop_loss,RANGING,494,-41.4197459069419,41.01974590694226,-1.0097514012131397,28.118165398115064,raw,1893.2186644476565,1.0,5.76700000000028,21.83999999999969,-20.70987295347095,20.50987295347113,5470.0,2024-06
2024-06-19 17:10:00+00:00,2024-06-20 05:45:00+00:00,HTF,buy,2330.055,2341.6014609409826,2315.3723047049134,2344.7376952950863,0.02,stop_loss,RANGING,109,23.092921881965594,29.36539059017286,0.7863992754005339,100.00207526552474,trail,1916.311586329622,1.0,14.682999999999993,2.6299999999996544,11.546460940982797,14.682695295086432,755.0,2024-06
2024-06-20 06:25:00+00:00,2024-06-20 15:10:00+00:00,HTF,buy,2344.4179999999997,2360.09763356762,2321.516167838098,2367.319832161901,0.02,stop_loss,RANGING,105,31.35926713524077,45.80366432380288,0.6846453793205414,91.50796255883645,trail,1947.6708534648628,1.0,20.957000000000335,12.942999999999756,15.679633567620385,22.90183216190144,525.0,2024-06
2024-06-20 15:55:00+00:00,2024-06-21 17:00:00+00:00,HTF,buy,2353.795,2321.4366060048437,2321.6366060048435,2402.032590992735,0.02,stop_loss,WEAK,289,-64.7167879903127,64.31678799031306,-1.0062192160476031,30.60476217028199,raw,1882.9540654745501,1.5,14.76299999999992,32.88000000000011,-32.35839399515635,32.15839399515653,1505.0,2024-06
2024-06-24 08:05:00+00:00,2024-06-26 01:35:00+00:00,HTF,buy,2330.5649999999996,2313.9461836736014,2314.146183673601,2355.193224489597,0.02,stop_loss,WEAK,474,-33.23763265279649,32.837632652796856,-1.012181146071916,26.201645200717078,raw,1849.7164328217536,1.5,6.453000000000429,18.536999999999807,-16.618816326398246,16.418816326398428,2490.0,2024-06
2024-06-26 10:55:00+00:00,2024-06-27 08:40:00+00:00,HTF,sell,2307.9750000000004,2306.092746695399,2328.7975330460117,2287.152466953989,0.02,stop_loss,RANGING,249,3.7645066092027264,41.64506609202272,0.09039502064624728,69.68892770123404,locked,1853.4809394309564,1.0,14.511000000000422,9.752999999999702,1.8822533046013632,20.82253304601136,1305.0,2024-06
2024-06-28 08:10:00+00:00,2024-06-28 13:30:00+00:00,HTF,buy,2328.535,2329.8799159552823,2313.0858404471755,2343.984159552824,0.02,stop_loss,RANGING,64,2.6898319105648625,30.898319105648625,0.08705431196330435,71.84856860366321,locked,1856.1707713415212,1.0,11.100000000000364,1.6169999999997344,1.3449159552824312,15.449159552824312,320.0,2024-06
2024-06-28 16:55:00+00:00,2024-07-03 08:50:00+00:00,HTF,buy,2330.098,2342.8895085299787,2310.1755426498926,2350.0204573501073,0.02,stop_loss,RANGING,731,25.58301705995746,39.84491470021476,0.642064796786215,87.03745574793105,trail,1881.7537884014787,1.0,17.340000000000146,11.702999999999975,12.791508529978728,19.92245735010738,6715.0,2024-06
2024-07-03 09:50:00+00:00,2024-07-05 12:30:00+00:00,HTF,buy,2345.685,2348.511139770529,2315.423602294709,2375.946397705291,0.02,stop_loss,RANGING,554,5.652279541058306,60.522795410582155,0.0933909199453472,100.25974442910591,locked,1887.406067942537,1.0,30.340000000000146,3.349999999999909,2.826139770529153,30.261397705291074,3040.0,2024-07
2024-07-05 16:05:00+00:00,2024-07-08 15:30:00+00:00,HTF,buy,2386.2279999999996,2365.878460155404,2366.0784601554037,2416.4523097668934,0.02,stop_loss,WEAK,269,-40.69907968919142,40.299079689191785,-1.0099257849827998,21.7937152272556,raw,1846.7069882533456,1.5,6.587000000000444,20.553999999999633,-20.34953984459571,20.149539844595893,4285.0,2024-07
2024-07-09 06:30:00+00:00,2024-07-09 15:00:00+00:00,HTF,buy,2364.335,2352.9987630015657,2353.1987630015656,2381.0393554976517,0.02,stop_loss,WEAK,102,-22.672473996868575,22.27247399686894,-1.0179593878998745,42.04292707364514,raw,1824.034514256477,1.5,7.023000000000138,11.637000000000171,-11.336236998434288,11.13623699843447,510.0,2024-07
2024-07-10 08:35:00+00:00,2024-07-10 14:40:00+00:00,HTF,buy,2372.795,2374.431286277111,2360.5530914859255,2391.157862771112,0.02,stop_loss,WEAK,73,3.272572554222279,24.483817028149133,0.1336626781052885,74.89572933930374,locked,1827.3070868106993,1.5,13.752999999999702,1.2100000000000364,1.6362862771111395,12.241908514074566,365.0,2024-07
2024-07-11 06:55:00+00:00,2024-07-11 12:30:00+00:00,HTF,buy,2381.9249999999997,2394.04305361912,2369.8069463808793,2394.04305361912,0.02,take_profit,RANGING,67,24.236107238240947,24.236107238240947,1.0,157.7811140382466,raw,1851.5431940489402,1.0,19.120000000000346,4.256999999999607,12.118053619120474,12.118053619120474,335.0,2024-07
2024-07-12 16:05:00+00:00,2024-07-17 03:20:00+00:00,HTF,buy,2413.0679999999998,2466.9332020693096,2385.084404138618,2483.0269896534537,0.02,stop_loss,STRONG,399,107.73040413861963,55.967191722763346,1.924884933878196,98.99656976618618,trail,1959.2735981875599,2.5,69.25700000000052,11.842999999999847,53.86520206930982,27.983595861381673,6435.0,2024-07
2024-07-17 07:45:00+00:00,2024-07-19 07:40:00+00:00,HTF,buy,2471.298,2413.704167062575,2413.9041670625747,2614.7825823435624,0.02,stop_loss,STRONG,551,-115.1876658748497,114.78766587485008,-1.003484694953513,8.537502636114825,raw,1844.0859323127102,2.5,12.25,58.54999999999973,-57.59383293742485,57.39383293742503,2875.0,2024-07
2024-07-19 09:15:00+00:00,2024-07-30 17:00:00+00:00,HTF,sell,2418.518,2408.8784274155087,2457.8762903379643,2320.122274155089,0.02,stop_loss,STRONG,2025,19.279145168982723,78.71658067592853,0.24491847846330897,66.58114408674624,locked,1863.3650774816929,2.5,65.51299999999992,13.427000000000135,9.639572584491361,39.35829033796426,16305.0,2024-07
2024-08-01 06:00:00+00:00,2024-08-02 12:40:00+00:00,HTF,buy,2447.6279999999997,2470.797724929986,2425.9737497666183,2480.109375350072,0.02,stop_loss,WEAK,356,46.339449859972774,43.30850046676278,1.069985092084546,91.94807694599102,trail,1909.7045273416657,1.5,29.86600000000044,17.55299999999943,23.169724929986387,21.65425023338139,1840.0,2024-08
2024-08-05 12:20:00+00:00,2024-08-12 17:45:00+00:00,HTF,sell,2369.5350000000003,2468.581381965307,2468.3813819653074,2221.2654270520397,0.02,stop_loss,WEAK,1445,-198.09276393061373,197.6927639306141,-1.0020233416339914,3.6224559720592167,raw,1711.611763411052,1.5,5.371000000000095,98.94999999999982,-99.04638196530686,98.84638196530705,10405.0,2024-08
2024-08-13 08:55:00+00:00,2024-08-13 13:20:00+00:00,HTF,buy,2460.718,2462.427057194631,2447.9909520357955,2479.808571946306,0.02,stop_loss,WEAK,53,3.4181143892619734,25.454095928408606,0.13428543676725566,60.899170714734296,locked,1715.029877800314,1.5,11.626000000000204,1.9429999999997563,1.7090571946309865,12.727047964204303,265.0,2024-08
2024-08-15 12:25:00+00:00,2024-08-15 12:55:00+00:00,HTF,buy,2467.4649999999997,2443.6666166705377,2443.8666166705375,2491.063383329462,0.02,stop_loss,RANGING,6,-47.596766658924025,47.19676665892439,-1.0084751568447539,0.0,raw,1667.4331111413899,1.0,0.0,26.55699999999979,-23.798383329462013,23.598383329462195,30.0,2024-08
2024-08-16 15:45:00+00:00,2024-08-19 10:35:00+00:00,HTF,buy,2489.705,2492.754280943549,2457.2121905645104,2522.1978094354895,0.02,stop_loss,RANGING,214,6.098561887098185,64.98561887097912,0.09384479201784818,62.45381779094649,locked,1673.531673028488,1.0,20.29300000000012,1.349999999999909,3.0492809435490926,32.49280943548956,4010.0,2024-08
2024-08-20 06:30:00+00:00,2024-08-20 08:10:00+00:00,HTF,buy,2503.9249999999997,2517.5245708034167,2485.522854017081,2522.3271459829184,0.02,stop_loss,RANGING,20,27.199141606834022,36.804291965837365,0.7390209172365256,94.98892148897107,trail,1700.730814635322,1.0,17.480000000000473,2.8499999999994543,13.59957080341701,18.402145982918682,100.0,2024-08
2024-08-20 08:40:00+00:00,2024-08-22 13:30:00+00:00,HTF,buy,2519.2349999999997,2484.958761882075,2485.158761882075,2553.3112381179244,0.02,stop_loss,RANGING,610,-68.5524762358491,68.15247623584946,-1.005869192465075,36.16302937359214,raw,1632.178338399473,1.0,12.32300000000032,35.486999999999625,-34.27623811792455,34.07623811792473,3170.0,2024-08
2024-08-22 14:05:00+00:00,2024-08-26 08:00:00+00:00,HTF,sell,2480.415,2523.464423704042,2523.264423704042,2437.5655762959577,0.02,stop_loss,RANGING,479,-86.09884740808411,85.69884740808448,-1.0046675073480849,22.66074817497262,raw,1546.0794909913889,1.0,9.710000000000036,44.61000000000013,-43.049423704042056,42.84942370404224,5395.0,2024-08
2024-08-26 11:00:00+00:00,2024-08-26 14:00:00+00:00,HTF,buy,2525.125,2511.6755531604426,2511.8755531604425,2538.3744468395575,0.02,stop_loss,RANGING,36,-26.89889367911474,26.4988936791151,-1.0150949698067921,11.947668602087438,raw,1519.1805973122741,1.0,1.5830000000000837,14.577000000000226,-13.449446839557368,13.24944683955755,180.0,2024-08
2024-08-26 14:50:00+00:00,2024-08-27 07:55:00+00:00,HTF,buy,2517.9249999999997,2505.2724574684735,2505.4724574684733,2530.377542531526,0.02,stop_loss,RANGING,193,-25.305085063052502,24.905085063052866,-1.0160609770650029,42.80250387827449,raw,1493.8755122492216,1.0,5.330000000000382,13.466999999999643,-12.652542531526251,12.452542531526433,1025.0,2024-08
2024-08-28 11:10:00+00:00,2024-08-28 13:00:00+00:00,HTF,sell,2503.945,2502.400401967054,2521.3909803294578,2486.4990196705426,0.02,stop_loss,RANGING,22,3.089196065891884,34.891960658915195,0.08853604118410491,59.784545224949035,locked,1496.9647083151135,1.0,10.430000000000291,1.3899999999998727,1.5445980329459417,17.445980329457598,110.0,2024-08
2024-08-28 13:40:00+00:00,2024-08-29 09:50:00+00:00,HTF,sell,2503.6150000000002,2521.9104116106037,2521.710411610604,2485.5195883893966,0.02,stop_loss,RANGING,230,-36.59082322120685,36.19082322120721,-1.0110525255961915,40.45224368209877,raw,1460.3738850939067,1.0,7.320000000000164,20.679999999999836,-18.295411610603423,18.095411610603605,1210.0,2024-08
2024-08-29 10:55:00+00:00,2024-08-30 16:40:00+00:00,HTF,buy,2523.1679999999997,2497.5602309424676,2497.7602309424674,2548.575769057532,0.02,stop_loss,RANGING,345,-51.2155381150642,50.81553811506455,-1.0078716080718049,21.213983753533967,raw,1409.1583469788425,1.0,5.390000000000327,26.48299999999972,-25.607769057532096,25.407769057532278,1785.0,2024-08
2024-09-03 14:20:00+00:00,2024-09-05 08:20:00+00:00,HTF,sell,2476.505,2510.260242197574,2510.060242197574,2426.172136703639,0.02,stop_loss,WEAK,480,-67.51048439514761,67.11048439514798,-1.0059603205610084,9.510684841858254,raw,1341.6478625836949,1.5,4.787000000000262,36.13999999999987,-33.75524219757381,33.55524219757399,2520.0,2024-09
2024-09-05 10:50:00+00:00,2024-09-12 16:25:00+00:00,HTF,buy,2515.085,2544.5069717328056,2482.991572442684,2563.2251413359736,0.02,stop_loss,WEAK,1447,58.84394346561111,64.18685511463173,0.9167600338187831,82.98687725319675,trail,1400.491806049306,1.5,39.94999999999982,30.070000000000164,29.42197173280556,32.09342755731586,10415.0,2024-09
2024-09-13 15:50:00+00:00,2024-09-18 18:40:00+00:00,HTF,buy,2581.178,2584.135852637766,2560.1256490815585,2612.756526377662,0.02,stop_loss,WEAK,862,5.915705275532673,42.10470183688267,0.1404998733502647,59.58796105606361,locked,1406.4075113248387,1.5,18.817000000000007,20.19399999999996,2.9578526377663366,21.052350918441334,7370.0,2024-09
2024-09-19 09:00:00+00:00,2024-09-25 07:05:00+00:00,HTF,buy,2586.098,2652.3968061334294,2550.5956122668586,2674.8539693328535,0.02,stop_loss,STRONG,1081,132.59761226685896,71.00477546628281,1.8674463991485193,94.92319292243299,trail,1539.0051235916976,2.5,84.25,16.472999999999956,66.29880613342948,35.502387733141404,8525.0,2024-09
2024-09-26 06:50:00+00:00,2024-09-26 12:05:00+00:00,HTF,buy,2661.625,2680.2274660739286,2651.709932147856,2686.41266963036,0.02,stop_loss,STRONG,63,37.20493214785711,19.830135704288296,1.8761814191625268,95.9347948178003,trail,1576.2100557395547,2.5,23.7800000000002,2.286999999999807,18.602466073928554,9.915067852144148,315.0,2024-09
2024-09-26 12:50:00+00:00,2024-09-26 13:15:00+00:00,HTF,buy,2678.9049999999997,2659.7235175808123,2659.923517580812,2707.3772236287814,0.02,stop_loss,WEAK,5,-38.362964838374864,37.96296483837523,-1.0105365848453252,2.282926716489495,raw,1537.8470909011799,1.5,0.650000000000091,19.4399999999996,-19.181482419187432,18.981482419187614,25.0,2024-09
2024-09-30 13:40:00+00:00,2024-10-01 12:20:00+00:00,HTF,sell,2631.585,2655.8184019346545,2655.6184019346547,2571.5014951633634,0.02,stop_loss,STRONG,260,-48.46680386930893,48.0668038693093,-1.0083217515582523,11.728676646211616,raw,1489.380287031871,2.5,7.0470000000000255,24.592999999999847,-24.233401934654466,24.03340193465465,1360.0,2024-09
2024-10-01 12:50:00+00:00,2024-10-01 14:00:00+00:00,HTF,buy,2653.0139999999997,2667.415,2639.9593376218354,2672.5959935672463,0.02,stop_gap,WEAK,14,28.80200000000059,26.109324756328533,1.1031307882835764,95.60313629820463,trail,1518.1822870318715,1.5,18.72100000000046,5.148999999999887,14.401000000000295,13.054662378164267,70.0,2024-10
2024-10-01 15:30:00+00:00,2024-10-03 14:00:00+00:00,HTF,buy,2664.4049999999997,2637.9025760040718,2638.1025760040716,2703.8586359938918,0.02,stop_loss,WEAK,534,-53.00484799185596,52.60484799185633,-1.0076038619113878,21.55187927753108,raw,1465.1774390400155,1.5,8.503000000000156,28.149999999999636,-26.502423995927984,26.302423995928166,2790.0,2024-10
2024-10-04 07:30:00+00:00,2024-10-04 12:30:00+00:00,HTF,buy,2661.9139999999998,2648.4375826984187,2648.6375826984186,2675.190417301581,0.02,stop_loss,RANGING,60,-26.952834603162046,26.552834603162413,-1.0150643050347623,8.443542971992791,raw,1438.2246044368535,1.0,1.1210000000000946,24.468999999999596,-13.476417301581023,13.276417301581205,300.0,2024-10
2024-10-07 16:30:00+00:00,2024-10-08 15:45:00+00:00,HTF,sell,2643.2050000000004,2611.2071612652744,2675.0658063263722,2611.3441936736285,0.02,stop_loss,RANGING,267,63.99567746945195,63.72161265274372,1.004300971135206,121.24614676818537,trail,1502.2202819063054,1.0,38.63000000000011,9.679999999999836,31.997838734725974,31.860806326371858,1395.0,2024-10
2024-10-09 06:00:00+00:00,2024-10-11 03:50:00+00:00,HTF,sell,2617.7450000000003,2645.352343091682,2645.1523430916823,2576.6339853624777,0.02,stop_loss,WEAK,514,-55.21468618336348,54.81468618336385,-1.007297314421569,38.945767067950044,raw,1447.005595722942,1.5,16.011000000000422,27.449999999999818,-27.60734309168174,27.407343091681923,2750.0,2024-10
2024-10-11 07:45:00+00:00,2024-10-14 13:10:00+00:00,HTF,buy,2645.025,2648.077600521794,2632.014597912825,2677.5510052179375,0.02,stop_loss,STRONG,341,6.10520104358784,26.020804174349905,0.2346276849355049,66.6543581197109,locked,1453.1107967665298,2.5,21.679999999999836,9.0,3.05260052179392,13.010402087174953,4645.0,2024-10
2024-10-14 16:30:00+00:00,2024-10-16 02:10:00+00:00,HTF,sell,2646.7650000000003,2670.0725707621737,2669.872570762174,2612.10364385674,0.02,stop_loss,WEAK,380,-46.615141524346654,46.21514152434702,-1.0086551720238466,25.41735517672007,raw,1406.4956552421831,1.5,8.8100000000004,23.169999999999618,-23.307570762173327,23.10757076217351,2020.0,2024-10
2024-10-16 07:50:00+00:00,2024-10-18 02:50:00+00:00,HTF,buy,2676.475,2706.306608444066,2650.1830422203293,2702.7669577796705,0.02,stop_loss,RANGING,492,59.66321688813241,52.58391555934122,1.134628645537097,134.41372565768242,trail,1466.1588721303156,1.0,35.340000000000146,9.829999999999927,29.831608444066205,26.29195777967061,2580.0,2024-10
2024-10-18 08:35:00+00:00,2024-10-18 13:15:00+00:00,HTF,buy,2702.9249999999997,2704.9404582102484,2688.155278598343,2725.079582102485,0.02,stop_loss,WEAK,56,4.030916420497306,29.53944280331325,0.13645878317126495,63.28261997967346,locked,1470.1897885508129,1.5,14.020000000000437,0.5199999999995271,2.015458210248653,14.769721401656625,280.0,2024-10
2024-10-18 16:10:00+00:00,2024-10-21 15:05:00+00:00,HTF,buy,2716.118,2720.226604920518,2687.3939671965463,2759.20404920518,0.02,stop_loss,WEAK,263,8.217209841036492,57.448065606907214,0.14303718940274474,56.39876583782627,locked,1478.4069983918494,1.5,24.300000000000182,2.699999999999818,4.108604920518246,28.72403280345361,4255.0,2024-10
2024-10-22 09:15:00+00:00,2024-10-23 06:35:00+00:00,HTF,buy,2734.6549999999997,2748.5259287861995,2721.7247626206645,2754.0503560690026,0.02,stop_loss,WEAK,244,27.74185757239957,25.860474758670538,1.0727512867140323,95.02274634418589,trail,1506.148855964249,1.5,18.43000000000029,5.2169999999996435,13.870928786199784,12.930237379335267,1280.0,2024-10
2024-10-23 07:15:00+00:00,2024-10-23 13:00:00+00:00,HTF,buy,2752.595,2739.6183197040277,2739.8183197040275,2771.760020443958,0.02,stop_loss,WEAK,69,-25.953360591944147,25.553360591944514,-1.015653518391852,29.966052041498486,raw,1480.1954953723048,1.5,5.743000000000393,12.989999999999782,-12.976680295972074,12.776680295972255,345.0,2024-10
2024-10-24 08:55:00+00:00,2024-10-30 12:15:00+00:00,HTF,buy,2736.875,2776.4729540217586,2710.8849080435166,2801.8502298912085,0.02,stop_loss,STRONG,1144,79.19590804351719,51.98018391296683,1.5235788348906016,81.25096300296934,trail,1559.391403415822,2.5,52.79300000000012,19.98999999999978,39.597954021758596,25.99009195648341,8840.0,2024-10
2024-10-31 06:00:00+00:00,2024-10-31 10:05:00+00:00,HTF,buy,2784.5649999999996,2774.6125800896416,2774.8125800896414,2799.193629865537,0.02,stop_loss,WEAK,49,-19.904839820716006,19.50483982071637,-1.0205077305774535,9.023401454091939,raw,1539.486563595106,1.5,1.3200000000006185,9.849999999999454,-9.952419910358003,9.752419910358185,245.0,2024-10
2024-11-01 17:25:00+00:00,2024-11-06 12:00:00+00:00,HTF,sell,2739.5950000000003,2705.790977305092,2771.7815910169747,2691.3151134745385,0.02,stop_loss,WEAK,751,67.60804538981665,64.37318203394898,1.050251723678374,90.43103275931479,trail,1607.0946089849226,1.5,43.66000000000031,10.279999999999745,33.804022694908326,32.18659101697449,6875.0,2024-11
2024-11-06 12:30:00+00:00,2024-11-07 14:15:00+00:00,HTF,sell,2693.915,2687.6532985962044,2758.5320140379554,2629.2979859620445,0.02,stop_loss,RANGING,297,12.523402807591083,129.23402807591083,0.09690483995619913,78.5876610921261,locked,1619.6180117925137,1.0,50.78099999999995,9.220000000000255,6.261701403795541,64.61701403795541,1545.0,2024-11
2024-11-07 15:25:00+00:00,2024-11-11 13:00:00+00:00,HTF,buy,2698.975,2653.823825175948,2654.023825175948,2811.35293706013,0.02,stop_loss,STRONG,523,-90.3023496481037,89.90234964810406,-1.004449271921872,10.027769057524633,raw,1529.31566214441,2.5,11.269000000000233,46.909999999999854,-45.15117482405185,44.95117482405203,5615.0,2024-11
2024-11-11 13:35:00+00:00,2024-11-14 11:45:00+00:00,HTF,sell,2640.1850000000004,2552.366464235899,2691.8598807863305,2562.672678820505,0.02,stop_loss,WEAK,806,175.6370715282028,103.3497615726601,1.6994434128880023,133.5542510206559,trail,1704.9527336726128,1.5,103.52100000000019,0.8299999999994725,87.8185357641014,51.67488078633005,4210.0,2024-11
2024-11-15 16:55:00+00:00,2024-11-18 01:10:00+00:00,HTF,buy,2562.2349999999997,2577.415738232301,2550.537460774335,2579.7813088384964,0.02,stop_loss,WEAK,87,30.361476464602678,23.395078451329027,1.2977719449740894,107.65797053882629,trail,1735.3142101372155,1.5,18.890000000000327,2.826999999999771,15.180738232301337,11.697539225664514,3375.0,2024-11
2024-11-18 06:30:00+00:00,2024-11-18 17:05:00+00:00,HTF,buy,2586.2149999999997,2608.9536299302204,2566.8770997674005,2615.2218503488984,0.02,stop_loss,WEAK,127,45.477259860441336,38.675800465198336,1.1758582708937895,99.08004369420051,trail,1780.7914699976568,1.5,28.740000000000236,4.669999999999618,22.738629930220668,19.337900232599168,635.0,2024-11
2024-11-18 17:55:00+00:00,2024-11-22 13:25:00+00:00,HTF,buy,2610.4449999999997,2695.155157234069,2567.012190780228,2675.594213829657,0.02,stop_loss,WEAK,1050,169.4203144681387,86.86561843954314,1.9503725122967046,152.8644693401733,trail,1950.2117844657955,1.5,99.59000000000015,2.8799999999996544,84.71015723406936,43.43280921977157,5490.0,2024-11
2024-11-22 14:40:00+00:00,2024-11-22 20:05:00+00:00,HTF,buy,2692.808,2706.476819001928,2679.237396673093,2713.1639049903606,0.02,stop_loss,WEAK,65,27.33763800385623,27.141206653814155,1.0072373845624314,91.16273635973108,trail,1977.5494224696517,1.5,18.55699999999979,5.563000000000102,13.668819001928114,13.570603326907076,325.0,2024-11
2024-11-27 12:00:00+00:00,2024-12-06 01:10:00+00:00,HTF,buy,2650.738,2615.5580166088707,2615.7580166088705,2703.2079750866938,0.02,stop_loss,WEAK,1745,-70.3599667822582,69.95996678225856,-1.0057175556021143,29.45875231398793,raw,1907.1894556873935,1.5,15.457000000000335,38.15299999999979,-35.1799833911291,34.97998339112928,12310.0,2024-11
2024-12-09 09:05:00+00:00,2024-12-11 03:40:00+00:00,HTF,buy,2650.455,2693.914413063626,2617.1763768787523,2700.3729346818714,0.02,stop_loss,WEAK,487,86.91882612725203,66.55724624249524,1.3059258162600544,107.46237868587426,trail,1994.1082818146456,1.5,53.64300000000003,0.1999999999998181,43.459413063626016,33.27862312124762,2555.0,2024-12
2024-12-11 12:40:00+00:00,2024-12-11 16:05:00+00:00,HTF,buy,2696.2239999999997,2711.2070078621346,2681.397359540448,2718.463960689327,0.02,stop_loss,WEAK,41,29.966015724269713,29.653280919103054,1.0105463812257345,88.26904091346263,trail,2024.0742975389153,1.5,19.631000000000313,5.889999999999873,14.983007862134855,14.826640459551527,205.0,2024-12
2024-12-12 17:25:00+00:00,2024-12-19 00:55:00+00:00,HTF,sell,2683.304,2596.6571860179374,2730.614620059792,2612.3380699103127,0.02,stop_loss,WEAK,1182,173.29362796412533,94.62124011958349,1.8314453260717647,142.37818044842743,trail,2197.3679255030406,1.5,101.03999999999996,9.291000000000167,86.64681398206267,47.310620059791745,9090.0,2024-12
2024-12-19 10:15:00+00:00,2024-12-19 15:35:00+00:00,HTF,buy,2621.205,2588.1251251369085,2588.3251251369084,2703.404687157729,0.02,stop_loss,STRONG,64,-66.15974972618278,65.75974972618314,-1.0060827482109527,6.228734168021624,raw,2131.208175776858,2.5,5.120000000000346,34.090000000000146,-33.07987486309139,32.87987486309157,320.0,2024-12
2024-12-19 17:15:00+00:00,2025-01-02 10:20:00+00:00,HTF,sell,2592.0950000000003,2644.0579635724525,2643.8579635724527,2462.687591068869,0.02,stop_loss,STRONG,2085,-103.92592714490456,103.52592714490494,-1.003863766411285,2.024613599515522,raw,2027.2822486319533,2.5,2.6200000000003456,54.0029999999997,-51.96296357245228,51.76296357245246,19745.0,2024-12
2025-01-02 11:10:00+00:00,2025-01-03 13:35:00+00:00,HTF,buy,2644.2349999999997,2646.6599797998488,2617.9852020015082,2670.484797998491,0.02,stop_loss,RANGING,305,4.849959599698195,52.49959599698286,0.09238089374967612,79.81013797212559,locked,2032.1322082316515,1.0,20.950000000000273,8.36999999999989,2.4249797998490976,26.24979799849143,1585.0,2025-01
2025-01-06 12:40:00+00:00,2025-01-06 14:15:00+00:00,HTF,buy,2644.7479999999996,2617.729568890924,2617.9295688909237,2684.9756466636136,0.02,stop_loss,WEAK,19,-54.03686221815133,53.63686221815169,-1.0074575577962177,9.744542187068022,raw,1978.0953460135001,1.5,3.9200000000005275,30.38299999999981,-27.018431109075664,26.818431109075846,95.0,2025-01
2025-01-07 11:55:00+00:00,2025-01-07 14:00:00+00:00,HTF,buy,2648.455,2659.996539958503,2628.9476997925153,2667.9623002074845,0.02,stop_loss,RANGING,25,23.083079917006216,39.01460041496921,0.5916523473645433,80.19049193695234,trail,2001.1784259305064,1.0,15.643000000000029,1.2210000000000036,11.541539958503108,19.507300207484604,125.0,2025-01
2025-01-07 14:30:00+00:00,2025-01-09 17:05:00+00:00,HTF,buy,2661.7349999999997,2664.8248927219715,2628.836072780281,2694.6339272197183,0.02,stop_loss,RANGING,583,6.179785443943729,65.79785443943729,0.09392077441722398,50.63994910452521,locked,2007.35821137445,1.0,16.66000000000031,19.699999999999818,3.0898927219718644,32.898927219718644,3035.0,2025-01
2025-01-10 06:50:00+00:00,2025-01-10 15:40:00+00:00,HTF,buy,2677.598,2692.849231768542,2662.6154392284725,2700.071841157291,0.02,stop_loss,WEAK,106,30.502463537083713,29.965121543054924,1.0179322481057425,89.24153134139809,trail,2037.8606749115338,1.5,20.05600000000004,14.393000000000029,15.251231768541857,14.98256077152746,530.0,2025-01
2025-01-13 17:40:00+00:00,2025-01-15 06:20:00+00:00,HTF,sell,2659.965,2682.7828885045965,2682.5828885045967,2603.420278738509,0.02,stop_loss,STRONG,416,-45.63577700919268,45.23577700919304,-1.0088425584005851,5.924514128398077,raw,1992.2248979023411,2.5,3.350000000000364,23.159999999999854,-22.81788850459634,22.61788850459652,2200.0,2025-01
2025-01-15 07:10:00+00:00,2025-01-16 12:20:00+00:00,HTF,buy,2681.835,2702.4339511021076,2659.3315036736903,2715.5902444894646,0.02,stop_loss,WEAK,338,41.1979022042151,45.006992652619374,0.9153666969529769,86.53470132357322,trail,2033.4228001065562,1.5,29.210000000000036,5.3960000000001855,20.59895110210755,22.503496326309687,1750.0,2025-01
2025-01-16 12:55:00+00:00,2025-01-17 09:25:00+00:00,HTF,buy,2703.765,2706.7001673874865,2682.863884083422,2735.116673874867,0.02,stop_loss,WEAK,234,5.870334774973344,41.80223183315593,0.14043113292140585,66.34414507824522,locked,2039.2931348815296,1.5,20.800000000000182,2.6659999999997126,2.935167387486672,20.901115916577965,1230.0,2025-01
2025-01-20 11:10:00+00:00,2025-01-21 08:00:00+00:00,HTF,buy,2711.395,2727.7142045932073,2695.35901531069,2735.4489770339646,0.02,stop_loss,WEAK,208,32.63840918641472,32.07196937861954,1.017661522468676,88.67556483437885,trail,2071.9315440679443,1.5,21.329999999999927,9.896999999999935,16.31920459320736,16.03598468930977,1250.0,2025-01
2025-01-21 10:25:00+00:00,2025-01-22 06:10:00+00:00,HTF,buy,2723.0649999999996,2752.083320230894,2702.4260674363127,2754.02339884553,0.02,stop_loss,WEAK,225,58.03664046178893,41.27786512737384,1.4059990816555417,114.37930035297148,trail,2129.968184529733,1.5,35.41000000000031,6.719999999999345,29.01832023089446,20.63893256368692,1185.0,2025-01
2025-01-22 07:15:00+00:00,2025-01-23 13:20:00+00:00,HTF,buy,2749.915,2739.067704406523,2739.2677044065226,2776.533238983693,0.02,stop_loss,STRONG,349,-21.694591186954312,21.294591186954676,-1.0187841126644723,49.92817146221315,raw,2108.273593342779,2.5,13.289999999999964,10.88000000000011,-10.847295593477156,10.647295593477338,1805.0,2025-01
2025-01-23 17:15:00+00:00,2025-01-27 02:10:00+00:00,HTF,buy,2754.308,2758.0787767556217,2727.8361549625233,2794.015767556215,0.02,stop_loss,WEAK,371,7.541553511243365,52.943690074953345,0.14244480315910452,79.37237961157372,locked,2115.8151468540223,1.5,31.51700000000028,3.230000000000018,3.7707767556216822,26.47184503747667,4855.0,2025-01
2025-01-28 09:40:00+00:00,2025-01-28 14:20:00+00:00,HTF,sell,2742.7050000000004,2752.7264646369,2752.5264646369,2727.972803044651,0.02,stop_loss,WEAK,56,-20.042929273799018,19.642929273799382,-1.020363561586162,12.896922337917971,raw,2095.7722175802232,1.5,1.9000000000005457,10.30999999999949,-10.021464636899509,9.821464636899691,280.0,2025-01
2025-01-30 07:55:00+00:00,2025-01-30 11:20:00+00:00,HTF,buy,2760.7799999999997,2772.9849119192554,2743.154559596275,2778.4054404037247,0.02,stop_loss,RANGING,41,24.40982383851133,35.2508808074499,0.6924599692088422,90.38072034009235,trail,2120.1820414187346,1.0,15.930000000000291,0.5299999999997453,12.204911919255665,17.62544040372495,205.0,2025-01
2025-01-30 13:20:00+00:00,2025-01-30 16:35:00+00:00,HTF,buy,2779.0099999999998,2780.5503287234897,2761.6067127651045,2796.413287234895,0.02,stop_loss,RANGING,39,3.080657446979785,34.806574469790576,0.08850791822830938,52.80611574101477,locked,2123.2626988657144,1.0,9.190000000000055,2.799999999999727,1.5403287234898926,17.403287234895288,195.0,2025-01
2025-01-30 17:45:00+00:00,2025-01-31 20:30:00+00:00,HTF,buy,2793.08,2796.0379313742083,2761.500686257917,2824.6593137420828,0.02,stop_loss,RANGING,309,5.915862748416657,63.15862748416566,0.09366674014408892,76.47411276014405,locked,2129.178561614131,1.0,24.15000000000009,4.309999999999945,2.9579313742083286,31.57931374208283,1605.0,2025-01
2025-02-03 07:45:00+00:00,2025-02-03 13:00:00+00:00,HTF,sell,2783.02,2801.099158384786,2800.899158384786,2756.201262422821,0.02,stop_loss,WEAK,63,-36.158316769571684,35.75831676957205,-1.011186208863724,0.4847357174288864,raw,2093.0202448445593,1.5,0.13000000000010914,18.61999999999989,-18.079158384785842,17.879158384786024,315.0,2025-02
2025-02-03 13:50:00+00:00,2025-02-03 17:05:00+00:00,HTF,buy,2800.45,2822.965628755964,2779.86876251988,2831.3218562201796,0.02,stop_loss,WEAK,39,45.03125751192874,41.162474960239706,1.0939880936563224,97.01392681539855,trail,2138.051502356488,1.5,29.950000000000273,0.32999999999992724,22.51562875596437,20.581237480119853,195.0,2025-02
2025-02-04 06:00:00+00:00,2025-02-05 13:10:00+00:00,HTF,buy,2820.3599999999997,2864.759968444111,2779.9265614803694,2881.010157779445,0.02,stop_loss,WEAK,362,88.79993688822287,80.86687703926054,1.098100237568354,93.66834659621242,trail,2226.851439244711,1.5,56.8100000000004,13.169999999999618,44.39996844411144,40.43343851963027,1870.0,2025-02
2025-02-05 15:00:00+00:00,2025-02-06 09:45:00+00:00,HTF,buy,2870.0299999999997,2857.005058014212,2857.2050580142118,2902.0923549644695,0.02,stop_loss,STRONG,213,-26.049883971575582,25.64988397157595,-1.0155946124529411,38.861774232765306,raw,2200.8015552731354,2.5,12.460000000000036,14.979999999999563,-13.024941985787791,12.824941985787973,1125.0,2025-02
2025-02-06 14:05:00+00:00,2025-02-06 16:45:00+00:00,HTF,buy,2867.62,2848.269282324051,2848.4692823240507,2915.496794189873,0.02,stop_loss,STRONG,32,-38.701435351898,38.30143535189836,-1.0104434728444143,2.2975640257730108,raw,2162.1001199212374,2.5,1.099999999999909,19.230000000000018,-19.350717675949,19.15071767594918,160.0,2025-02
2025-02-07 06:15:00+00:00,2025-02-10 15:40:00+00:00,HTF,buy,2868.71,2899.63017877334,2850.5503575466796,2914.109106133301,0.02,stop_loss,STRONG,389,61.840357546680025,36.31928490664086,1.7026865398270197,92.77715705751376,trail,2223.9404774679174,2.5,42.11999999999989,16.320000000000164,30.920178773340012,18.15964245332043,4885.0,2025-02
2025-02-10 16:35:00+00:00,2025-02-11 04:30:00+00:00,HTF,buy,2905.9399999999996,2934.774240331245,2890.7284806624893,2943.9687983437752,0.02,stop_loss,STRONG,131,57.668480662490765,30.423038675020507,1.8955529484909972,96.34803516214018,trail,2281.608958130408,2.5,36.64000000000033,9.349999999999454,28.834240331245383,15.211519337510254,715.0,2025-02
2025-02-11 06:20:00+00:00,2025-02-11 14:50:00+00:00,HTF,buy,2919.37,2891.927623026904,2892.1276230269036,2987.4759424327403,0.02,stop_loss,STRONG,102,-54.88475394619218,54.48475394619254,-1.0073415032835547,14.521493494884707,raw,2226.724204184216,2.5,9.890000000000327,28.90000000000009,-27.44237697309609,27.24237697309627,510.0,2025-02
2025-02-12 10:05:00+00:00,2025-02-12 15:55:00+00:00,HTF,sell,2890.73,2885.729605476404,2911.5315780943843,2838.7260547640394,0.02,stop_loss,STRONG,70,10.000789047192484,41.60315618876848,0.24038534484776367,52.28449471790889,locked,2236.7249932314085,2.5,27.190000000000055,3.4299999999998363,5.000394523596242,20.80157809438424,350.0,2025-02
2025-02-13 06:30:00+00:00,2025-02-14 15:40:00+00:00,HTF,buy,2917.89,2921.6178559444515,2891.7042937036554,2957.1685594445166,0.02,stop_loss,WEAK,386,7.455711888903352,52.37141259268901,0.14236224535108608,56.443006855474124,locked,2244.180705120312,1.5,22.170000000000073,12.0,3.727855944451676,26.185706296344506,1990.0,2025-02
2025-02-18 12:00:00+00:00,2025-02-19 04:40:00+00:00,HTF,buy,2912.27,2932.330160795959,2879.8208039797923,2944.7191960202076,0.02,stop_loss,RANGING,188,40.12032159191767,64.89839204041527,0.6182020899213168,84.00824471282475,trail,2284.3010267122295,1.0,27.26000000000022,5.320000000000164,20.060160795958836,32.44919602020764,1000.0,2025-02
2025-02-19 10:15:00+00:00,2025-02-20 09:40:00+00:00,HTF,buy,2937.46,2949.843494372985,2916.7774718649234,2958.1425281350766,0.02,stop_loss,RANGING,269,24.766988745969684,41.36505627015322,0.5987418120313353,80.84118097556679,trail,2309.068015458199,1.0,16.7199999999998,18.84999999999991,12.383494372984842,20.68252813507661,1405.0,2025-02
2025-02-20 11:00:00+00:00,2025-02-20 16:05:00+00:00,HTF,buy,2953.8199999999997,2925.748309447209,2925.948309447209,2981.6916905527905,0.02,stop_loss,RANGING,61,-56.143381105581284,55.74338110558165,-1.0071757398289496,3.587869914479671,raw,2252.924634352618,1.0,1.0000000000004547,28.229999999999563,-28.071690552790642,27.871690552790824,305.0,2025-02
2025-02-21 12:30:00+00:00,2025-02-24 14:00:00+00:00,HTF,sell,2929.54,2950.3970148961957,2950.197014896196,2908.882985103804,0.02,stop_loss,RANGING,294,-41.71402979239156,41.31402979239192,-1.0096819410260796,39.74436791209328,raw,2211.2106045602263,1.0,8.210000000000036,21.579999999999927,-20.85701489619578,20.65701489619596,4410.0,2025-02
2025-02-24 14:55:00+00:00,2025-02-25 17:20:00+00:00,HTF,buy,2946.66,2914.8688909079915,2915.0688909079913,2978.2511090920084,0.02,stop_loss,RANGING,305,-63.58221818401672,63.18221818401708,-1.006330895171085,30.13506101439222,raw,2147.6283863762096,1.0,9.519999999999982,36.309999999999945,-31.791109092008355,31.591109092008537,1585.0,2025-02
2025-02-26 06:20:00+00:00,2025-02-26 17:25:00+00:00,HTF,sell,2914.21,2910.7414314998373,2950.895685001625,2877.524314998375,0.02,stop_loss,RANGING,133,6.937137000325492,73.37137000325038,0.09454828225257583,63.89413199988403,locked,2154.565523376535,1.0,23.440000000000055,6.809999999999945,3.468568500162746,36.68568500162519,665.0,2025-02
2025-02-27 09:45:00+00:00,2025-02-27 11:25:00+00:00,HTF,sell,2893.38,2890.3516110948626,2914.9025927009166,2861.096110948625,0.02,stop_loss,WEAK,20,6.05677781027498,43.045185401832896,0.14070743925793563,50.427629626941965,locked,2160.62230118681,1.5,16.2800000000002,0.25,3.02838890513749,21.522592700916448,100.0,2025-02
2025-02-27 12:20:00+00:00,2025-02-27 20:05:00+00:00,HTF,sell,2889.8,2886.1567225675703,2915.421849549531,2851.3672256757036,0.02,stop_loss,WEAK,93,7.286554864859681,51.243699099061814,0.1421941622671242,57.26882950025767,locked,2167.9088560516698,1.5,22.01000000000022,5.079999999999927,3.6432774324298407,25.621849549530907,465.0,2025-02
2025-02-28 09:15:00+00:00,2025-02-28 23:15:00+00:00,HTF,sell,2861.57,2857.434372634101,2878.9125094635974,2818.213726341007,0.02,stop_loss,STRONG,168,8.271254731798763,34.685018927194506,0.23846764360026781,66.88766711846914,locked,2176.1801107834685,2.5,29.0,3.3599999999996726,4.135627365899381,17.342509463597253,840.0,2025-02
2025-03-03 06:35:00+00:00,2025-03-04 10:50:00+00:00,HTF,buy,2866.81,2910.4141945018832,2850.4583890037666,2907.6890274905836,0.02,stop_loss,STRONG,327,87.20838900376657,32.70322199246675,2.6666604600566632,127.15566683178415,trail,2263.388499787235,2.5,51.98000000000002,7.980000000000018,43.604194501883285,16.351610996233376,1695.0,2025-03
2025-03-04 13:10:00+00:00,2025-03-10 19:35:00+00:00,HTF,buy,2917.3799999999997,2889.5085723976686,2889.7085723976684,2958.8871414034966,0.02,stop_loss,WEAK,1193,-55.74285520466219,55.342855204662555,-1.00722767191032,31.199450412909556,raw,2207.645644582573,1.5,12.950000000000273,30.20999999999958,-27.871427602331096,27.671427602331278,9025.0,2025-03
2025-03-11 06:25:00+00:00,2025-03-11 15:35:00+00:00,HTF,sell,2897.3,2917.840321839116,2917.640321839116,2876.9596781608843,0.02,stop_loss,RANGING,110,-41.080643678231354,40.68064367823172,-1.009832686108988,22.074380314699116,raw,2166.5650009043416,1.0,4.4900000000002365,23.049999999999727,-20.540321839115677,20.34032183911586,550.0,2025-03
2025-03-11 17:40:00+00:00,2025-03-13 07:25:00+00:00,HTF,buy,2918.43,2939.840496371382,2888.432481856908,2948.4275181430917,0.02,stop_loss,RANGING,429,42.82099274276425,59.99503628618368,0.7137422592512964,95.67458168738412,trail,2209.385993647106,1.0,28.700000000000273,12.460000000000036,21.410496371382123,29.99751814309184,2265.0,2025-03
2025-03-13 08:20:00+00:00,2025-03-13 15:00:00+00:00,HTF,buy,2938.5499999999997,2940.4204513738123,2917.845486261876,2959.2545137381235,0.02,stop_loss,RANGING,80,3.740902747625114,41.4090274762475,0.09034027060333454,51.29316309634198,locked,2213.126896394731,1.0,10.620000000000346,5.559999999999945,1.870451373812557,20.70451373812375,400.0,2025-03
2025-03-13 15:35:00+00:00,2025-03-13 17:45:00+00:00,HTF,buy,2950.0699999999997,2970.9043729383607,2917.241864691801,2982.8981353081986,0.02,stop_loss,RANGING,26,41.668745876721914,65.6562706163977,0.6346499045030303,84.07422395723842,trail,2254.795642271453,1.0,27.600000000000364,2.399999999999636,20.834372938360957,32.82813530819885,130.0,2025-03
2025-03-14 06:20:00+00:00,2025-03-18 15:35:00+00:00,HTF,buy,2993.5099999999998,3027.870268993452,2962.1442299781725,3040.5586550327407,0.02,stop_loss,WEAK,663,68.72053798690467,62.73154004365461,1.0954702839924277,95.11430235117056,trail,2323.5161802583575,1.5,44.750000000000455,15.059999999999945,34.36026899345234,31.365770021827302,6315.0,2025-03
2025-03-19 07:05:00+00:00,2025-03-20 10:20:00+00:00,HTF,buy,3037.7,3040.1456858761453,3020.0620941590314,3064.1568587614524,0.02,stop_loss,WEAK,315,4.891371752290979,35.27581168193683,0.1386607853674316,73.9316794044315,locked,2328.4075520106485,1.5,19.5600000000004,14.809999999999945,2.4456858761454896,17.637905840968415,1635.0,2025-03
2025-03-20 11:15:00+00:00,2025-03-21 07:40:00+00:00,HTF,buy,3043.64,3024.8486151360057,3025.0486151360055,3071.527077295991,0.02,stop_loss,WEAK,233,-37.58276972798831,37.18276972798867,-1.010757670903105,13.447088628893558,raw,2290.82478228266,1.5,3.75,22.049999999999727,-18.791384863994153,18.591384863994335,1225.0,2025-03
2025-03-25 16:10:00+00:00,2025-03-27 15:35:00+00:00,HTF,buy,3032.54,3036.874936713231,3002.307088578461,3077.8893671323085,0.02,stop_loss,WEAK,545,8.66987342646189,60.46582284307805,0.1433846926876708,51.533243963067896,locked,2299.494655709122,1.5,23.36999999999989,20.090000000000146,4.334936713230945,30.23291142153903,2845.0,2025-03
2025-03-27 16:20:00+00:00,2025-03-28 04:35:00+00:00,HTF,buy,3049.74,3071.167685028136,3019.7784251406792,3079.7015748593203,0.02,stop_loss,RANGING,135,42.85537005627248,59.92314971864106,0.7151721873348207,92.58525337953255,trail,2342.3500257653945,1.0,27.740000000000236,2.0899999999996908,21.42768502813624,29.961574859320535,735.0,2025-03
2025-03-28 07:05:00+00:00,2025-03-31 04:00:00+00:00,HTF,buy,3074.21,3076.9915150151924,3054.333233232051,3104.0251501519233,0.02,stop_loss,WEAK,227,5.5630300303846525,39.753533535897986,0.13993800136939172,79.02022924570171,locked,2347.913055795779,1.5,23.559999999999945,8.0,2.7815150151923262,19.876766767948993,4135.0,2025-03
2025-03-31 17:00:00+00:00,2025-04-01 18:40:00+00:00,HTF,buy,3113.23,3119.8576203880734,3085.9195184477067,3181.5062038807337,0.02,stop_loss,STRONG,296,13.25524077614682,54.62096310458674,0.24267680433913338,52.44872732314414,locked,2361.168296571926,2.5,35.809999999999945,2.300000000000182,6.62762038807341,27.310481552293368,1540.0,2025-03
2025-04-02 08:45:00+00:00,2025-04-03 03:05:00+00:00,HTF,buy,3118.0099999999998,3155.5585180295366,3098.707036059073,3166.267409852317,0.02,stop_loss,STRONG,208,75.09703605907362,38.60592788185386,1.9452203373765267,103.0308094697973,trail,2436.2653326309996,2.5,49.720000000000255,13.559999999999945,37.54851802953681,19.30296394092693,1100.0,2025-04
2025-04-07 06:50:00+00:00,2025-04-09 19:10:00+00:00,HTF,sell,3019.0600000000004,3088.2509662300727,3088.050966230073,2846.5825844248193,0.02,stop_loss,STRONG,700,-138.38193246014453,137.9819324601449,-1.0028989302647662,36.41056412549637,raw,2297.883400170855,2.5,62.80000000000018,71.28999999999951,-69.19096623007226,68.99096623007244,3620.0,2025-04
2025-04-10 06:15:00+00:00,2025-04-17 10:15:00+00:00,HTF,buy,3123.8399999999997,3317.9529791570717,3058.285958314143,3287.7251042146413,0.02,stop_loss,STRONG,1428,388.225958314144,131.1080833717133,2.961113825556115,142.66702341280364,trail,2686.109358484999,2.5,233.8100000000004,20.409999999999854,194.112979157072,65.55404168585665,10320.0,2025-04
2025-04-21 06:30:00+00:00,2025-04-22 19:20:00+00:00,HTF,buy,3384.3799999999997,3398.9494138764435,3285.9172408237087,3532.074138764436,0.02,stop_loss,WEAK,430,29.138827752887664,196.925518352582,0.14796877518289192,78.26986295263592,locked,2715.248186237887,1.5,115.60000000000036,14.4699999999998,14.569413876443832,98.462759176291,2210.0,2025-04
2025-04-23 06:55:00+00:00,2025-05-05 15:20:00+00:00,HTF,sell,3338.71,3320.2878289663513,3413.198684134595,3152.488289663512,0.02,stop_loss,STRONG,2308,36.844342067297475,148.97736826919026,0.24731502841909972,73.46082245341505,locked,2752.0925283051843,2.5,136.80000000000018,32.05000000000018,18.422171033648738,74.48868413459513,17785.0,2025-04
2025-05-05 16:20:00+00:00,2025-05-07 01:05:00+00:00,HTF,buy,3317.48,3411.8376853152376,3231.4389510507917,3446.541573423812,0.02,stop_loss,WEAK,369,188.71537063047526,172.08209789841658,1.0966589374211235,93.26556062099837,trail,2940.8078989356595,1.5,120.36999999999989,11.829999999999927,94.35768531523763,86.04104894920829,1965.0,2025-05
2025-05-07 06:55:00+00:00,2025-05-08 08:00:00+00:00,HTF,buy,3375.72,3381.690875118568,3334.580832542881,3437.428751185678,0.02,stop_loss,WEAK,289,11.941750237136148,82.27833491423735,0.14513845290602448,63.29734316364814,locked,2952.7496491727957,1.5,39.0600000000004,12.059999999999945,5.970875118568074,41.139167457118674,1505.0,2025-05
2025-05-09 17:45:00+00:00,2025-05-12 01:00:00+00:00,HTF,buy,3339.9199999999996,3291.27,3303.1381713349488,3395.092742997576,0.02,stop_gap,WEAK,75,-97.29999999999927,73.5636573301017,-1.3226639828874418,13.793042699245325,raw,2855.4496491727964,1.5,7.610000000000582,68.84999999999945,-48.649999999999636,36.78182866505085,3315.0,2025-05
2025-05-12 06:00:00+00:00,2025-05-13 08:10:00+00:00,HTF,sell,3271.52,3260.345870340711,3347.3475310619256,3157.7787034071116,0.02,stop_loss,WEAK,302,22.34825931857813,151.65506212385117,0.14736243555343453,56.0746201340455,locked,2877.7979084913745,1.5,63.7800000000002,13.170000000000073,11.174129659289065,75.82753106192558,1570.0,2025-05
2025-05-14 09:20:00+00:00,2025-05-14 15:20:00+00:00,HTF,sell,3233.98,3215.21,3251.3753622391578,3207.886956641263,0.02,stop_gap,WEAK,72,37.539999999999964,34.7907244783155,1.079023232856161,96.96070961200802,trail,2915.3379084913745,1.5,25.300000000000182,9.809999999999945,18.769999999999982,17.39536223915775,360.0,2025-05
2025-05-15 15:20:00+00:00,2025-05-15 17:10:00+00:00,HTF,sell,3182.8300000000004,3201.0405166244836,3200.840516624484,3155.8142250632754,0.02,stop_loss,WEAK,22,-36.42103324896652,36.02103324896689,-1.0111046231582241,10.105207073994912,raw,2878.916875242408,1.5,2.730000000000473,23.619999999999436,-18.21051662448326,18.010516624483444,110.0,2025-05
2025-05-16 06:25:00+00:00,2025-05-16 09:45:00+00:00,HTF,buy,3210.79,3213.961593530421,3188.312709797194,3244.505935304209,0.02,stop_loss,WEAK,40,6.343187060841957,44.95458040561152,0.14110213027480864,60.62415239433818,locked,2885.26006230325,1.5,20.440000000000055,2.730000000000018,3.171593530420978,22.47729020280576,200.0,2025-05
2025-05-16 13:35:00+00:00,2025-05-16 22:05:00+00:00,HTF,sell,3199.86,3192.517466900268,3250.1435539982117,3124.4346690026828,0.02,stop_loss,WEAK,102,14.685066199464018,100.56710799642315,0.14602255640071024,60.33781940130811,locked,2899.945128502714,1.5,45.51000000000022,1.2399999999997817,7.342533099732009,50.28355399821157,510.0,2025-05
2025-05-20 16:40:00+00:00,2025-05-20 17:35:00+00:00,HTF,buy,3241.71,3277.5754783540415,3217.494927846804,3278.0326082297943,0.02,stop_loss,WEAK,11,71.73095670808289,48.43014430639233,1.4811220931797857,121.13667532252887,trail,2971.676085210797,1.5,44.0,0.13999999999987267,35.86547835404144,24.21507215319616,55.0,2025-05
2025-05-21 14:00:00+00:00,2025-05-22 11:25:00+00:00,HTF,buy,3315.45,3319.3252793518614,3288.2814709875906,3356.2027935186134,0.02,stop_loss,WEAK,245,7.750558703723073,54.33705802481836,0.14263854145697433,73.27105069830804,locked,2979.42664391452,1.5,29.860000000000127,24.5,3.8752793518615363,27.16852901240918,1285.0,2025-05
2025-05-23 12:00:00+00:00,2025-05-23 15:50:00+00:00,HTF,buy,3329.39,3351.9582474815293,3292.3312374076445,3366.4487625923553,0.02,stop_loss,RANGING,46,45.136494963058794,74.11752518471076,0.6089854572258401,83.75886788622297,trail,3024.5631388775787,1.0,31.039999999999964,5.929999999999836,22.568247481529397,37.05876259235538,230.0,2025-05
2025-05-29 06:55:00+00:00,2025-05-29 15:15:00+00:00,HTF,sell,3274.36,3309.261109811688,3309.0611098116883,3239.658890188312,0.02,stop_loss,RANGING,100,-69.802219623376,69.40221962337637,-1.0057635044263757,23.97617841374567,raw,2954.7609192542027,1.0,8.320000000000164,36.08999999999969,-34.901109811688,34.701109811688184,500.0,2025-05
2025-05-29 16:25:00+00:00,2025-06-05 15:45:00+00:00,HTF,buy,3319.1899999999996,3381.5119883982943,3249.86329466098,3423.180058008529,0.02,stop_loss,WEAK,1372,124.64397679658941,138.6534106780391,0.8989607697860359,80.91158098315411,trail,3079.404896050792,1.5,84.14000000000033,47.369999999999436,62.32198839829471,69.32670533901955,10040.0,2025-05
2025-06-05 16:15:00+00:00,2025-06-05 18:30:00+00:00,HTF,buy,3382.7799999999997,3357.1060723624105,3357.3060723624103,3408.253927637589,0.02,stop_loss,RANGING,27,-51.347855275178524,50.947855275178874,-1.0078511646435198,21.551446946481736,raw,3028.0570407756136,1.0,5.4900000000002365,29.98999999999978,-25.67392763758926,25.47392763758944,135.0,2025-06
2025-06-09 07:35:00+00:00,2025-06-09 19:50:00+00:00,HTF,sell,3312.15,3337.087575428966,3336.887575428966,3287.412424571034,0.02,stop_loss,RANGING,147,-49.87515085793166,49.47515085793202,-1.0080848667070919,10.429478052157542,raw,2978.181889917682,1.0,2.5799999999999272,25.4699999999998,-24.93757542896583,24.73757542896601,735.0,2025-06
2025-06-10 07:15:00+00:00,2025-06-10 11:15:00+00:00,HTF,sell,3307.1400000000003,3333.1254368333257,3332.925436833326,3281.354563166675,0.02,stop_loss,RANGING,48,-51.97087366665073,51.570873666651096,-1.0077563161443646,16.63729812967895,raw,2926.211016251031,1.0,4.290000000000418,27.699999999999818,-25.985436833325366,25.785436833325548,240.0,2025-06
2025-06-10 11:45:00+00:00,2025-06-11 15:30:00+00:00,HTF,sell,3327.21,3351.818143257929,3351.618143257929,3302.801856742071,0.02,stop_loss,RANGING,321,-49.21628651585797,48.81628651585834,-1.0081939866497156,47.85288203438212,raw,2876.994729735173,1.0,11.679999999999836,30.139999999999873,-24.608143257928987,24.40814325792917,1665.0,2025-06
2025-06-12 11:20:00+00:00,2025-06-12 16:50:00+00:00,HTF,buy,3356.73,3389.2485778075948,3310.272889037973,3403.187110962027,0.02,stop_loss,RANGING,66,65.03715561518948,92.91422192405389,0.6999698675661242,90.49206704730857,trail,2942.0318853503627,1.0,42.039999999999964,1.25,32.51857780759474,46.457110962026945,330.0,2025-06
2025-06-13 06:50:00+00:00,2025-06-19 09:05:00+00:00,HTF,buy,3427.5,3354.031503478311,3354.231503478311,3500.768496521689,0.02,stop_loss,RANGING,1131,-146.9369930433777,146.53699304337806,-1.002729686147451,32.387726139535886,raw,2795.094892306985,1.0,23.730000000000018,73.30999999999995,-73.46849652168885,73.26849652168903,8775.0,2025-06
2025-06-20 06:15:00+00:00,2025-06-23 01:00:00+00:00,HTF,sell,3348.21,3392.64,3389.5782655566113,3306.8417344433888,0.02,stop_gap,RANGING,213,-88.85999999999967,82.73653111322255,-1.074011670593215,18.95172517994822,raw,2706.2348923069853,1.0,7.8400000000001455,48.48999999999978,-44.429999999999836,41.36826555661128,4005.0,2025-06
2025-06-23 09:45:00+00:00,2025-06-23 16:50:00+00:00,HTF,sell,3355.1400000000003,3386.5168516585854,3386.3168516585856,3323.963148341415,0.02,stop_loss,RANGING,85,-62.75370331717022,62.353703317170584,-1.006415015928805,11.194202795775825,raw,2643.481188989815,1.0,3.4900000000002365,32.54999999999973,-31.37685165858511,31.176851658585292,425.0,2025-06
2025-06-24 07:00:00+00:00,2025-06-24 10:00:00+00:00,HTF,sell,3350.86,3324.5185654482416,3392.1528272412097,3309.5671727587905,0.02,stop_loss,RANGING,36,52.682869103517085,82.58565448241916,0.6379179221099739,84.27613783071347,trail,2696.164058093332,1.0,34.80000000000018,2.4400000000000546,26.34143455175854,41.29282724120958,180.0,2025-06
2025-06-24 11:10:00+00:00,2025-06-24 22:35:00+00:00,HTF,sell,3330.76,3324.7740226498436,3392.619773501567,3268.9002264984333,0.02,stop_loss,RANGING,137,11.97195470031329,123.71954700313381,0.09676688114619464,56.999885392575976,locked,2708.1360127936455,1.0,35.26000000000022,1.569999999999709,5.985977350156645,61.859773501566906,685.0,2025-06
2025-06-25 08:10:00+00:00,2025-06-25 16:30:00+00:00,HTF,buy,3329.62,3312.9308515201697,3313.1308515201695,3354.3537227197457,0.02,stop_loss,WEAK,100,-33.378296959660474,32.97829695966084,-1.0121291890993922,30.12081959685211,raw,2674.757715833985,1.5,7.450000000000273,17.56999999999971,-16.689148479830237,16.48914847983042,500.0,2025-06
2025-06-26 15:55:00+00:00,2025-06-27 08:15:00+00:00,HTF,sell,3321.8300000000004,3297.183172390533,3360.195861952666,3283.464138047335,0.02,stop_loss,RANGING,184,49.29365521893487,76.73172390533091,0.6424155839343813,84.7628551656745,trail,2724.05137105292,1.0,32.52000000000044,14.55999999999949,24.646827609467437,38.365861952665455,980.0,2025-06
2025-06-27 10:10:00+00:00,2025-06-27 20:50:00+00:00,HTF,sell,3287.2400000000002,3282.4738003961006,3320.3479973593307,3237.5780039610045,0.02,stop_loss,WEAK,128,9.532399207799244,66.21599471866102,0.1439591634664792,63.126741775307636,locked,2733.583770260719,1.5,31.350000000000364,3.7899999999999636,4.766199603899622,33.10799735933051,640.0,2025-06
2025-06-30 14:40:00+00:00,2025-06-30 23:45:00+00:00,HTF,buy,3279.16,3302.739842595525,3266.2196851910494,3311.510787022376,0.02,stop_loss,STRONG,109,47.1596851910499,25.880629617900926,1.8222000734646284,93.506225919873,trail,2780.743455451769,2.5,30.25,2.2100000000000364,23.57984259552495,12.940314808950461,545.0,2025-06
2025-07-01 06:10:00+00:00,2025-07-01 16:05:00+00:00,HTF,buy,3317.5,3349.1111574496845,3291.403858165614,3356.644212751579,0.02,stop_loss,WEAK,119,63.22231489936894,52.19228366877178,1.2113345202635148,103.25919761502875,trail,2843.965770351138,1.5,40.42000000000007,0.5599999999999454,31.61115744968447,26.09614183438589,595.0,2025-07
2025-07-04 13:20:00+00:00,2025-07-07 04:10:00+00:00,HTF,buy,3333.97,3313.4439049067214,3313.643904906721,3354.2960950932784,0.02,stop_loss,RANGING,114,-41.0521901865568,40.65219018655716,-1.0098395682536168,43.24490247468679,raw,2802.913580164581,1.0,8.790000000000418,23.199999999999818,-20.5260950932784,20.32609509327858,3770.0,2025-07
2025-07-07 12:20:00+00:00,2025-07-07 14:05:00+00:00,HTF,sell,3308.9300000000003,3306.8201841116615,3332.028158883388,3285.8318411166124,0.02,stop_loss,RANGING,21,4.219631776677488,46.19631776677579,0.09134130122622523,54.03028034834429,locked,2807.1332119412587,1.0,12.480000000000473,1.7899999999995089,2.109815888338744,23.098158883387896,105.0,2025-07
2025-07-07 14:45:00+00:00,2025-07-07 20:10:00+00:00,HTF,sell,3303.34,3332.244024751493,3332.044024751493,3274.6359752485073,0.02,stop_loss,RANGING,65,-57.808049502985334,57.408049502985705,-1.006967664002917,10.5560109644297,raw,2749.3251624382733,1.0,3.0300000000002,29.179999999999836,-28.90402475149267,28.704024751492852,325.0,2025-07
2025-07-09 07:05:00+00:00,2025-07-11 03:30:00+00:00,HTF,sell,3295.19,3331.3966425439153,3331.1966425439155,3259.1833574560847,0.02,stop_loss,RANGING,509,-72.41328508783045,72.01328508783081,-1.0055545306607214,34.49363540311223,raw,2676.911877350443,1.0,12.420000000000073,40.54999999999973,-36.20664254391522,36.006642543915405,2665.0,2025-07
2025-07-11 10:20:00+00:00,2025-07-11 16:20:00+00:00,HTF,buy,3335.02,3353.7415076881075,3315.3775384405367,3354.6624615594633,0.02,stop_loss,RANGING,72,37.443015376215044,39.2849231189266,0.9531141314153632,118.92603139012279,trail,2714.354892726658,1.0,23.360000000000127,2.230000000000018,18.721507688107522,19.6424615594633,360.0,2025-07
2025-07-14 12:50:00+00:00,2025-07-14 15:50:00+00:00,HTF,buy,3367.33,3349.373786751324,3349.573786751324,3393.9643198730137,0.02,stop_loss,WEAK,36,-35.91242649735159,35.51242649735195,-1.0112636628766964,27.40824633332065,raw,2678.4424662293063,1.5,7.300000000000182,17.960000000000036,-17.956213248675795,17.756213248675977,180.0,2025-07
2025-07-15 06:05:00+00:00,2025-07-15 16:35:00+00:00,HTF,buy,3354.0499999999997,3334.74392943002,3334.94392943002,3382.7091058549695,0.02,stop_loss,WEAK,126,-38.61214113995902,38.212141139959385,-1.0104678771737643,44.24422752115086,raw,2639.8303250893473,1.5,12.680000000000291,19.549999999999727,-19.30607056997951,19.106070569979693,630.0,2025-07
2025-07-16 12:40:00+00:00,2025-07-16 16:50:00+00:00,HTF,buy,3341.54,3322.2412395096712,3322.441239509671,3360.638760490329,0.02,stop_loss,RANGING,50,-38.597520980657464,38.19752098065783,-1.010471883769687,2.7226897801210477,raw,2601.23280410869,1.0,0.5199999999999818,19.539999999999964,-19.298760490328732,19.098760490328914,250.0,2025-07
2025-07-17 08:05:00+00:00,2025-07-17 14:05:00+00:00,HTF,sell,3340.8900000000003,3327.5660962685215,3362.5704813426073,3319.2095186573933,0.02,stop_loss,RANGING,72,26.647807462957644,43.36096268521396,0.6145575608275071,82.37824482660929,trail,2627.8806115716475,1.0,17.860000000000127,0.38999999999987267,13.323903731478822,21.68048134260698,360.0,2025-07
2025-07-17 15:10:00+00:00,2025-07-21 08:10:00+00:00,HTF,sell,3324.82,3362.198021548119,3361.998021548119,3287.641978451881,0.02,stop_loss,RANGING,465,-74.75604309623759,74.35604309623795,-1.0053795224079087,40.13123716303551,raw,2553.12456847541,1.0,14.920000000000073,38.440000000000055,-37.378021548118795,37.17802154811898,5340.0,2025-07
2025-07-21 10:35:00+00:00,2025-07-21 16:50:00+00:00,HTF,buy,3367.2,3388.8373052610636,3336.536526305316,3397.8634736946838,0.02,stop_loss,RANGING,75,43.27461052212766,61.326947389367895,0.7056377720445625,91.21601902803775,trail,2596.3991789975375,1.0,27.970000000000255,4.349999999999909,21.63730526106383,30.663473694683944,375.0,2025-07
2025-07-22 11:40:00+00:00,2025-07-22 16:55:00+00:00,HTF,buy,3388.39,3413.384292774145,3367.4043092471484,3419.8685361292773,0.02,stop_loss,WEAK,63,49.98858554828985,41.97138150570299,1.1910159674276504,100.89414536167381,trail,2646.3877645458274,1.5,31.76000000000022,3.7399999999997817,24.994292774144924,20.985690752851497,315.0,2025-07
2025-07-23 06:10:00+00:00,2025-07-23 19:20:00+00:00,HTF,buy,3424.85,3381.9303938292296,3382.1303938292294,3488.929409256156,0.02,stop_loss,WEAK,158,-85.83921234154059,85.43921234154095,-1.004681691099874,14.029467662635467,raw,2560.548552204287,1.5,8.990000000000236,43.32999999999993,-42.919606170770294,42.719606170770476,790.0,2025-07
2025-07-24 13:40:00+00:00,2025-07-28 18:30:00+00:00,HTF,sell,3364.6800000000003,3315.389556123962,3409.0118537465414,3298.1822193801886,0.02,stop_loss,WEAK,606,98.5808877520767,88.66370749308226,1.1118516306096067,94.55954682082466,trail,2659.1294399563635,1.5,62.88000000000011,12.709999999999582,49.29044387603835,44.33185374654113,6050.0,2025-07
2025-07-29 06:25:00+00:00,2025-07-29 18:05:00+00:00,HTF,sell,3315.01,3333.274569422536,3333.074569422536,3269.8485764436605,0.02,stop_loss,STRONG,140,-36.52913884507143,36.12913884507179,-1.0110713959088509,13.396389049722249,raw,2622.600301111292,2.5,6.050000000000182,19.129999999999654,-18.264569422535715,18.064569422535897,700.0,2025-07
2025-07-30 07:45:00+00:00,2025-07-30 16:35:00+00:00,HTF,sell,3326.8100000000004,3307.35,3343.256432388594,3302.1403514171097,0.02,stop_gap,WEAK,106,38.92000000000098,32.89286477718724,1.183235338838405,100.93374421745773,trail,2661.520301111293,1.5,24.900000000000546,7.239999999999782,19.46000000000049,16.44643238859362,530.0,2025-07
2025-07-31 06:15:00+00:00,2025-07-31 10:45:00+00:00,HTF,sell,3295.46,3306.885323499756,3306.685323499756,3267.39669125061,0.02,stop_loss,STRONG,54,-22.85064699951181,22.450646999512173,-1.0178168584632918,6.022098160598316,raw,2638.6696541117813,2.5,1.6900000000000546,14.199999999999818,-11.425323499755905,11.225323499756087,270.0,2025-07
2025-07-31 11:45:00+00:00,2025-07-31 14:35:00+00:00,HTF,sell,3308.9900000000002,3306.734176929537,3318.8132922818527,3284.431769295369,0.02,stop_loss,STRONG,34,4.511646140926132,19.64658456370489,0.22964022709885915,61.85299007365206,locked,2643.1813002527074,2.5,15.190000000000055,4.149999999999636,2.255823070463066,9.823292281852446,170.0,2025-07
2025-07-31 17:05:00+00:00,2025-08-01 15:30:00+00:00,HTF,sell,3298.9300000000003,3320.289022479695,3320.0890224796954,3246.032443800763,0.02,stop_loss,STRONG,255,-42.71804495938977,42.318044959390136,-1.0094522325023165,32.780342318063674,raw,2600.4632552933176,2.5,17.340000000000146,31.769999999999527,-21.359022479694886,21.159022479695068,1345.0,2025-07
2025-08-01 16:15:00+00:00,2025-09-02 11:05:00+00:00,HTF,buy,3353.27,3470.7819787298927,3277.853957459785,3541.810106350538,0.02,stop_loss,STRONG,5937,235.02395745978538,150.83208508043026,1.5581827787798619,82.43338937713331,trail,2835.487212753103,2.5,155.42000000000007,41.7199999999998,117.51197872989269,75.41604254021513,45770.0,2025-08
2025-09-02 11:35:00+00:00,2025-09-03 01:10:00+00:00,HTF,buy,3478.8799999999997,3531.827306145435,3462.8346122908697,3518.9934692728248,0.02,stop_loss,STRONG,149,105.89461229087101,32.09077541825991,3.2998458563458746,152.7915712878052,trail,2941.381825043974,2.5,61.29000000000042,4.849999999999454,52.947306145435505,16.045387709129955,815.0,2025-09
2025-09-03 13:35:00+00:00,2025-09-03 21:30:00+00:00,HTF,buy,3537.14,3569.616412783918,3519.8528255678348,3580.3579360804124,0.02,stop_loss,STRONG,95,64.95282556783604,34.574348864330204,1.8786420482627462,95.60845275701966,trail,3006.33465061181,2.5,41.320000000000164,2.2199999999998,32.47641278391802,17.287174432165102,475.0,2025-09
2025-09-04 12:05:00+00:00,2025-09-09 09:20:00+00:00,HTF,buy,3541.93,3638.131130676098,3500.1522613521965,3646.3743466195083,0.02,stop_loss,STRONG,789,192.40226135219655,83.55547729560658,2.3026887952719917,112.29904135193485,trail,3198.7369119640066,2.5,117.28999999999996,6.859999999999673,96.20113067609827,41.77773864780329,7035.0,2025-09
2025-09-09 10:00:00+00:00,2025-09-11 12:15:00+00:00,HTF,buy,3647.5699999999997,3617.05616528566,3617.25616528566,3723.3545867858493,0.02,stop_loss,STRONG,579,-61.027669428679474,60.627669428679845,-1.006597647637935,35.03350895746729,raw,3137.709242535327,2.5,26.550000000000182,33.409999999999854,-30.513834714339737,30.31383471433992,3015.0,2025-09
2025-09-12 07:00:00+00:00,2025-09-16 15:30:00+00:00,HTF,buy,3653.5299999999997,3688.3085155796734,3619.2583852655766,3704.937422101634,0.02,stop_loss,WEAK,654,69.55703115934739,68.54322946884622,1.014790690464358,89.38398021428767,trail,3207.2662736946745,1.5,45.95000000000027,26.83999999999969,34.778515579673694,34.27161473442311,6270.0,2025-09
2025-09-16 16:30:00+00:00,2025-09-17 09:30:00+00:00,HTF,buy,3695.6299999999997,3674.077863215057,3674.2778632150566,3727.658205177414,0.02,stop_loss,WEAK,192,-43.10427356988566,42.70427356988603,-1.00936674404132,23.19830274235845,raw,3164.162000124789,1.5,7.430000000000291,21.639999999999873,-21.55213678494283,21.352136784943013,1020.0,2025-09
2025-09-17 12:05:00+00:00,2025-09-17 21:05:00+00:00,HTF,sell,3665.1400000000003,3701.3538398279766,3701.1538398279768,3611.1192402580355,0.02,stop_loss,WEAK,108,-72.42767965595249,72.02767965595285,-1.0055534206003898,25.32359793780034,raw,3091.7343204688364,1.5,13.680000000000291,42.279999999999745,-36.213839827976244,36.013839827976426,540.0,2025-09
2025-09-18 13:15:00+00:00,2025-09-18 16:50:00+00:00,HTF,sell,3665.6200000000003,3636.724296681812,3694.7676556060414,3621.898516590939,0.02,stop_loss,WEAK,43,57.79140663637645,58.295311212082204,0.9913560016195382,86.54784112873372,trail,3149.525727105213,1.5,37.840000000000146,6.799999999999727,28.895703318188225,29.1476556060411,215.0,2025-09
2025-09-19 06:55:00+00:00,2025-09-19 18:15:00+00:00,HTF,sell,3653.4700000000003,3672.9659364843073,3672.7659364843075,3605.230158789232,0.02,stop_loss,STRONG,136,-38.99187296861419,38.59187296861455,-1.0103648765719389,20.91632092219208,raw,3110.5338541365986,2.5,10.090000000000146,19.949999999999818,-19.495936484307094,19.295936484307276,680.0,2025-09
2025-09-22 06:30:00+00:00,2025-09-22 09:55:00+00:00,HTF,buy,3691.71,3714.221690757541,3674.115635858471,3718.101546212294,0.02,stop_loss,WEAK,41,45.02338151508229,35.18872828305848,1.279483053576525,106.35981603428826,trail,3155.557235651681,1.5,28.070000000000164,1.6100000000001273,22.511690757541146,17.59436414152924,205.0,2025-09
2025-09-22 10:35:00+00:00,2025-09-23 12:40:00+00:00,HTF,buy,3714.52,3778.8698872846244,3674.1529576154153,3775.0705635768772,0.02,stop_loss,WEAK,296,128.6997745692488,80.73408476916939,1.5941194470367797,126.60493226073683,trail,3284.2570102209297,1.5,76.65999999999985,2.4899999999997817,64.3498872846244,40.36704238458469,1565.0,2025-09
2025-09-23 13:15:00+00:00,2025-09-24 19:15:00+00:00,HTF,buy,3787.8199999999997,3737.321990918262,3737.521990918262,3913.5650227043443,0.02,stop_loss,STRONG,348,-100.99601816347513,100.59601816347549,-1.0039763005266233,0.8191179084853056,raw,3183.2609920574546,2.5,1.0300000000002,50.31999999999971,-50.498009081737564,50.298009081737746,1800.0,2025-09
2025-09-29 07:55:00+00:00,2025-09-30 09:55:00+00:00,HTF,buy,3805.23,3855.2394812077237,3732.4774060386194,3877.9825939613806,0.02,stop_loss,RANGING,300,100.01896241544728,145.50518792276125,0.6873910397513833,91.30945906239849,trail,3283.279954472902,1.0,66.42999999999984,3.8200000000001637,50.00948120772364,72.75259396138063,1560.0,2025-09
2025-10-01 06:15:00+00:00,2025-10-01 15:55:00+00:00,HTF,buy,3863.0499999999997,3869.0458703832783,3838.266518466886,3925.0087038327847,0.02,stop_loss,STRONG,116,11.991740766557086,49.5669630662278,0.24193010878101584,52.11535749221792,locked,3295.271695239459,2.5,32.29000000000042,9.699999999999818,5.995870383278543,24.7834815331139,580.0,2025-10
2025-10-02 09:10:00+00:00,2025-10-02 17:35:00+00:00,HTF,buy,3872.02,3850.7144188349384,3850.9144188349383,3924.783952912654,0.02,stop_loss,STRONG,101,-42.61116233012308,42.21116233012344,-1.0094761664431633,47.001785558133456,raw,3252.660532909336,2.5,24.800000000000182,28.139999999999873,-21.30558116506154,21.10558116506172,505.0,2025-10
2025-10-03 16:15:00+00:00,2025-10-06 08:30:00+00:00,HTF,buy,3879.85,3932.95634647647,3841.0044882549,3938.1182676176495,0.02,stop_loss,WEAK,183,106.21269295294043,77.69102349019977,1.3671166652391764,112.22231700637188,trail,3358.8732258622763,1.5,65.38999999999987,13.4699999999998,53.10634647647021,38.845511745099884,3855.0,2025-10
2025-10-06 17:00:00+00:00,2025-10-07 10:10:00+00:00,HTF,buy,3945.7599999999998,3950.868667067325,3910.3688862178305,3998.8466706732534,0.02,stop_loss,WEAK,194,10.217334134650628,70.78222756433843,0.144348863920162,59.7513454841341,locked,3369.090559996927,1.5,31.720000000000255,5.459999999999582,5.108667067325314,35.391113782169214,1030.0,2025-10
2025-10-08 06:15:00+00:00,2025-10-09 19:55:00+00:00,HTF,buy,4012.91,3966.439432645141,3966.639432645141,4128.586418387147,0.02,stop_loss,STRONG,440,-92.94113470971752,92.54113470971788,-1.004322402153965,40.06002316298282,raw,3276.1494252872094,2.5,46.340000000000146,48.98999999999978,-46.47056735485876,46.27056735485894,2260.0,2025-10
2025-10-13 06:45:00+00:00,2025-10-14 08:35:00+00:00,HTF,buy,4051.5099999999998,4158.909523151024,3991.3084105034127,4141.81238424488,0.02,stop_loss,WEAK,298,214.79904630204786,120.40317899317417,1.7839981310977273,141.84564568378184,trail,3490.948471589257,1.5,128.0900000000006,3.119999999999891,107.39952315102391,60.201589496587076,1550.0,2025-10
2025-10-14 10:00:00+00:00,2025-10-15 12:15:00+00:00,HTF,buy,4107.17,4194.30414226463,4066.03828452926,4209.99928867685,0.02,stop_loss,STRONG,303,174.2682845292602,82.26343094147978,2.118417412631749,107.8972746263668,trail,3665.2167561185174,2.5,110.94999999999982,9.449999999999818,87.1341422646301,41.13171547073989,1575.0,2025-10
2025-10-15 13:10:00+00:00,2025-10-17 01:35:00+00:00,HTF,buy,4199.32,4343.654840655948,4128.669681311895,4375.945796720262,0.02,stop_loss,STRONG,413,288.66968131189606,141.30063737620912,2.0429467741417247,101.83110470825562,trail,3953.8864374304135,2.5,179.86000000000058,22.710000000000036,144.33484065594803,70.65031868810456,2185.0,2025-10
2025-10-17 06:15:00+00:00,2025-10-17 17:00:00+00:00,HTF,buy,4360.84,4246.778538269267,4246.978538269267,4645.493654326832,0.02,stop_loss,STRONG,129,-228.1229234614657,227.72292346146608,-1.0017565205729817,6.207543704923537,raw,3725.763513968948,2.5,17.670000000000073,123.8100000000004,-114.06146173073284,113.86146173073303,645.0,2025-10
2025-10-20 11:10:00+00:00,2025-10-21 11:00:00+00:00,HTF,buy,4260.94,4277.706569010668,4193.0737239573255,4430.605690106685,0.02,stop_loss,STRONG,274,33.533138021337436,135.7325520853483,0.24705302822459185,71.07506527935816,locked,3759.296651990285,2.5,120.59000000000015,15.259999999999309,16.766569010668718,67.86627604267414,1430.0,2025-10
2025-10-21 13:20:00+00:00,2025-10-21 17:50:00+00:00,HTF,sell,4260.58,4116.7444987808785,4380.194995936262,4081.157506095607,0.02,stop_loss,WEAK,54,287.6710024382428,239.2299918725239,1.2024871973056421,100.27728189748173,trail,4046.967654428528,1.5,179.92000000000007,11.789999999999964,143.8355012191214,119.61499593626195,270.0,2025-10
2025-10-22 11:00:00+00:00,2025-10-28 12:50:00+00:00,HTF,sell,4117.2,3929.539022446789,4202.638044893579,3903.6048877660523,0.02,stop_loss,STRONG,1115,375.3219551064212,170.87608978715798,2.1964568335682277,107.95190844416382,trail,4422.28960953495,2.5,230.57999999999993,37.460000000000036,187.6609775532106,85.43804489357899,8750.0,2025-10
2025-10-28 14:45:00+00:00,2025-10-29 11:45:00+00:00,HTF,sell,3910.9700000000003,4027.127505168421,4026.9275051684212,3737.0337422473685,0.02,stop_loss,WEAK,240,-232.31501033684162,231.91501033684202,-1.0017247697741454,3.0988363608844947,raw,4189.974599198108,1.5,5.390000000000327,117.08999999999969,-116.15750516842081,115.957505168421,1260.0,2025-10
2025-10-30 07:00:00+00:00,2025-10-30 19:45:00+00:00,HTF,sell,3971.28,4017.1025529840117,4016.902552984012,3902.8461705239824,0.02,stop_loss,WEAK,153,-91.64510596802302,91.24510596802338,-1.004383796760999,35.21650064672483,raw,4098.329493230085,1.5,24.100000000000364,46.539999999999964,-45.82255298401151,45.62255298401169,765.0,2025-10
2025-11-04 06:40:00+00:00,2025-11-04 16:45:00+00:00,HTF,sell,3988.04,3938.0595824834813,4032.837912417406,3943.2420875825937,0.02,stop_loss,RANGING,121,99.96083503303726,89.59582483481245,1.1156863081213297,132.01508018713176,trail,4198.290328263122,1.0,59.13999999999987,12.650000000000091,49.98041751651863,44.79791241740622,605.0,2025-11
2025-11-04 17:20:00+00:00,2025-11-10 03:15:00+00:00,HTF,sell,3949.65,4030.918566196279,4030.718566196279,3868.581433803721,0.02,stop_loss,RANGING,935,-162.5371323925574,162.13713239255776,-1.002467047456046,25.435259271856182,raw,4035.753195870565,1.0,20.61999999999989,85.25999999999976,-81.2685661962787,81.06856619627888,7795.0,2025-11
2025-11-10 12:20:00+00:00,2025-11-10 16:10:00+00:00,HTF,buy,4080.89,4084.4500591448427,4043.2894085515736,4118.490591448426,0.02,stop_loss,RANGING,46,7.120118289685706,75.20118289685252,0.09468093473279279,66.00959996611698,locked,4042.8733141602506,1.0,24.820000000000164,5.129999999999654,3.560059144842853,37.60059144842626,230.0,2025-11
2025-11-10 17:00:00+00:00,2025-11-11 03:50:00+00:00,HTF,buy,4090.64,4131.374896757801,4043.564483789008,4137.715516210992,0.02,stop_loss,RANGING,118,81.46979351560276,94.15103242198347,0.8653096139238963,106.95581069006552,trail,4124.343107675853,1.0,50.34999999999991,12.480000000000018,40.73489675780138,47.075516210991736,650.0,2025-11
2025-11-11 06:35:00+00:00,2025-11-13 12:55:00+00:00,HTF,buy,4145.54,4221.722435543148,4086.748118477158,4233.727822284262,0.02,stop_loss,WEAK,628,152.36487108629626,117.58376304568357,1.2957985621458599,107.78132120511874,trail,4276.70797876215,1.5,95.05000000000018,48.38000000000011,76.18243554314813,58.79188152284178,3260.0,2025-11
2025-11-14 07:40:00+00:00,2025-11-14 09:20:00+00:00,HTF,buy,4194.0599999999995,4168.760913719817,4168.960913719817,4231.708629420274,0.02,stop_loss,WEAK,20,-50.59817256036513,50.19817256036549,-1.0079684175657713,3.346735377627578,raw,4226.1098062017845,1.5,1.2600000000002183,32.82999999999993,-25.299086280182564,25.099086280182746,100.0,2025-11
2025-11-17 06:20:00+00:00,2025-11-17 22:05:00+00:00,HTF,sell,4083.2400000000002,4021.6781021150587,4131.5336737168645,4010.799489424704,0.02,stop_loss,WEAK,189,123.12379576988315,96.58734743372861,1.27474041933248,105.25878323392621,trail,4349.233601971668,1.5,76.25000000000045,12.519999999999982,61.56189788494157,48.293673716864305,945.0,2025-11
2025-11-18 06:10:00+00:00,2025-11-19 07:15:00+00:00,HTF,sell,4010.8700000000003,4084.568096952317,4084.368096952317,3827.1247576192086,0.02,stop_loss,STRONG,289,-147.39619390463304,146.9961939046334,-1.0027211588910876,6.808339545507591,raw,4201.837408067035,2.5,12.510000000000218,78.24999999999955,-73.69809695231652,73.4980969523167,1505.0,2025-11
2025-11-19 16:40:00+00:00,2025-11-19 18:25:00+00:00,HTF,buy,4112.42,4072.5061195744725,4072.7061195744723,4211.70470106382,0.02,stop_loss,STRONG,21,-79.82776085105525,79.42776085105561,-1.005036022616195,20.184378645727445,raw,4122.009647215979,2.5,20.039999999999964,40.92000000000007,-39.91388042552762,39.713880425527805,105.0,2025-11
2025-11-20 13:00:00+00:00,2025-11-24 22:30:00+00:00,HTF,sell,4054.9900000000002,4127.394635750059,4127.194635750059,3946.683046374912,0.02,stop_loss,WEAK,666,-144.80927150011757,144.40927150011794,-1.0027699052550052,29.896510719049164,raw,3977.200375715862,1.5,32.38000000000011,76.11000000000013,-72.40463575005879,72.20463575005897,6330.0,2025-11
2025-11-25 06:25:00+00:00,2025-12-01 01:05:00+00:00,HTF,buy,4146.36,4207.700012979917,4052.760064899585,4239.959935100414,0.02,stop_loss,RANGING,1011,122.6800259598349,187.19987020082954,0.6553424734120957,90.42741312715425,trail,4099.880401675697,1.0,84.64000000000033,37.349999999999454,61.34001297991745,93.59993510041477,8320.0,2025-11
2025-12-01 13:25:00+00:00,2025-12-02 03:00:00+00:00,HTF,buy,4254.59,4218.172734377287,4218.372734377287,4308.91589843407,0.02,stop_loss,WEAK,151,-72.83453124542575,72.43453124542611,-1.0055222280467908,18.48105652994311,raw,4027.045870430271,1.5,10.039999999999964,40.039999999999964,-36.417265622712875,36.21726562271306,815.0,2025-12
2025-12-03 08:55:00+00:00,2025-12-03 16:05:00+00:00,HTF,buy,4208.25,4232.348753672677,4181.712512242257,4248.056231636615,0.02,stop_loss,WEAK,86,48.1975073453541,53.074975515486585,0.9081023001374856,81.04258723733729,trail,4075.243377775625,1.5,32.26000000000022,13.640000000000327,24.09875367267705,26.537487757743293,430.0,2025-12
2025-12-03 17:10:00+00:00,2025-12-04 07:50:00+00:00,HTF,buy,4217.7699999999995,4176.653290096595,4176.853290096595,4279.145064855107,0.02,stop_loss,WEAK,164,-82.23341980680925,81.83341980680962,-1.004887978541578,18.94906347953497,raw,3993.009957968816,1.5,11.63000000000011,42.69999999999982,-41.116709903404626,40.91670990340481,880.0,2025-12
2025-12-09 08:00:00+00:00,2025-12-09 18:10:00+00:00,HTF,sell,4177.28,4220.112084683149,4219.912084683149,4134.64791531685,0.02,stop_loss,RANGING,122,-85.66416936629867,85.26416936629903,-1.0046913023720576,16.44301481407508,raw,3907.345788602517,1.0,7.009999999999309,43.19999999999982,-42.83208468314933,42.632084683149515,610.0,2025-12
2025-12-11 07:00:00+00:00,2025-12-11 17:55:00+00:00,HTF,buy,4216.099999999999,4252.79783596883,4173.689179844152,4258.510820155847,0.02,stop_loss,RANGING,131,73.39567193766197,84.82164031169486,0.8652941828046973,107.00099605063474,trail,3980.741460540179,1.0,45.38000000000011,11.759999999999309,36.69783596883099,42.41082015584743,655.0,2025-12
2025-12-12 07:45:00+00:00,2025-12-12 11:30:00+00:00,HTF,buy,4278.63,4308.116348041947,4234.861740209735,4322.398259790265,0.02,stop_loss,RANGING,45,58.97269608389434,87.53651958052978,0.6736924927617443,89.63116237197362,trail,4039.7141566240734,1.0,39.22999999999956,1.9700000000002547,29.486348041947167,43.76825979026489,225.0,2025-12
2025-12-12 12:40:00+00:00,2025-12-23 08:10:00+00:00,HTF,buy,4328.22,4472.546991432328,4244.743304774425,4453.435042838362,0.02,stop_loss,WEAK,1827,288.6539828646546,166.95339045114997,1.7289495115052116,135.42302598490085,trail,4328.368139488728,1.5,169.5699999999997,70.78000000000065,144.3269914323273,83.47669522557499,15570.0,2025-12
2025-12-23 08:55:00+00:00,2025-12-23 16:55:00+00:00,HTF,buy,4481.67,4444.114184150159,4444.314184150159,4575.059539624603,0.02,stop_loss,STRONG,96,-75.11163169968131,74.71163169968167,-1.005353918672363,16.82201246857993,raw,4253.256507789047,2.5,15.710000000000036,40.10999999999967,-37.555815849840656,37.35581584984084,480.0,2025-12
2025-12-26 06:35:00+00:00,2025-12-29 09:00:00+00:00,HTF,buy,4507.099999999999,4463.591231130006,4463.791231130006,4615.371922174983,0.02,stop_loss,STRONG,294,-87.01753773998644,86.6175377399868,-1.0046180024327218,39.548572833866345,raw,4166.23897004906,2.5,42.82000000000062,61.69999999999982,-43.50876886999322,43.3087688699934,4465.0,2025-12
2025-12-29 16:40:00+00:00,2026-01-12 01:05:00+00:00,HTF,sell,4373.37,4527.055679355855,4526.8556793558555,3989.655801610361,0.02,stop_loss,STRONG,2287,-307.37135871171085,306.9713587117112,-1.0013030531632603,25.769179356661002,raw,3858.8676113373494,2.5,98.88000000000011,155.8199999999997,-153.68567935585543,153.4856793558556,19225.0,2025-12
2026-01-12 07:40:00+00:00,2026-01-12 23:45:00+00:00,HTF,buy,4581.92,4589.412593651545,4504.994063484559,4658.845936515441,0.02,stop_loss,RANGING,193,14.985187303089335,153.85187303088242,0.09740009665063606,62.670670236589096,locked,3873.852798640439,1.0,48.210000000000036,12.13000000000011,7.4925936515446665,76.92593651544121,965.0,2026-01
2026-01-13 16:15:00+00:00,2026-01-16 17:30:00+00:00,HTF,buy,4614.8099999999995,4557.609193610466,4557.809193610466,4700.311209584301,0.02,stop_loss,WEAK,841,-114.40161277906738,114.00161277906773,-1.0035087222912789,32.865032128340516,raw,3759.4511858613714,1.5,28.100000000000364,77.95999999999913,-57.20080638953368,57.000806389533864,4395.0,2026-01
2026-01-19 07:10:00+00:00,2026-01-21 08:45:00+00:00,HTF,buy,4669.74,4858.167158695901,4569.530528986336,4820.054206520495,0.02,stop_loss,WEAK,541,376.8543173918024,200.41894202732692,1.8803328347098982,145.48857693645988,trail,4136.305503253174,1.5,218.6900000000005,10.239999999999782,188.4271586959012,100.20947101366346,2975.0,2026-01
2026-01-22 12:40:00+00:00,2026-01-23 01:30:00+00:00,HTF,buy,4828.38,4932.610895526436,4774.2217910528725,4963.77552236782,0.02,stop_loss,STRONG,142,208.4617910528723,108.31641789425521,1.924563192778262,97.13024308347235,trail,4344.767294306046,2.5,131.51000000000022,17.68000000000029,104.23089552643614,54.158208947127605,770.0,2026-01
2026-01-23 07:45:00+00:00,2026-01-23 10:25:00+00:00,HTF,buy,4966.849999999999,4914.1815776520025,4914.381577652002,5098.021055869993,0.02,stop_loss,STRONG,32,-105.33684469599393,104.9368446959943,-1.0038118165374463,0.34306348837104206,raw,4239.430449610052,2.5,0.4500000000007276,65.48999999999978,-52.668422347996966,52.46842234799715,160.0,2026-01
2026-01-23 11:05:00+00:00,2026-01-26 06:30:00+00:00,HTF,buy,4914.62,5067.603211934075,4864.12642386815,5040.853940329625,0.02,stop_loss,STRONG,221,305.96642386815074,100.98715226370041,3.0297559343905736,141.34867337110686,trail,4545.396873478203,2.5,178.4300000000003,14.88000000000011,152.98321193407537,50.493576131850205,4045.0,2026-01
2026-01-26 07:55:00+00:00,2026-01-26 21:20:00+00:00,HTF,buy,5074.51,5026.415137845816,5026.615137845816,5194.24715538546,0.02,stop_loss,STRONG,161,-96.18972430836766,95.78972430836802,-1.0041758132501974,30.500139979468926,raw,4449.207149169835,2.5,36.51999999999953,54.23999999999978,-48.09486215418383,47.89486215418401,805.0,2026-01
2026-01-27 10:45:00+00:00,2026-01-28 13:00:00+00:00,HTF,buy,5083.94,5260.28827823828,4981.796556476559,5339.298608808601,0.02,stop_loss,STRONG,303,352.69655647656145,204.28688704688102,1.726476728756567,89.13739037895864,trail,4801.903705646397,2.5,227.6200000000008,37.289999999999964,176.34827823828073,102.14344352344051,1575.0,2026-01
2026-01-28 13:30:00+00:00,2026-01-29 17:15:00+00:00,HTF,buy,5255.71,5301.705751213349,5070.926995146605,5717.667512133488,0.02,stop_loss,STRONG,321,91.99150242669748,369.5660097067903,0.24891764937928829,74.1020528963889,locked,4893.895208073094,2.5,342.3199999999997,20.480000000000473,45.99575121334874,184.78300485339514,1665.0,2026-01
2026-01-30 14:35:00+00:00,2026-02-02 09:05:00+00:00,HTF,sell,5109.64,4539.473842622985,5383.90768524597,4423.9707868850755,0.02,stop_loss,STRONG,210,1140.3323147540304,548.5353704919398,2.078867427876807,103.18386569901546,trail,6034.227522827125,2.5,707.5,7.839999999999236,570.1661573770152,274.2676852459699,3990.0,2026-01
2026-02-02 16:05:00+00:00,2026-02-03 09:35:00+00:00,HTF,sell,4714.67,4926.289608412193,4926.089608412193,4186.120978969517,0.02,stop_loss,STRONG,198,-423.23921682438595,422.83921682438626,-1.000945986048796,22.41419344018947,raw,5610.988306002739,2.5,118.47000000000025,216.8199999999997,-211.61960841219297,211.41960841219316,1050.0,2026-02
2026-02-03 17:50:00+00:00,2026-03-03 17:15:00+00:00,HTF,buy,4934.04,5012.518147589666,4619.327409641337,5720.821475896657,0.02,stop_loss,STRONG,5430,156.9562951793323,629.4251807173259,0.24936449952710293,61.671507891949084,locked,5767.944601182071,2.5,485.22000000000025,278.7699999999995,78.47814758966615,314.71259035866296,40285.0,2026-02
2026-03-04 09:00:00+00:00,2026-03-09 03:00:00+00:00,HTF,buy,5167.37,5021.196657244494,5021.396657244494,5386.330014133258,0.02,stop_loss,WEAK,756,-292.34668551101095,291.9466855110113,-1.001370113174258,17.706429255345736,raw,5475.59791567106,1.5,38.77000000000044,152.65999999999985,-146.17334275550547,145.97334275550566,6840.0,2026-03
2026-03-09 06:55:00+00:00,2026-03-10 15:00:00+00:00,HTF,sell,5090.09,5200.81973001645,5200.61973001645,4924.295404975324,0.02,stop_loss,WEAK,362,-221.45946003290013,221.05946003290046,-1.0018094679139276,17.521680966545723,raw,5254.13845563816,1.5,29.050000000000182,110.60999999999967,-110.72973001645005,110.52973001645023,1925.0,2026-03
2026-03-10 17:10:00+00:00,2026-03-12 19:40:00+00:00,HTF,buy,5223.72,5108.530320045662,5108.730320045662,5396.204519931508,0.02,stop_loss,WEAK,571,-230.3793599086766,229.97935990867703,-1.001739286517531,8.597873018337417,raw,5023.759095729483,1.5,14.829999999999927,118.5600000000004,-115.18967995433832,114.9896799543385,3030.0,2026-03
2026-03-13 12:05:00+00:00,2026-03-13 17:00:00+00:00,HTF,sell,5088.78,5047.040029431493,5125.013431438311,5034.4298528425325,0.02,stop_loss,WEAK,59,83.47994113701316,72.46686287662305,1.151973989534226,97.16625025318594,trail,5107.2390368664965,1.5,52.80999999999949,33.0600000000004,41.73997056850658,36.23343143831153,295.0,2026-03
2026-03-16 07:35:00+00:00,2026-03-18 14:50:00+00:00,HTF,sell,5011.900000000001,4891.616851738805,5072.6228391293525,4920.815741305973,0.02,stop_loss,WEAK,639,240.566296522391,121.445678258704,1.9808551442228834,154.98836135256036,trail,5347.805333388887,1.5,141.17000000000098,32.6299999999992,120.28314826119549,60.722839129351996,3315.0,2026-03
2026-03-18 16:20:00+00:00,2026-03-19 14:55:00+00:00,HTF,sell,4866.88,4579.177363746784,5025.971212489281,4628.243181266078,0.02,stop_loss,WEAK,259,575.4052725064321,318.18242497856227,1.8084131219541757,140.6446841609234,trail,5923.2106058953195,1.5,335.6300000000001,32.23999999999978,287.70263625321604,159.09121248928113,1355.0,2026-03
2026-03-19 16:30:00+00:00,2026-03-25 01:35:00+00:00,HTF,sell,4605.9800000000005,4526.200475026147,4925.898099895417,3806.18475026146,0.02,stop_loss,STRONG,925,159.55904994770754,639.8361997908323,0.2493748399979068,63.44748861235301,locked,6082.769655843027,2.5,507.4500000000007,129.85999999999967,79.77952497385377,319.91809989541616,7745.0,2026-03
2026-03-25 09:10:00+00:00,2026-03-26 07:55:00+00:00,HTF,buy,4556.97,4442.4331637147,4442.6331637147,4842.8120907132525,0.02,stop_loss,STRONG,261,-229.07367257060108,228.67367257060144,-1.0017492175443858,10.037010269694852,raw,5853.695983272426,2.5,28.6899999999996,118.0,-114.53683628530052,114.3368362853007,1365.0,2026-03
2026-03-26 13:50:00+00:00,2026-03-27 17:20:00+00:00,HTF,sell,4427.25,4547.830546642767,4547.6305466427675,4126.298633393081,0.02,stop_loss,STRONG,318,-241.1610932855347,240.76109328553503,-1.0016613980047235,25.359579144122463,raw,5612.534889986891,2.5,76.31999999999971,128.01000000000022,-120.58054664276733,120.38054664276751,1650.0,2026-03
2026-03-30 08:40:00+00:00,2026-03-31 07:15:00+00:00,HTF,buy,4561.30009765625,4573.02985590881,4481.768375972521,4680.597680181842,0.02,stop_loss,WEAK,259,23.45951650511961,159.06344336745678,0.147485280140234,73.93268201795196,locked,5635.994406492011,1.5,88.19990234375018,51.30009765624982,11.729758252559805,79.53172168372839,1355.0,2026-03
2026-03-31 11:20:00+00:00,2026-03-31 22:05:00+00:00,HTF,buy,4606.59990234375,4693.705845338084,4488.128640752919,4725.071163934581,0.02,stop_loss,RANGING,117,174.21188598866866,236.9425231816622,0.7352495603125725,93.69377334383925,trail,5810.20629248068,1.0,111.00019531250018,8.800097656249818,87.10594299433433,118.47126159083109,645.0,2026-03
2026-04-01 06:50:00+00:00,2026-04-19 23:35:00+00:00,HTF,buy,4753.7,4783.494516485695,4553.736556762031,5053.645164856953,0.02,stop_loss,WEAK,3220,59.589032971391134,399.92688647593786,0.14899981718277494,54.67672579110039,locked,5869.795325452071,1.5,164.00019531250018,173.30009765624982,29.794516485695567,199.96344323796893,26925.0,2026-04
2026-04-20 14:20:00+00:00,2026-04-21 17:10:00+00:00,HTF,buy,4845.9001953125,4722.971218481687,4723.171218481687,4968.629172143313,0.02,stop_loss,RANGING,309,-245.85795366162532,245.45795366162565,-1.0016296070020656,7.251432876580301,raw,5623.9373717904455,1.0,8.899609375000182,127.80009765624982,-122.92897683081264,122.72897683081283,1610.0,2026-04
2026-04-21 17:55:00+00:00,2026-04-23 17:50:00+00:00,HTF,sell,4730.8,4721.136909296034,4829.430907039658,4632.169092960342,0.02,stop_loss,RANGING,551,19.32618140793238,197.26181407931654,0.09797223805394775,51.4036663207045,locked,5643.263553198378,1.0,50.69990234375018,59.99980468749982,9.66309070396619,98.63090703965827,2875.0,2026-04
2026-04-24 06:10:00+00:00,2026-04-24 11:25:00+00:00,HTF,sell,4696.69990234375,4732.744592407661,4732.544592407661,4642.932867247884,0.02,stop_loss,WEAK,63,-72.08938012782164,71.689380127822,-1.0055796269864021,28.083759241284913,raw,5571.174173070556,1.5,15.099804687500182,36.69999999999982,-36.04469006391082,35.844690063911,315.0,2026-04
2026-04-24 17:45:00+00:00,2026-04-28 05:05:00+00:00,HTF,buy,4739.4001953125,4672.395859911432,4672.595859911432,4839.606698414102,0.02,stop_loss,WEAK,398,-134.00867080213538,133.60867080213575,-1.0029938176736448,6.386421217105504,raw,5437.165502268421,1.5,6.399609375000182,78.40019531249982,-67.00433540106769,66.80433540106787,5000.0,2026-04
2026-04-28 06:25:00+00:00,2026-04-28 12:10:00+00:00,HTF,sell,4644.8,4586.914447577297,4707.181491924325,4551.227762113513,0.02,stop_loss,WEAK,69,115.77110484540572,124.76298384865004,0.9279283107387655,82.50299884609083,trail,5552.9366071138265,1.5,77.19990234375018,8.499804687499818,57.88555242270286,62.38149192432502,345.0,2026-04
2026-04-29 06:55:00+00:00,2026-04-29 13:55:00+00:00,HTF,sell,4597.90009765625,4539.866709038602,4645.789778826589,4526.065575900742,0.02,stop_loss,WEAK,84,116.0667772352972,95.77936234067784,1.2118140526187573,105.38095123873485,trail,5669.003384349124,1.5,75.69990234375018,5.300097656249818,58.0333886176486,47.88968117033892,420.0,2026-04
2026-04-29 17:35:00+00:00,2026-04-30 08:00:00+00:00,HTF,sell,4559.0001953125,4622.5435890945555,4622.343589094556,4463.985104639417,0.02,stop_loss,WEAK,161,-127.08678756411065,126.686787564111,-1.003157393187488,28.416744246868404,raw,5541.916596785013,1.5,27.000195312500182,80.19999999999982,-63.54339378205532,63.3433937820555,865.0,2026-04
2026-05-01 10:40:00+00:00,2026-05-01 14:10:00+00:00,HTF,sell,4580.90009765625,4665.889190842656,4665.689190842656,4453.7164578766415,0.02,stop_loss,WEAK,42,-169.97818637281125,169.57818637281162,-1.002358793949596,6.211567517598911,raw,5371.938410412202,1.5,7.900097656250182,92.09990234374982,-84.98909318640563,84.78909318640581,210.0,2026-05
2026-05-04 12:30:00+00:00,2026-05-06 05:55:00+00:00,HTF,sell,4576.69990234375,4671.83970850484,4671.63970850484,4434.290193102115,0.02,stop_loss,WEAK,473,-190.27961232217967,189.87961232218004,-1.0021065979391244,46.76633710030004,raw,5181.658798090022,1.5,66.59980468750018,98.09990234374982,-95.13980616108984,94.93980616109002,2485.0,2026-05
2026-05-06 13:55:00+00:00,2026-05-07 15:30:00+00:00,HTF,buy,4713.7,4694.0998046875,4643.3564440175405,4819.215333973689,0.02,stop_gap,WEAK,294,-39.20039062499927,140.68711196491859,-0.2786352642932509,58.28555243718011,locked,5142.458407465023,1.5,61.50019531250018,23.900195312499818,-19.600195312499636,70.34355598245929,1535.0,2026-05
2026-05-12 07:15:00+00:00,2026-05-12 15:20:00+00:00,HTF,buy,4707.4001953125,4659.751206883237,4659.951206883236,4778.573677956395,0.02,stop_loss,WEAK,97,-95.29797685852645,94.89797685852682,-1.0042150529783787,17.421670142291056,raw,5047.160430606496,1.5,12.399609375000182,61.69999999999982,-47.64898842926323,47.44898842926341,485.0,2026-05
2026-05-15 06:45:00+00:00,2026-05-18 07:30:00+00:00,HTF,sell,4576.8,4558.880749824539,4697.595001169744,4395.607498245385,0.02,stop_loss,WEAK,283,35.838500350922914,241.5900023394879,0.14834430234642665,51.49219702609662,locked,5082.998930957419,1.5,93.30000000000018,16.999804687499818,17.919250175461457,120.79500116974395,4365.0,2026-05
2026-05-18 10:10:00+00:00,2026-05-18 13:50:00+00:00,HTF,sell,4542.69990234375,4585.481780487602,4585.281780487602,4436.24520698412,0.02,stop_loss,STRONG,44,-85.56375628770365,85.16375628770402,-1.0046968336935296,8.642082261069518,raw,4997.435174669716,2.5,9.199902343750182,45.90019531249982,-42.78187814385183,42.58187814385201,220.0,2026-05
2026-05-19 09:15:00+00:00,2026-05-20 01:50:00+00:00,HTF,sell,4543.0001953125,4477.772346011062,4582.144887334624,4445.13846525719,0.02,stop_loss,STRONG,187,130.4556986028765,78.28938404424844,1.6663267976299847,86.8574418870981,trail,5127.890873272592,2.5,85.00019531250018,8.499804687499818,65.22784930143825,39.14469202212422,995.0,2026-05
2026-05-21 12:55:00+00:00,2026-05-21 17:15:00+00:00,HTF,sell,4504.8,4542.08116121723,4541.88116121723,4412.097096956924,0.02,stop_loss,STRONG,52,-74.56232243445993,74.1623224344603,-1.0053935743497397,17.799006040655613,raw,5053.328550838132,2.5,16.500195312500182,37.59990234374982,-37.281161217229965,37.08116121723015,260.0,2026-05
2026-05-22 14:55:00+00:00,2026-05-27 12:20:00+00:00,HTF,sell,4501.19990234375,4492.3852317168785,4561.297706522895,4411.053196075032,0.02,stop_loss,WEAK,449,17.629341253743405,120.19560835828997,0.1466720913894979,52.026412941195964,locked,5070.957892091876,1.5,46.90009765625018,42.40019531249982,8.814670626871703,60.09780417914499,7045.0,2026-05
2026-05-28 06:05:00+00:00,2026-05-28 18:00:00+00:00,HTF,sell,4409.0001953125,4545.839725812642,4545.639725812643,4204.0408995622865,0.02,stop_loss,WEAK,143,-273.6790610002845,273.27906100028486,-1.0014637052635336,2.537279710083489,raw,4797.278831091591,1.5,5.200390625000182,138.09990234374982,-136.83953050014225,136.63953050014243,715.0,2026-05
2026-05-29 06:50:00+00:00,2026-05-29 15:35:00+00:00,HTF,buy,4552.9001953125,4608.827949855541,4492.65970264347,4643.260934316044,0.02,stop_loss,WEAK,105,111.85550908608275,120.48098533805933,0.9284079871377693,82.11520087373343,trail,4909.134340177674,1.5,74.19990234375018,12.900195312499818,55.927754543041374,60.24049266902966,525.0,2026-05
2026-05-29 16:40:00+00:00,2026-06-01 13:10:00+00:00,HTF,buy,4600.7,4512.8290564639165,4513.029056463916,4732.206415304125,0.02,stop_loss,WEAK,232,-175.74188707216672,175.34188707216708,-1.002281257528813,0.0,raw,4733.392453105507,1.5,0.0,98.80009765624982,-87.87094353608336,87.67094353608354,4110.0,2026-05
2026-06-01 13:50:00+00:00,2026-06-02 06:30:00+00:00,HTF,sell,4484.0998046875,4566.056019626774,4565.8560196267745,4361.465482278589,0.02,stop_loss,WEAK,188,-163.9124298785482,163.51242987854857,-1.0024462972038073,6.604843186145085,raw,4569.480023226959,1.5,8.099804687500182,83.60039062499982,-81.9562149392741,81.75621493927429,1000.0,2026-06
2026-06-02 09:15:00+00:00,2026-06-02 18:40:00+00:00,HTF,buy,4564.80009765625,4510.760459169793,4510.960459169793,4618.639736142707,0.02,stop_loss,RANGING,113,-108.07927697291416,107.67927697291452,-1.0037147351955218,0.0,raw,4461.400746254045,1.0,0.0,56.80009765624982,-54.03963848645708,53.83963848645726,565.0,2026-06
2026-06-03 08:25:00+00:00,2026-06-05 14:50:00+00:00,HTF,sell,4485.19990234375,4384.691697424633,4560.6588777481675,4409.740926939333,0.02,stop_loss,RANGING,629,201.01640983823384,150.91795080883458,1.331958251227902,153.4608698029332,trail,4662.417156092279,1.0,115.80000000000018,58.00029296874982,100.5082049191169,75.45897540441729,3265.0,2026-06
2026-06-08 17:15:00+00:00,2026-06-09 14:45:00+00:00,HTF,buy,4362.59990234375,4306.261074865547,4306.461074865547,4502.946971039257,0.02,stop_loss,STRONG,245,-112.6776549564056,112.27765495640598,-1.0035625966729973,18.525641863535792,raw,4549.739501135873,2.5,26.000195312500182,60.49980468749982,-56.3388274782028,56.138827478202984,1290.0,2026-06
2026-06-10 12:00:00+00:00,2026-06-10 23:25:00+00:00,HTF,sell,4169.19990234375,4074.270282227858,4224.940564455716,4029.8482470638346,0.02,stop_loss,STRONG,125,189.8592402317845,111.48132422393246,1.7030587100886456,88.2658702006842,trail,4739.598741367658,2.5,122.99995117187518,40.30009765624982,94.92962011589225,55.74066211196623,685.0,2026-06
2026-06-11 06:35:00+00:00,2026-06-11 17:30:00+00:00,HTF,sell,4109.19990234375,4169.713352571603,4169.513352571603,3958.4162767741186,0.02,stop_loss,STRONG,131,-121.0269004557049,120.62690045570525,-1.0033160099321836,24.14045515758991,raw,4618.571840911953,2.5,36.39985351562518,61.80009765624982,-60.513450227852445,60.31345022785263,655.0,2026-06
2026-06-12 08:50:00+00:00,2026-06-12 11:40:00+00:00,HTF,sell,4243.0998046875,4224.274982413142,4255.0495742012845,4213.225380903039,0.03,stop_loss,STRONG,34,56.474466823073264,35.84930854135291,1.5753293193348155,83.6826417527539,trail,4675.046307735026,2.5,24.999707031250182,6.500292968749818,18.824822274357757,11.949769513784304,170.0,2026-06
2026-06-15 06:50:00+00:00,2026-06-15 13:50:00+00:00,HTF,buy,4328.4998046875,4378.309054879199,4303.918305070896,4389.9535537290085,0.02,stop_loss,STRONG,84,99.61850038339799,49.1629992332073,2.026290135613011,101.37705342910799,trail,4774.664808118424,2.5,62.30000000000018,2.399707031249818,49.80925019169899,24.58149961660365,420.0,2026-06
2026-06-15 15:25:00+00:00,2026-06-17 18:10:00+00:00,HTF,buy,4375.9998046875,4299.632744640432,4299.832744640432,4566.41745480517,0.02,stop_loss,STRONG,585,-152.7341200941355,152.33412009413587,-1.0026258070073366,14.494608536390613,raw,4621.930688024288,2.5,27.600292968750182,79.89970703124982,-76.36706004706775,76.16706004706793,3045.0,2026-06
2026-06-18 12:35:00+00:00,2026-06-24 06:10:00+00:00,HTF,sell,4261.0998046875,4112.569447035945,4405.664628140651,4044.252569507774,0.02,stop_loss,WEAK,823,297.06071530311056,289.1296469063018,1.0274308376248216,89.50992828044465,trail,4918.991403327399,1.5,194.09980468750018,35.10039062499982,148.53035765155528,144.5648234531509,8255.0,2026-06
2026-06-24 10:05:00+00:00,2026-06-24 13:30:00+00:00,HTF,sell,4077.100048828125,3999.6316383102508,4133.872502049795,3991.9413689956205,0.02,stop_loss,WEAK,41,154.93682103574884,113.54490644333966,1.3645422405016845,113.67015105259067,trail,5073.928224363148,1.5,96.80000000000018,6.599902343749818,77.46841051787442,56.77245322166982,205.0,2026-06
2026-06-24 14:20:00+00:00,2026-06-30 06:25:00+00:00,HTF,sell,4041.100048828125,4027.0491773966573,4136.105858371244,3898.5913345134472,0.02,stop_loss,WEAK,1007,28.10174286293568,190.01161908623726,0.14789486557757098,60.1367761238362,locked,5102.0299672260835,1.5,85.70014648437518,70.39995117187482,14.05087143146784,95.00580954311863,8165.0,2026-06
2026-06-30 13:10:00+00:00,2026-07-01 06:05:00+00:00,HTF,buy,4037.59990234375,3978.4151621243955,3978.6151621243953,4126.077012672782,0.02,stop_loss,WEAK,191,-118.36948043870872,117.96948043870907,-1.0033907074822412,45.77477175948267,raw,4983.660486787375,1.5,40.50019531250018,60.39995117187482,-59.18474021935435,58.984740219354535,1015.0,2026-06
2026-07-01 07:15:00+00:00,2026-07-01 11:10:00+00:00,HTF,sell,3982.999951171875,4027.587314450273,4027.387314450273,3916.418906254278,0.02,stop_loss,WEAK,47,-89.17472655679558,88.77472655679594,-1.004505786900326,14.11791227857534,raw,4894.485760230579,1.5,9.399853515625182,50.00004882812482,-44.58736327839779,44.38736327839797,235.0,2026-07
2026-07-02 08:10:00+00:00,2026-07-06 00:00:00+00:00,HTF,buy,4082.09990234375,4185.4224135620225,3987.1742886963234,4224.488322814889,0.02,stop_loss,WEAK,250,206.64502243654533,189.85122729485283,1.088457659089085,92.70430479931842,trail,5101.130782667125,1.5,132.00019531250018,12.399951171874818,103.32251121827267,94.92561364742642,5270.0,2026-07
2026-07-06 06:15:00+00:00,2026-07-07 14:00:00+00:00,HTF,buy,4160.9001953125,4166.515732366502,4122.129948285821,4219.055565852517,0.02,stop_loss,WEAK,369,11.231074108003668,77.54049405335718,0.14484140506346707,54.16474306457191,locked,5112.361856775128,1.5,31.499707031250182,33.19999999999982,5.615537054001834,38.77024702667859,1905.0,2026-07
2026-07-07 14:50:00+00:00,2026-07-08 08:15:00+00:00,HTF,buy,4164.9998046875,4102.145084864718,4102.345084864718,4258.9818844216725,0.02,stop_loss,WEAK,197,-125.70943964556318,125.30943964556354,-1.0031920979068378,3.085798552716729,raw,4986.652417129565,1.5,2.900097656250182,73.69975585937482,-62.85471982278159,62.65471982278177,1045.0,2026-07
2026-07-08 13:15:00+00:00,2026-07-13 22:00:00+00:00,HTF,sell,4083.3,4014.168896815737,4153.52998157329,3977.955027640066,0.02,stop_loss,WEAK,919,138.26220636852668,140.45996314657896,0.9843531442781401,85.8133953914558,trail,5124.914623498092,1.5,90.40009765625018,65.09990234374982,69.13110318426334,70.22998157328948,7725.0,2026-07
2026-07-14 06:55:00+00:00,2026-07-14 12:30:00+00:00,HTF,sell,4030.19990234375,4070.107776153611,4069.9077761536114,3970.638091628958,0.02,stop_loss,WEAK,67,-79.81574761972206,79.41574761972242,-1.0050367844160457,16.956846285050762,raw,5045.09887587837,1.5,10.099804687500182,82.30009765624982,-39.90787380986103,39.70787380986121,335.0,2026-07
2026-07-15 08:15:00+00:00,2026-07-15 12:35:00+00:00,HTF,sell,4029.600048828125,4065.235544028176,4065.035544028176,3976.4468060280487,0.02,stop_loss,WEAK,52,-71.27099040010125,70.87099040010162,-1.0056440582774622,1.8812608962284119,raw,4973.827885478268,1.5,0.9999511718751819,43.39995117187482,-35.63549520005063,35.43549520005081,260.0,2026-07
2026-07-17 07:30:00+00:00,2026-07-17 13:35:00+00:00,HTF,sell,4000.3,3993.2587508270467,4048.5749944863546,3927.8875082704685,0.02,stop_loss,WEAK,73,14.082498345906972,96.54998897270889,0.1458570684030588,51.51044952205158,locked,4987.910383824175,1.5,37.30000000000018,7.599902343749818,7.041249172953485,48.274994486354444,365.0,2026-07
2026-07-21 06:45:00+00:00,2026-07-22 14:25:00+00:00,HTF,buy,4087.59990234375,4149.581690381285,3992.509330812672,4182.690473874827,0.02,stop_loss,RANGING,368,123.96357607506981,190.18114306215557,0.651818440456821,85.3921698401114,trail,5111.873959899245,1.0,81.19990234375018,39.19999999999982,61.9817880375349,95.09057153107779,1900.0,2026-07
2026-07-22 15:05:00+00:00,2026-07-22 22:00:00+00:00,HTF,buy,4159.80009765625,4086.130033489153,4086.330033489153,4270.005193906895,0.02,stop_loss,WEAK,71,-147.34012833419365,146.94012833419401,-1.002722197159716,10.525651791200389,raw,4964.5338315650515,1.5,11.599804687500182,85.19999999999982,-73.67006416709683,73.47006416709701,415.0,2026-07
2026-07-23 12:45:00+00:00,2026-07-29 07:30:00+00:00,HTF,sell,4068.600048828125,4058.0830105371633,4140.046970767871,3961.429665918506,0.02,stop_loss,WEAK,1036,21.034076581923728,142.89384387949212,0.14720071915528127,55.3324513639278,locked,4985.567908146975,1.5,59.30000000000018,50.69975585937482,10.517038290961864,71.44692193974606,8325.0,2026-07
2026-07-30 06:40:00+00:00,2026-07-30 13:40:00+00:00,HTF,buy,4093.2,4143.903793302745,4025.217989951224,4161.182010048776,0.02,stop_loss,RANGING,84,101.40758660549001,135.96402009755184,0.7458413375298245,94.87832923184001,trail,5086.975494752465,1.0,64.50019531250018,1.599902343749818,50.703793302745,67.98201004877592,420.0,2026-07
2026-07-30 14:35:00+00:00,2026-07-31 20:55:00+00:00,HTF,buy,4165.09990234375,4106.8,4029.704901518371,4300.4949031691285,0.02,open_at_window_end,RANGING,352,-116.59980468749926,270.7900016507574,-0.4305912477443686,9.749180001685827,raw,4970.375690064966,1.0,13.199902343750182,88.69999999999982,-58.299902343749636,135.3950008253787,1820.0,2026-07
