entry_ts,exit_ts,path,side,entry,exit,sl0,tp0,lot,reason,regime,bars,pnl,risk_usd,r,max_fav_pct,stage,balance,rr,mfe_pts,mae_pts,pts,stop_pts,mins,month
2022-03-01 07:30:00+00:00,2022-03-01 11:10:00+00:00,HTF,buy,1907.978,1922.2420351736866,1891.4481758684333,1924.5078241315668,0.02,stop_loss,RANGING,44,28.52807034737316,33.05964826313357,0.8629272193190938,110.54564074341364,trail,1028.5280703473732,1.0,18.27299999999991,1.8100000000001728,14.26403517368658,16.529824131566784,220.0,2022-03
2022-03-01 14:40:00+00:00,2022-03-01 19:20:00+00:00,HTF,buy,1921.517,1937.2398891729267,1895.0264458646338,1948.0075541353663,0.02,stop_loss,RANGING,56,31.44577834585334,52.98110827073243,0.5935281343147076,80.10779952567663,trail,1059.9738486932265,1.0,21.221000000000004,3.6340000000000146,15.72288917292667,26.49055413536621,280.0,2022-03
2022-03-03 06:50:00+00:00,2022-03-03 12:55:00+00:00,HTF,buy,1928.153,1929.917061703646,1908.5123829635409,1947.7936170364592,0.02,stop_loss,RANGING,73,3.528123407291787,39.28123407291832,0.08981702053307389,53.4860996500227,locked,1063.5019721005183,1.0,10.504999999999882,4.588999999999942,1.7640617036458934,19.64061703645916,365.0,2022-03
2022-03-04 06:55:00+00:00,2022-03-04 14:30:00+00:00,HTF,sell,1935.572,1954.648112591438,1954.4481125914378,1916.695887408562,0.02,stop_loss,RANGING,91,-38.15222518287601,37.75222518287592,-1.0105954019415397,8.762397405651397,raw,1025.3497469176423,1.0,1.6539999999999964,20.06600000000003,-19.076112591438005,18.87611259143796,455.0,2022-03
2022-03-07 08:20:00+00:00,2022-03-08 15:10:00+00:00,HTF,buy,1997.208,2048.358,1960.476652386088,2052.305021420868,0.02,stop_gap,WEAK,358,102.3000000000002,73.46269522782404,1.3925435172606355,120.13353588462918,trail,1127.6497469176425,1.5,66.19000000000005,36.330000000000155,51.15000000000009,36.73134761391202,1850.0,2022-03
2022-03-08 16:15:00+00:00,2022-03-09 14:05:00+00:00,HTF,buy,2059.048,1979.2155755250426,1979.4155755250426,2178.4966367124352,0.02,stop_loss,WEAK,250,-159.66484894991436,159.26484894991427,-1.0025115397568103,9.468504883172892,raw,967.9848979677281,1.5,11.3100000000004,83.03999999999974,-79.83242447495718,79.63242447495713,1310.0,2022-03
2022-03-09 17:15:00+00:00,2022-03-15 15:50:00+00:00,HTF,sell,1993.348,1922.3828603930913,2023.8177207861822,1917.1736980345443,0.02,stop_loss,STRONG,1099,141.93027921381736,60.93944157236456,2.3290380671650484,113.42407842369389,trail,1109.9151771815455,2.5,86.39999999999986,15.713999999999942,70.96513960690868,30.46972078618228,8555.0,2022-03
2022-03-16 13:20:00+00:00,2022-03-16 14:40:00+00:00,HTF,sell,1917.648,1915.1970533842828,1935.3209774381146,1891.1385338428279,0.02,stop_loss,WEAK,16,4.901893231434315,35.34595487622937,0.13868328776515537,51.868264409692735,locked,1114.8170704129798,1.5,13.75,2.1950000000001637,2.4509466157171573,17.672977438114685,80.0,2022-03
2022-03-17 08:00:00+00:00,2022-03-18 19:30:00+00:00,HTF,buy,1936.758,1918.9790306846107,1919.1790306846108,1963.126453973084,0.02,stop_loss,WEAK,414,-35.55793863077861,35.15793863077852,-1.0113772313047362,49.263411549497,raw,1079.2591317822012,1.5,12.990000000000009,18.519999999999982,-17.778969315389304,17.57896931538926,2130.0,2022-03
2022-03-21 12:05:00+00:00,2022-03-21 14:05:00+00:00,HTF,sell,1925.123,1935.5806999050753,1935.3806999050753,1909.7364501423872,0.02,stop_loss,WEAK,24,-20.915399810150575,20.515399810150484,-1.0194975483637507,47.21656295420619,raw,1058.3437319720506,1.5,7.2650000000001,10.294999999999845,-10.457699905075287,10.257699905075242,120.0,2022-03
2022-03-22 11:30:00+00:00,2022-03-22 14:10:00+00:00,HTF,sell,1926.6779999999999,1914.2678851883725,1938.5442839612413,1908.878574058138,0.02,stop_loss,WEAK,32,24.820229623254818,23.732567922482758,1.0458299204841495,90.84562644219942,trail,1083.1639615953054,1.5,16.169999999999845,4.125000000000227,12.410114811627409,11.866283961241379,160.0,2022-03
2022-03-23 06:35:00+00:00,2022-03-23 18:05:00+00:00,HTF,sell,1917.408,1938.118050962277,1937.918050962277,1886.6429235565843,0.02,stop_loss,WEAK,138,-41.420101924554274,41.02010192455418,-1.0097513165797536,1.6902282071568606,raw,1041.7438596707511,1.5,0.5199999999999818,21.730000000000018,-20.710050962277137,20.51005096227709,690.0,2022-03
2022-03-24 08:50:00+00:00,2022-03-24 11:45:00+00:00,HTF,sell,1941.043,1954.768975843141,1954.568975843141,1927.5170241568587,0.02,stop_loss,RANGING,35,-27.451951686282428,27.051951686282337,-1.0147863638320382,23.96130258981241,raw,1014.2919079844687,1.0,3.2409999999999854,14.646000000000186,-13.725975843141214,13.525975843141168,175.0,2022-03
2022-03-24 13:25:00+00:00,2022-03-24 20:45:00+00:00,HTF,buy,1953.853,1955.9533508160155,1930.8494918398446,1976.8565081601555,0.02,stop_loss,RANGING,88,4.200701632030814,46.00701632031087,0.09130567396035018,53.16580373242245,locked,1018.4926096164995,1.0,12.230000000000018,6.414999999999964,2.100350816015407,23.003508160155434,440.0,2022-03
2022-03-25 08:10:00+00:00,2022-03-28 05:50:00+00:00,HTF,buy,1956.741,1934.7886111623334,1934.9886111623334,1989.3695832565,0.02,stop_loss,WEAK,248,-43.90477767533321,43.504777675333116,-1.0091943924638624,15.284145072423941,raw,974.5878319411663,1.5,4.98700000000008,23.76299999999992,-21.952388837666604,21.752388837666558,4180.0,2022-03
2022-03-28 07:25:00+00:00,2022-03-29 11:45:00+00:00,HTF,sell,1932.138,1903.2751667530456,1961.0008332469542,1903.2751667530456,0.02,take_profit,RANGING,328,57.72566649390865,57.72566649390865,1.0,101.30675581921773,locked,1032.313498435075,1.0,29.24000000000001,13.384999999999991,28.862833246954324,28.862833246954324,1700.0,2022-03
2022-03-30 06:15:00+00:00,2022-03-31 00:40:00+00:00,HTF,buy,1927.053,1929.0010023431778,1912.7329843788152,1948.5330234317776,0.02,stop_loss,WEAK,209,3.896004686355355,28.64003124236979,0.13603353478859487,52.95618059322912,locked,1036.2095031214303,1.5,11.375,9.945000000000164,1.9480023431776772,14.320015621184893,1105.0,2022-03
2022-03-31 13:00:00+00:00,2022-03-31 17:50:00+00:00,HTF,buy,1933.238,1945.46675168219,1919.717172273967,1953.5192415890497,0.02,stop_loss,WEAK,58,24.457503364380045,27.041655452066156,0.9044380958012441,81.28200597393699,trail,1060.6670064858104,1.5,16.4849999999999,0.956000000000131,12.228751682190023,13.520827726033076,290.0,2022-03
2022-04-01 10:45:00+00:00,2022-04-01 15:10:00+00:00,HTF,sell,1929.358,1927.4340091973258,1950.5979080267405,1908.1180919732594,0.02,stop_loss,RANGING,53,3.8479816053481954,42.479816053481045,0.09058376336902403,50.508693288565794,locked,1064.5149880911586,1.0,10.727999999999838,4.519999999999982,1.9239908026740977,21.239908026740522,265.0,2022-04
2022-04-01 17:30:00+00:00,2022-04-11 08:20:00+00:00,HTF,sell,1920.138,1954.026569859421,1953.826569859421,1886.449430140579,0.02,stop_loss,RANGING,1546,-67.77713971884214,67.37713971884205,-1.0059367316818324,15.138665788668652,raw,996.7378483723164,1.0,5.099999999999909,35.25999999999999,-33.88856985942107,33.68856985942102,13850.0,2022-04
2022-04-11 12:05:00+00:00,2022-04-14 13:50:00+00:00,HTF,buy,1963.3980000000001,1966.6613203779466,1940.3091974803567,1998.0312037794652,0.02,stop_loss,WEAK,849,6.526640755892914,46.177605039286846,0.14133779242860686,52.21578724034285,locked,1003.2644891282093,1.5,18.083999999999833,22.660000000000082,3.2633203779464566,23.088802519643423,4425.0,2022-04
2022-04-18 07:45:00+00:00,2022-04-19 04:45:00+00:00,HTF,buy,1992.238,1974.366195538117,1974.566195538117,2036.4175111547079,0.02,stop_loss,STRONG,240,-35.74360892376626,35.34360892376617,-1.0113174633881579,13.648860846115108,raw,967.5208802044431,2.5,6.029999999999973,17.820000000000164,-17.87180446188313,17.671804461883085,1260.0,2022-04
2022-04-19 06:55:00+00:00,2022-04-19 08:25:00+00:00,HTF,sell,1974.078,1981.200590848164,1981.000590848164,1956.77152287959,0.02,stop_loss,STRONG,18,-14.245181696328018,13.845181696327927,-1.0288909173439147,0.0,raw,953.275698508115,2.5,0.0,7.039999999999964,-7.122590848164009,6.9225908481639635,90.0,2022-04
2022-04-19 09:25:00+00:00,2022-04-19 14:35:00+00:00,HTF,sell,1975.398,1951.7897586019772,1991.1368275986817,1951.7897586019772,0.02,take_profit,WEAK,62,47.21648279604551,31.477655197363674,1.5,101.92627055234706,locked,1000.4921813041606,1.5,24.062999999999874,6.4500000000000455,23.608241398022756,15.738827598681837,310.0,2022-04
2022-04-20 06:25:00+00:00,2022-04-20 19:55:00+00:00,HTF,sell,1939.6879999999999,1958.0699931788058,1957.8699931788058,1894.2330170529851,0.02,stop_loss,STRONG,162,-36.763986357611884,36.36398635761179,-1.010999894127844,1.1615888198995994,raw,963.7281949465487,2.5,0.5279999999997926,18.38000000000011,-18.381993178805942,18.181993178805897,810.0,2022-04
2022-04-21 07:05:00+00:00,2022-04-21 11:55:00+00:00,HTF,sell,1951.088,1940.3243075528262,1958.0726151056522,1933.6264622358694,0.02,stop_loss,STRONG,58,21.527384894347506,13.96923021130442,1.5410573502415863,82.7876685047488,trail,985.2555798408962,2.5,14.455999999999904,1.19399999999996,10.763692447173753,6.98461510565221,290.0,2022-04
2022-04-21 14:10:00+00:00,2022-04-22 12:35:00+00:00,HTF,sell,1941.548,1939.5759285730524,1956.0284761796515,1919.8272857305228,0.02,stop_loss,WEAK,257,3.944142853895301,28.960952359303064,0.13618829950626027,55.707191991394645,locked,989.1997226947915,1.5,12.099999999999909,13.933999999999969,1.9720714269476503,14.480476179651532,1345.0,2022-04
2022-04-22 14:45:00+00:00,2022-04-25 13:15:00+00:00,HTF,sell,1933.408,1898.974576059429,1958.0799201980958,1896.400119702856,0.02,stop_loss,WEAK,258,68.8668478811419,49.34384039619181,1.3956523717691176,113.58391689146264,trail,1058.0665705759334,1.5,42.034999999999854,7.310000000000173,34.43342394057095,24.671920198095904,4230.0,2022-04
2022-04-25 13:55:00+00:00,2022-05-04 18:55:00+00:00,HTF,sell,1896.463,1888.6227028226774,1928.6241887092906,1816.0600282267733,0.02,stop_loss,STRONG,1992,15.680594354645109,64.32237741858125,0.24378132438424682,57.40459460898818,locked,1073.7471649305785,2.5,46.15499999999997,23.375,7.8402971773225545,32.16118870929063,13260.0,2022-04
2022-05-05 11:40:00+00:00,2022-05-05 15:50:00+00:00,HTF,buy,1897.1680000000001,1876.5591139249404,1876.7591139249405,1927.7813291125894,0.02,stop_loss,WEAK,50,-41.217772150119345,40.817772150119254,-1.0097996529190514,40.71755787864918,raw,1032.5293927804591,1.5,12.464999999999918,22.854000000000042,-20.608886075059672,20.408886075059627,250.0,2022-05
2022-05-05 17:20:00+00:00,2022-05-13 01:00:00+00:00,HTF,sell,1875.738,1823.9745253503486,1919.2064178344951,1810.5353732482574,0.02,stop_loss,WEAK,1460,103.52694929930296,86.93683566899017,1.190829508604146,99.69537001553823,trail,1136.056342079762,1.5,65.00400000000013,16.63499999999999,51.76347464965147,43.468417834495085,10540.0,2022-05
2022-05-13 08:20:00+00:00,2022-05-13 14:05:00+00:00,HTF,sell,1821.363,1817.2657559270308,1838.5519762918773,1778.390559270307,0.02,stop_loss,STRONG,69,8.194488145938521,34.37795258375445,0.23836463576399503,52.11479641305434,locked,1144.2508302257006,2.5,22.394999999999982,3.160999999999831,4.097244072969261,17.188976291877225,345.0,2022-05
2022-05-17 06:45:00+00:00,2022-05-18 01:30:00+00:00,HTF,buy,1828.143,1812.4096801992252,1812.6096801992253,1866.9762995019369,0.02,stop_loss,STRONG,213,-31.466639601549563,31.06663960154947,-1.0128755476977995,20.227485433238154,raw,1112.784190624151,2.5,7.855000000000018,16.585000000000036,-15.73331980077478,15.533319800774734,1125.0,2022-05
2022-05-18 15:30:00+00:00,2022-05-19 13:30:00+00:00,HTF,buy,1818.974,1836.0249761281098,1802.663920427033,1843.4391193594504,0.02,stop_loss,WEAK,252,34.10195225621965,32.62015914593394,1.0454256861119702,92.96500730626734,trail,1146.8861428803707,1.5,22.744000000000142,8.17599999999993,17.050976128109824,16.31007957296697,1320.0,2022-05
2022-05-19 14:45:00+00:00,2022-05-23 16:15:00+00:00,HTF,buy,1844.8880000000001,1848.5440165504922,1819.18122299672,1883.4481655049203,0.02,stop_loss,WEAK,570,7.312033100984082,51.41355400656039,0.14221995040551105,53.02363133631015,locked,1154.1981759813548,1.5,20.445999999999913,12.710000000000036,3.6560165504920406,25.706777003280195,5850.0,2022-05
2022-05-24 11:15:00+00:00,2022-05-24 14:15:00+00:00,HTF,buy,1858.438,1860.2728007353537,1844.8726617643088,1878.7860073535371,0.02,stop_loss,WEAK,36,3.6696014707072213,27.130676471382685,0.13525654159703318,50.81578662886888,locked,1157.867777452062,1.5,10.339999999999918,4.430000000000064,1.8348007353536104,13.565338235691343,180.0,2022-05
2022-05-24 15:00:00+00:00,2022-05-25 15:50:00+00:00,HTF,buy,1865.588,1844.1791040230742,1844.3791040230742,1897.4013439653886,0.02,stop_loss,WEAK,286,-42.81779195385161,42.41779195385152,-1.0094300052307124,12.526190281460547,raw,1115.0499854982104,1.5,3.9850000000001273,23.450000000000045,-21.408895976925805,21.20889597692576,1490.0,2022-05
2022-05-25 16:40:00+00:00,2022-06-02 16:10:00+00:00,HTF,sell,1843.565,1870.5174044291912,1870.3174044291911,1803.4363933562136,0.02,stop_loss,WEAK,1620,-53.90480885838224,53.50480885838215,-1.0074759635355173,37.89565916152924,raw,1061.1451766398282,1.5,15.207000000000107,26.77299999999991,-26.95240442919112,26.752404429191074,11490.0,2022-05
2022-06-03 06:20:00+00:00,2022-06-03 12:40:00+00:00,HTF,sell,1867.223,1859.2322529251353,1874.1538430837843,1856.8267353743236,0.02,stop_loss,WEAK,76,15.981494149729315,13.86168616756868,1.1529256943589026,102.87348759462832,trail,1077.1266707895575,1.5,10.694999999999936,0.8849999999999909,7.990747074864657,6.930843083784339,380.0,2022-06
2022-06-03 16:20:00+00:00,2022-06-10 14:30:00+00:00,HTF,sell,1849.638,1846.004718196302,1875.1932120246524,1811.3051819630211,0.02,stop_loss,WEAK,1358,7.266563607395711,51.11042404930504,0.14217380783978287,64.40956147857942,locked,1084.3932343969532,1.5,24.689999999999827,9.935000000000173,3.633281803697855,25.55521202465252,9970.0,2022-06
2022-06-10 15:25:00+00:00,2022-06-13 22:00:00+00:00,HTF,buy,1862.998,1817.3013908600317,1817.5013908600317,1908.4946091399684,0.02,stop_loss,RANGING,343,-91.39321827993672,90.99321827993663,-1.004395931999784,34.6509339882881,raw,993.0000161170165,1.0,15.764999999999873,53.84500000000003,-45.69660913996836,45.496609139968314,4715.0,2022-06
2022-06-14 09:05:00+00:00,2022-06-16 16:40:00+00:00,HTF,sell,1823.508,1849.4570679894323,1849.2570679894322,1784.8843980158517,0.02,stop_loss,WEAK,643,-51.8981359788645,51.49813597886441,-1.007767271424431,48.01468285534636,raw,941.101880138152,1.5,18.545000000000073,27.389999999999873,-25.94906798943225,25.749067989432206,3335.0,2022-06
2022-06-17 08:15:00+00:00,2022-06-23 18:20:00+00:00,HTF,buy,1850.228,1822.9083868050152,1823.1083868050152,1877.347613194985,0.02,stop_loss,RANGING,1195,-54.63922638996974,54.239226389969645,-1.0073747364522527,10.048078416191562,raw,886.4626537481822,1.0,2.724999999999909,27.660000000000082,-27.319613194984868,27.119613194984822,9245.0,2022-06
2022-06-24 06:10:00+00:00,2022-06-26 22:00:00+00:00,HTF,sell,1823.228,1837.576,1837.1869553494703,1809.2690446505298,0.02,stop_gap,RANGING,178,-28.695999999999916,27.917910698940435,-1.0278706135802995,45.347232952073284,raw,857.7666537481823,1.0,6.330000000000155,16.13499999999999,-14.347999999999956,13.958955349470216,3830.0,2022-06
2022-06-27 09:20:00+00:00,2022-06-27 15:00:00+00:00,HTF,buy,1838.0900000000001,1822.624397176413,1822.824397176413,1853.3556028235873,0.02,stop_loss,RANGING,68,-30.931205647174465,30.531205647174374,-1.0131013496362569,12.203907186169358,raw,826.8354481010078,1.0,1.862999999999829,16.19300000000021,-15.465602823587233,15.265602823587187,340.0,2022-06
2022-06-27 15:35:00+00:00,2022-06-30 12:30:00+00:00,HTF,sell,1822.248,1807.985799369186,1846.2819968459298,1798.2140031540703,0.02,stop_loss,RANGING,791,28.524401261628103,48.067993691859556,0.5934177624405154,81.67596977663956,trail,855.3598493626359,1.0,19.63000000000011,10.710000000000036,14.26220063081405,24.033996845929778,4135.0,2022-06
2022-07-01 06:40:00+00:00,2022-07-01 13:05:00+00:00,HTF,sell,1796.358,1795.0006823335273,1811.931176664727,1780.784823335273,0.02,stop_loss,RANGING,77,2.714635332945363,31.146353329454087,0.0871574050493488,76.8051391023609,locked,858.0744846955813,1.0,11.961000000000013,2.0779999999999745,1.3573176664726816,15.573176664727043,385.0,2022-07
2022-07-01 13:55:00+00:00,2022-07-04 00:40:00+00:00,HTF,buy,1794.337,1807.5441750226105,1774.5678751130527,1814.1061248869473,0.02,stop_loss,RANGING,117,26.414350045221003,39.53824977389468,0.6680707971717353,90.2012613202407,trail,884.4888347408023,1.0,17.832000000000107,1.0850000000000364,13.2071750226105,19.76912488694734,3525.0,2022-07
2022-07-04 10:50:00+00:00,2022-07-05 14:10:00+00:00,HTF,sell,1804.348,1770.368,1822.3872252295541,1786.3087747704458,0.02,stop_gap,RANGING,286,67.96000000000004,36.07845045910835,1.8836729165246862,211.42814901780827,trail,952.4488347408023,1.0,38.13999999999987,7.710000000000036,33.98000000000002,18.039225229554177,1640.0,2022-07
2022-07-05 14:50:00+00:00,2022-07-06 19:15:00+00:00,HTF,sell,1768.538,1741.5940796722139,1812.3883983610692,1724.6876016389308,0.02,stop_loss,RANGING,329,53.8878406555723,87.70079672213842,0.6144509818571503,83.03231295687662,trail,1006.3366753963746,1.0,36.41000000000008,4.246000000000095,26.943920327786145,43.85039836106921,1705.0,2022-07
2022-07-07 06:40:00+00:00,2022-07-12 01:30:00+00:00,HTF,sell,1744.4289999999999,1740.5997785980999,1760.5458856076,1704.1367859809995,0.02,stop_loss,STRONG,766,7.658442803799971,32.23377121520025,0.23759065461718404,53.06484272598515,locked,1013.9951182001746,2.5,21.380999999999858,7.958000000000084,3.8292214018999857,16.116885607600125,6890.0,2022-07
2022-07-12 11:20:00+00:00,2022-07-13 00:50:00+00:00,HTF,buy,1737.664,1722.9796483126556,1723.1796483126557,1759.3905275310165,0.02,stop_loss,WEAK,150,-29.36870337468872,28.96870337468863,-1.0138080049640603,5.219425876413673,raw,984.6264148254859,1.5,1.1340000000000146,14.496000000000095,-14.68435168734436,14.484351687344315,810.0,2022-07
2022-07-13 09:15:00+00:00,2022-07-13 12:30:00+00:00,HTF,buy,1729.0040000000001,1714.3693961708807,1714.5693961708807,1743.4386038291195,0.02,stop_loss,RANGING,39,-29.269207658238884,28.869207658238793,-1.0138555932928743,19.07915196428302,raw,955.357207167247,1.0,2.7539999999999054,16.6400000000001,-14.634603829119442,14.434603829119396,195.0,2022-07
2022-07-13 17:45:00+00:00,2022-07-14 09:30:00+00:00,HTF,buy,1739.018,1714.019273934423,1714.219273934423,1763.816726065577,0.02,stop_loss,RANGING,177,-49.997452131154205,49.597452131154114,-1.0080649304109885,3.7743874323414417,raw,905.3597550360928,1.0,0.9359999999999218,26.692000000000007,-24.998726065577102,24.798726065577057,945.0,2022-07
2022-07-14 10:55:00+00:00,2022-07-21 12:55:00+00:00,HTF,sell,1710.748,1706.4661585350277,1740.6269430998152,1665.9295853502772,0.02,stop_loss,WEAK,1404,8.563682929944662,59.75788619963032,0.14330632280627154,66.93677193730349,locked,913.9234379660375,1.5,30.0,13.049999999999955,4.281841464972331,29.87894309981516,10200.0,2022-07
2022-07-21 16:30:00+00:00,2022-07-25 14:05:00+00:00,HTF,buy,1713.194,1717.278880506814,1684.6281299545733,1756.0428050681398,0.02,stop_loss,WEAK,523,8.169761013627976,57.131740090853334,0.14299863789613398,60.81616502154472,locked,922.0931989796654,1.5,26.05899999999997,2.8659999999999854,4.084880506813988,28.565870045426664,5615.0,2022-07
2022-07-25 17:05:00+00:00,2022-07-26 09:25:00+00:00,HTF,buy,1718.6480000000001,1719.8881116245946,1709.0472558360377,1733.0491162459439,0.02,stop_loss,WEAK,184,2.480223249188839,19.201488327924835,0.1291682814806515,65.45325958781066,locked,924.5734222288543,1.5,9.42599999999993,2.5800000000001546,1.2401116245944195,9.600744163962418,980.0,2022-07
2022-07-27 06:05:00+00:00,2022-07-27 18:05:00+00:00,HTF,buy,1719.4180000000001,1720.4518388901708,1707.0796110982933,1731.756388901707,0.02,stop_loss,RANGING,144,2.067677780341455,24.676777803413643,0.08379042826472363,61.029037583329185,locked,926.6411000091957,1.0,7.529999999999973,8.103000000000065,1.0338388901707276,12.338388901706821,720.0,2022-07
2022-07-28 07:15:00+00:00,2022-07-29 09:15:00+00:00,HTF,buy,1743.905,1761.6510950090815,1714.2404750454075,1773.5695249545925,0.02,stop_loss,RANGING,300,35.492190018163,59.32904990918496,0.5982261653016682,80.49682250618119,trail,962.1332900273587,1.0,23.879000000000133,7.906999999999925,17.7460950090815,29.66452495459248,1560.0,2022-07
2022-07-29 10:45:00+00:00,2022-08-01 15:05:00+00:00,HTF,buy,1762.7540000000001,1764.5194228716607,1749.6511808555952,1782.4082287166075,0.02,stop_loss,WEAK,328,3.5308457433211515,26.20563828880995,0.13473610924519458,63.90482262673095,locked,965.6641357706799,1.5,12.559999999999945,10.826000000000022,1.7654228716605758,13.102819144404975,4580.0,2022-07
2022-08-02 08:10:00+00:00,2022-08-02 12:20:00+00:00,HTF,sell,1770.8239999999998,1781.7082820094906,1781.5082820094906,1754.7975769857637,0.02,stop_loss,WEAK,50,-21.76856401898158,21.368564018981488,-1.0187190865818019,3.244641674176724,raw,943.8955717516983,1.5,0.5199999999997544,14.210000000000264,-10.88428200949079,10.684282009490744,250.0,2022-08
2022-08-02 17:55:00+00:00,2022-08-03 03:10:00+00:00,HTF,sell,1770.038,1767.3558939760023,1789.2520401599854,1741.216939760022,0.02,stop_loss,WEAK,99,5.364212047995352,38.42808031997083,0.13959094504149885,52.77390863956496,locked,949.2597837996937,1.5,15.210000000000036,0.30999999999994543,2.682106023997676,19.214040159985416,555.0,2022-08
2022-08-03 08:00:00+00:00,2022-08-03 19:40:00+00:00,HTF,sell,1767.542,1765.9514489416647,1779.4790070555687,1749.6364894166468,0.02,stop_loss,WEAK,140,3.181102116670445,23.874014111137512,0.13324538143698353,74.52454336826241,locked,952.4408859163641,1.5,13.343999999999824,5.120000000000118,1.5905510583352225,11.937007055568756,700.0,2022-08
2022-08-05 15:30:00+00:00,2022-08-09 08:05:00+00:00,HTF,sell,1775.518,1791.0883253613224,1790.8883253613224,1752.4625119580164,0.02,stop_loss,WEAK,463,-31.140650722644754,30.74065072264466,-1.01301208629606,21.482954474789928,raw,921.3002351937193,1.5,4.9529999999999745,15.94399999999996,-15.570325361322375,15.37032536132233,5315.0,2022-08
2022-08-09 13:10:00+00:00,2022-08-10 12:55:00+00:00,HTF,buy,1796.464,1797.8872635222947,1780.231364777051,1812.6966352229488,0.02,stop_loss,RANGING,273,2.846527044589493,32.46527044589766,0.08767914160250535,69.63749166259277,locked,924.1467622383088,1.0,11.304000000000087,8.985999999999876,1.4232635222947465,16.23263522294883,1425.0,2022-08
2022-08-10 16:30:00+00:00,2022-08-15 09:30:00+00:00,HTF,buy,1799.48,1781.4296154941574,1781.6296154941574,1817.3303845058426,0.02,stop_loss,RANGING,744,-36.100769011685315,35.700769011685225,-1.0112042404428085,17.187304839264364,raw,888.0459932266235,1.0,3.0679999999999836,19.3420000000001,-18.050384505842658,17.850384505842612,6780.0,2022-08
2022-08-15 15:20:00+00:00,2022-08-17 12:20:00+00:00,HTF,buy,1778.714,1766.1260474351147,1766.3260474351148,1797.2959288473276,0.02,stop_loss,WEAK,516,-25.1759051297704,24.775905129770308,-1.0161447179388599,28.57615075177521,raw,862.8700880968531,1.5,5.309999999999945,13.05600000000004,-12.5879525648852,12.387952564885154,2700.0,2022-08
2022-08-17 14:20:00+00:00,2022-08-17 18:00:00+00:00,HTF,sell,1768.6779999999999,1767.400430947661,1778.5284603489256,1753.9023094766112,0.02,stop_loss,WEAK,44,2.555138104677553,19.700920697851416,0.12969638038064976,60.667215422593515,locked,865.4252262015307,1.5,8.963999999999942,0.3300000000001546,1.2775690523387766,9.850460348925708,220.0,2022-08
2022-08-18 14:10:00+00:00,2022-08-19 05:40:00+00:00,HTF,sell,1765.5539999999999,1755.2229639930592,1776.783879976864,1748.7091800347036,0.02,stop_loss,WEAK,174,20.662072013881243,22.45975995372828,0.9199596102740794,82.51794930807642,trail,886.0872982154119,1.5,13.899999999999864,0.790000000000191,10.331036006940622,11.22987997686414,930.0,2022-08
2022-08-19 07:45:00+00:00,2022-08-22 09:50:00+00:00,HTF,sell,1753.9579999999999,1736.2118791137793,1766.237597045931,1735.5386044311033,0.02,stop_loss,WEAK,301,35.49224177244105,24.559194091862082,1.4451712723017134,121.41549333879445,trail,921.579539987853,1.5,22.363999999999805,4.040000000000191,17.746120886220524,12.279597045931041,4445.0,2022-08
2022-08-22 10:55:00+00:00,2022-08-23 13:45:00+00:00,HTF,sell,1734.248,1746.5292256709015,1746.3292256709015,1716.126161493648,0.02,stop_loss,WEAK,310,-24.5624513418029,24.162451341802807,-1.0165546117130948,36.30978169071377,raw,897.0170886460501,1.5,6.580000000000155,14.099999999999909,-12.28122567090145,12.081225670901404,1610.0,2022-08
2022-08-23 15:25:00+00:00,2022-08-29 01:50:00+00:00,HTF,buy,1751.104,1724.544588005315,1724.744588005315,1790.6431179920273,0.02,stop_loss,WEAK,941,-53.11882398936996,52.71882398936987,-1.0075874226648294,36.07566563036663,raw,843.8982646566801,1.5,14.263999999999896,27.129000000000133,-26.55941199468498,26.359411994684933,7825.0,2022-08
2022-08-29 08:15:00+00:00,2022-08-29 14:15:00+00:00,HTF,sell,1721.7179999999998,1745.2955562276152,1745.0955562276151,1686.6516656585768,0.02,stop_loss,WEAK,72,-47.155112455230665,46.755112455230574,-1.0085552141572347,2.7490754825239634,raw,796.7431522014494,1.5,0.9639999999999418,23.700000000000045,-23.577556227615332,23.377556227615287,360.0,2022-08
2022-08-30 07:00:00+00:00,2022-08-31 10:10:00+00:00,HTF,sell,1732.088,1713.486049775199,1742.7014992506631,1716.1677511240052,0.02,stop_loss,WEAK,314,37.20390044960186,21.226998501326307,1.752668915827986,138.1008561565351,trail,833.9470526510513,1.5,21.985999999999876,5.75,18.60195022480093,10.613499250663153,1630.0,2022-08
2022-08-31 12:25:00+00:00,2022-09-01 12:45:00+00:00,HTF,sell,1711.984,1698.8387303021555,1724.2664343405183,1693.5603484892222,0.02,stop_loss,WEAK,280,26.29053939568894,24.56486868103684,1.0702495395786198,93.03258906071393,trail,860.2375920467402,1.5,17.139999999999873,11.403999999999996,13.14526969784447,12.28243434051842,1460.0,2022-08
2022-09-02 06:00:00+00:00,2022-09-02 15:25:00+00:00,HTF,buy,1702.258,1713.9361206411645,1694.7742412823293,1720.967396794177,0.02,stop_loss,STRONG,113,23.356241282328938,14.967517435341508,1.5604619392110985,83.48745911926709,trail,883.5938333290692,2.5,15.61999999999989,1.8900000000001,11.678120641164469,7.483758717670753,565.0,2022-09
2022-09-05 06:00:00+00:00,2022-09-06 00:55:00+00:00,HTF,buy,1712.458,1723.6853126752135,1703.522375584045,1725.8614366239326,0.02,stop_loss,WEAK,185,22.454625350426795,17.87124883191018,1.256466493283487,105.2565875143498,trail,906.048458679496,1.5,14.107999999999947,4.317999999999984,11.227312675213398,8.93562441595509,1135.0,2022-09
2022-09-06 08:25:00+00:00,2022-09-06 23:50:00+00:00,HTF,sell,1714.174,1703.9298574248917,1725.713524749639,1696.8647128755415,0.02,stop_loss,WEAK,173,20.488285150216598,23.07904949927797,0.8877438887098698,83.57363244358605,trail,926.5367438297126,1.5,14.465999999999894,0.7640000000001237,10.244142575108299,11.539524749638986,925.0,2022-09
2022-09-07 11:05:00+00:00,2022-09-07 17:10:00+00:00,HTF,sell,1702.634,1715.796658657209,1715.596658657209,1689.671341342791,0.02,stop_loss,RANGING,73,-26.325317314418044,25.92531731441795,-1.015428933623028,44.01103315967656,raw,900.2114265152945,1.0,5.704999999999927,13.009999999999991,-13.162658657209022,12.962658657208976,365.0,2022-09
2022-09-08 06:10:00+00:00,2022-09-08 12:20:00+00:00,HTF,buy,1718.748,1719.8341216955664,1705.8867830443364,1731.6092169556637,0.02,stop_loss,RANGING,74,2.1722433911327244,25.72243391132724,0.08444937203925115,72.67585977455963,locked,902.3836699064273,1.0,9.34699999999998,2.660000000000082,1.0861216955663622,12.861216955663622,370.0,2022-09
2022-09-08 14:00:00+00:00,2022-09-15 12:40:00+00:00,HTF,sell,1708.058,1688.053420944492,1737.485104722459,1678.630895277541,0.02,stop_loss,RANGING,1364,40.00915811101595,58.85420944491807,0.6798011304265451,88.65975856635258,trail,942.3928280174432,1.0,26.089999999999918,26.97700000000009,20.004579055507975,29.427104722459035,10000.0,2022-09
2022-09-15 13:25:00+00:00,2022-09-16 09:05:00+00:00,HTF,sell,1682.994,1662.3374627197466,1705.792209065822,1648.796686401267,0.02,stop_loss,WEAK,224,41.31307456050672,45.596418131643986,0.906059647958079,84.64407567111459,trail,983.7059025779499,1.5,28.945999999999913,7.857000000000198,20.65653728025336,22.798209065821993,1180.0,2022-09
2022-09-19 10:15:00+00:00,2022-09-19 14:45:00+00:00,HTF,sell,1663.075,1672.0570114846823,1671.8570114846823,1641.1199712882944,0.02,stop_loss,STRONG,54,-17.964022969364578,17.564022969364487,-1.0227738258312336,11.15917465730207,raw,965.7418796085854,2.5,2.4500000000000455,9.062999999999874,-8.982011484682289,8.782011484682243,270.0,2022-09
2022-09-19 16:00:00+00:00,2022-09-21 18:30:00+00:00,HTF,sell,1670.748,1668.4259033518676,1680.8363865925294,1645.5270335186767,0.02,stop_loss,STRONG,582,4.6441932962648025,20.176773185058664,0.23017522443598304,67.79676747384894,locked,970.3860729048502,2.5,17.09900000000016,8.539999999999964,2.3220966481324012,10.088386592529332,3030.0,2022-09
2022-09-22 06:20:00+00:00,2022-09-22 08:15:00+00:00,HTF,sell,1659.105,1673.521312415814,1673.321312415814,1637.7805313762792,0.02,stop_loss,WEAK,23,-28.832624831627985,28.43262483162789,-1.014068345865667,16.736642131517847,raw,941.5534480732222,1.5,3.56899999999996,15.025000000000091,-14.41631241581399,14.216312415813945,115.0,2022-09
2022-09-22 11:00:00+00:00,2022-09-22 14:00:00+00:00,HTF,buy,1668.896,1671.1579010417734,1652.4833263881774,1693.5150104177337,0.02,stop_loss,WEAK,36,4.523802083546798,32.82534722364517,0.1378142949326719,64.55174164333023,locked,946.077250156769,1.5,15.892000000000053,4.238000000000056,2.261901041773399,16.412673611822584,180.0,2022-09
2022-09-22 16:55:00+00:00,2022-09-23 10:45:00+00:00,HTF,buy,1674.2250000000001,1651.6472574633538,1651.8472574633538,1707.7916138049695,0.02,stop_loss,WEAK,202,-45.155485073292766,44.755485073292675,-1.0089374520094028,4.805370030387252,raw,900.9217650834762,1.5,1.612999999999829,26.11700000000019,-22.577742536646383,22.377742536646338,1070.0,2022-09
2022-09-26 11:50:00+00:00,2022-09-27 06:50:00+00:00,HTF,sell,1639.7849999999999,1637.5246637972216,1656.1872413518552,1615.1816379722168,0.02,stop_loss,WEAK,216,4.520672405556525,32.80448270371062,0.1378065445014677,76.21722583614573,locked,905.4424374890327,1.5,18.751999999999953,8.440000000000055,2.2603362027782623,16.40224135185531,1140.0,2022-09
2022-09-27 09:30:00+00:00,2022-09-28 13:45:00+00:00,HTF,sell,1632.5449999999998,1648.2006360549312,1648.0006360549312,1593.9059098626715,0.02,stop_loss,STRONG,327,-31.311272109862788,30.911272109862693,-1.012940263298723,46.157919186533356,raw,874.1311653791699,2.5,17.83499999999981,19.313000000000102,-15.655636054931392,15.455636054931347,1695.0,2022-09
2022-09-28 14:35:00+00:00,2022-10-05 02:45:00+00:00,HTF,buy,1649.805,1717.9862691721478,1614.3792305738257,1702.9436541392615,0.02,stop_loss,WEAK,1238,136.36253834429544,70.85153885234877,1.9246235233996607,149.85324955974997,trail,1010.4937037234654,1.5,79.62999999999988,8.397000000000162,68.18126917214772,35.425769426174384,9370.0,2022-09
2022-10-05 06:45:00+00:00,2022-10-05 09:45:00+00:00,HTF,buy,1725.778,1709.079226001105,1709.2792260011051,1767.0249349972373,0.02,stop_loss,STRONG,36,-33.39754799778984,32.99754799778975,-1.012122112831744,4.572460960132651,raw,977.0961557256755,2.5,1.8859999999999673,17.980000000000018,-16.69877399889492,16.498773998894876,180.0,2022-10
2022-10-05 10:15:00+00:00,2022-10-11 12:00:00+00:00,HTF,sell,1703.8239999999998,1671.6587499505715,1734.6931665019047,1657.5202502471425,0.02,stop_loss,WEAK,1125,64.33050009885665,61.73833300380965,1.041986347361971,92.67931912436872,trail,1041.4266558245322,1.5,42.91399999999976,21.610000000000127,32.16525004942832,30.86916650190483,8745.0,2022-10
2022-10-12 10:10:00+00:00,2022-10-13 12:35:00+00:00,HTF,sell,1670.18,1658.748,1683.6001639648218,1650.0497540527674,0.02,stop_gap,WEAK,305,22.864000000000033,26.840327929643536,0.8518524833203738,91.82699530077673,trail,1064.2906558245322,1.5,18.485000000000127,12.155999999999949,11.432000000000016,13.420163964821768,1585.0,2022-10
2022-10-13 13:20:00+00:00,2022-10-21 13:55:00+00:00,HTF,sell,1648.643,1643.0199531400344,1687.4633123997708,1590.412531400344,0.02,stop_loss,WEAK,1662,11.246093719931196,77.64062479954146,0.144848057946046,54.22590743188107,locked,1075.5367495444634,1.5,31.576000000000022,23.805000000000064,5.623046859965598,38.82031239977073,11555.0,2022-10
2022-10-21 16:50:00+00:00,2022-10-27 12:20:00+00:00,HTF,buy,1652.538,1656.2565967198166,1626.4140218678888,1691.723967198167,0.02,stop_loss,WEAK,1050,7.437193439633121,52.24795626422247,0.1423441981543275,56.49981762102777,locked,1082.9739429840965,1.5,22.1400000000001,14.440000000000055,3.71859671981656,26.123978132111233,8370.0,2022-10
2022-10-27 13:55:00+00:00,2022-10-28 12:35:00+00:00,HTF,sell,1657.918,1649.9270000000001,1672.3786847577549,1636.2269728633673,0.02,stop_gap,WEAK,260,15.981999999999516,28.921369515509927,0.5526017705153521,83.07582617683966,trail,1098.955942984096,1.5,18.019999999999982,8.940000000000055,7.990999999999758,14.460684757754962,1360.0,2022-10
2022-11-01 06:05:00+00:00,2022-11-01 14:05:00+00:00,HTF,buy,1642.068,1643.760436231686,1629.4517584554255,1660.9923623168615,0.02,stop_loss,WEAK,96,3.384872463372176,25.2324830891489,0.13414741828670135,78.25891172462002,locked,1102.3408154474682,1.5,14.809999999999945,0.46100000000001273,1.692436231686088,12.61624154457445,480.0,2022-11
2022-11-02 13:55:00+00:00,2022-11-02 18:00:00+00:00,HTF,sell,1653.047,1651.963458443202,1665.8824155679815,1640.2115844320185,0.02,stop_loss,RANGING,49,2.1670831135961635,25.670831135963002,0.08441811260875907,59.35920001691134,locked,1104.5078985610644,1.0,7.6189999999999145,8.100999999999885,1.0835415567980817,12.8354155679815,245.0,2022-11
2022-11-03 07:00:00+00:00,2022-11-03 14:55:00+00:00,HTF,sell,1632.558,1630.6548379649264,1653.5896203507361,1611.5263796492638,0.02,stop_loss,RANGING,95,3.8063240701471845,42.063240701472296,0.09049050921114492,76.46106068778023,locked,1108.3142226312116,1.0,16.080999999999904,0.26900000000000546,1.903162035073592,21.031620350736148,475.0,2022-11
2022-11-03 15:50:00+00:00,2022-11-04 04:50:00+00:00,HTF,sell,1625.758,1644.3109288957128,1644.1109288957127,1607.4050711042873,0.02,stop_loss,RANGING,144,-37.10585779142548,36.70585779142539,-1.0108974431893956,5.775644890378042,raw,1071.208364839786,1.0,1.0599999999999454,19.549999999999955,-18.55292889571274,18.352928895712694,780.0,2022-11
2022-11-04 09:05:00+00:00,2022-11-04 13:20:00+00:00,HTF,buy,1648.767,1663.1328718573216,1631.041359286609,1666.4926407133912,0.02,stop_loss,RANGING,51,28.731743714643017,35.451281426782316,0.810457127593055,102.5689299132915,trail,1099.9401085544291,1.0,18.18100000000004,5.56899999999996,14.365871857321508,17.725640713391158,255.0,2022-11
2022-11-04 14:25:00+00:00,2022-11-08 19:30:00+00:00,HTF,buy,1671.198,1707.990133737283,1628.4586686864156,1713.9373313135845,0.02,stop_loss,RANGING,601,73.58426747456588,85.47866262716889,0.8608495408440978,106.55290712404137,trail,1173.524376028995,1.0,45.539999999999964,6.641000000000076,36.79213373728294,42.739331313584444,6065.0,2022-11
2022-11-09 06:30:00+00:00,2022-11-17 02:20:00+00:00,HTF,buy,1709.228,1767.1967135646187,1675.6074271292373,1793.279432176907,0.02,stop_loss,STRONG,1606,115.93742712923722,67.24114574152554,1.7242036234019542,91.77594956102816,trail,1289.4618031582322,2.5,77.1389999999999,7.180000000000064,57.96871356461861,33.62057287076277,11270.0,2022-11
2022-11-17 09:35:00+00:00,2022-11-20 23:00:00+00:00,HTF,sell,1764.298,1751.6615769604805,1778.1132565349346,1743.575115197598,0.02,stop_loss,WEAK,425,25.27284607903903,27.630513069869266,0.9146716173938426,81.9432244203363,trail,1314.7346492372712,1.5,16.980999999999995,3.2799999999999727,12.636423039519514,13.815256534934633,5125.0,2022-11
2022-11-21 07:45:00+00:00,2022-11-22 00:25:00+00:00,HTF,sell,1742.4279999999999,1740.8504333951225,1754.2784440325152,1724.6523339512269,0.02,stop_loss,WEAK,188,3.1551332097546942,23.70088806503054,0.13312299526910695,56.76299257825216,locked,1317.889782447026,1.5,10.089999999999918,4.420000000000073,1.5775666048773473,11.85044403251527,1000.0,2022-11
2022-11-22 06:25:00+00:00,2022-11-23 06:50:00+00:00,HTF,sell,1741.118,1739.9613124681023,1750.1625835459847,1727.5511246810229,0.02,stop_loss,WEAK,281,2.31337506379532,18.089167091969557,0.12788731797509414,60.890955402565375,locked,1320.2031575108213,1.5,8.260999999999967,8.480000000000018,1.15668753189766,9.044583545984779,1465.0,2022-11
2022-11-23 12:30:00+00:00,2022-11-23 13:35:00+00:00,HTF,sell,1737.388,1738.1280000000002,1745.0917644741137,1725.8323532888294,0.02,stop_gap,WEAK,13,-1.480000000000473,15.407528948227537,-0.09605693456579423,80.05609924935901,trail,1318.7231575108208,1.5,9.250999999999976,2.589000000000169,-0.7400000000002365,7.703764474113768,65.0,2022-11
2022-11-24 06:45:00+00:00,2022-11-28 18:05:00+00:00,HTF,buy,1755.1570000000002,1741.1484436070662,1741.3484436070662,1775.869834589401,0.02,stop_loss,WEAK,619,-28.017112785867994,27.617112785867903,-1.01448377327136,40.84906854964896,raw,1290.7060447249528,1.5,8.460999999999785,14.119000000000142,-14.008556392933997,13.808556392933951,6440.0,2022-11
2022-11-29 08:25:00+00:00,2022-11-30 13:30:00+00:00,HTF,buy,1755.325,1756.3883013972393,1742.6919860276082,1767.9580139723919,0.02,stop_loss,RANGING,337,2.1266027944784582,25.266027944783676,0.08416846522634787,73.00712260871303,locked,1292.8326475194312,1.0,9.222999999999956,8.557999999999993,1.0633013972392291,12.633013972391836,1745.0,2022-11
2022-12-01 09:20:00+00:00,2022-12-01 14:35:00+00:00,HTF,buy,1777.8780000000002,1795.6364288754564,1759.5701443772823,1796.185855622718,0.02,stop_loss,RANGING,63,35.51685775091255,36.615711245435705,0.9699895630278074,121.75101475205277,trail,1328.3495052703438,1.0,22.289999999999736,1.7700000000002092,17.758428875456275,18.307855622717852,315.0,2022-12
2022-12-01 16:10:00+00:00,2022-12-28 08:15:00+00:00,HTF,buy,1799.218,1804.533345167083,1762.4490322194463,1854.3714516708308,0.02,stop_loss,WEAK,4873,10.630690334166047,73.53793556110759,0.14456063055145593,61.64074771403659,locked,1338.9801956045098,1.5,33.996999999999844,33.218000000000075,5.315345167083024,36.768967780553794,38405.0,2022-12
2022-12-28 08:45:00+00:00,2022-12-30 14:05:00+00:00,HTF,sell,1803.705,1824.1009005176581,1823.900900517658,1773.4111492235127,0.02,stop_loss,WEAK,616,-40.79180103531644,40.39180103531635,-1.0099029998600546,22.44679968278517,raw,1298.1883945691934,1.5,6.7999999999999545,21.3420000000001,-20.39590051765822,20.195900517658174,3200.0,2022-12
2023-01-03 06:10:00+00:00,2023-01-04 08:50:00+00:00,HTF,buy,1842.415,1859.4105064442158,1826.3000214807194,1866.5874677789209,0.02,stop_loss,WEAK,308,33.99101288843167,32.229957038561224,1.0546403412130971,93.57753708425834,trail,1332.179407457625,1.5,22.62000000000012,14.889999999999873,16.995506444215835,16.114978519280612,1600.0,2023-01
2023-01-04 11:10:00+00:00,2023-01-05 15:15:00+00:00,HTF,buy,1862.135,1828.9691821597119,1829.169182159712,1944.5495446007203,0.02,stop_loss,STRONG,325,-66.33163568057626,65.93163568057616,-1.0060668902852343,0.7886957370803817,raw,1265.8477717770488,2.5,0.650000000000091,33.48000000000002,-33.16581784028813,32.96581784028808,1685.0,2023-01
2023-01-05 16:00:00+00:00,2023-01-06 15:05:00+00:00,HTF,sell,1828.568,1856.9658151903857,1856.7658151903856,1758.073462024036,0.02,stop_loss,STRONG,265,-56.7956303807714,56.39563038077131,-1.0070927480958964,0.415635038419281,raw,1209.0521413962774,2.5,0.2929999999998927,31.626999999999953,-28.3978151903857,28.197815190385654,1385.0,2023-01
2023-01-06 16:10:00+00:00,2023-01-12 14:10:00+00:00,HTF,buy,1862.208,1892.490181414087,1833.2819380469568,1905.597092929565,0.02,stop_loss,WEAK,1080,60.56436282817367,57.8521239060865,1.0468822705021177,90.49970245689029,trail,1269.616504224451,1.5,39.266999999999825,2.4610000000000127,30.282181414086836,28.926061953043245,8520.0,2023-01
2023-01-13 09:15:00+00:00,2023-01-17 04:05:00+00:00,HTF,buy,1906.1480000000001,1908.9776804612486,1885.9501302583437,1936.4448046124849,0.02,stop_loss,WEAK,442,5.659360922496944,40.39573948331281,0.14009796564894636,75.04751834663904,locked,1275.275865146948,1.5,22.736999999999853,12.53300000000013,2.829680461248472,20.197869741656405,5450.0,2023-01
2023-01-17 08:55:00+00:00,2023-01-18 07:25:00+00:00,HTF,sell,1909.315,1907.2490532023992,1924.421311984006,1886.655532023991,0.02,stop_loss,WEAK,258,4.1318935952017455,30.212623968011943,0.13676050115926536,56.57679171273362,locked,1279.4077587421498,1.5,12.820000000000164,7.230000000000018,2.0659467976008727,15.10631198400597,1350.0,2023-01
2023-01-18 11:40:00+00:00,2023-01-23 14:05:00+00:00,HTF,buy,1914.998,1918.527108098182,1890.1372793454536,1952.2890809818196,0.02,stop_loss,WEAK,857,7.058216196363901,49.721441309092825,0.14195518091453893,60.167201940159885,locked,1286.4659749385137,1.5,22.436999999999898,14.143000000000029,3.5291080981819505,24.860720654546412,7345.0,2023-01
2023-01-23 15:05:00+00:00,2023-01-24 01:35:00+00:00,HTF,sell,1911.7649999999999,1933.887076812556,1933.687076812556,1878.8818847811658,0.02,stop_loss,WEAK,114,-44.244153625112176,43.844153625112085,-1.0091232232105625,0.0,raw,1242.2218213134015,1.5,0.0,22.660000000000082,-22.122076812556088,21.922076812556043,630.0,2023-01
2023-01-24 06:30:00+00:00,2023-01-24 15:00:00+00:00,HTF,buy,1937.575,1920.2490741841882,1920.4490741841882,1954.7009258158118,0.02,stop_loss,RANGING,102,-34.651851631623686,34.251851631623595,-1.0116782007671312,27.870026130751768,raw,1207.5699696817778,1.0,4.772999999999911,17.50999999999999,-17.325925815811843,17.125925815811797,510.0,2023-01
2023-01-25 09:50:00+00:00,2023-01-25 14:15:00+00:00,HTF,sell,1928.165,1926.737455116974,1944.4404488302603,1911.8895511697397,0.02,stop_loss,RANGING,53,2.8550897660520604,32.550897660520604,0.08771155240719704,52.0292871079282,locked,1210.4250594478299,1.0,8.468000000000075,0.30999999999994543,1.4275448830260302,16.275448830260302,265.0,2023-01
2023-01-25 17:25:00+00:00,2023-01-31 06:00:00+00:00,HTF,buy,1938.185,1915.978540931095,1916.178540931095,1960.1914590689048,0.02,stop_loss,RANGING,967,-44.41291813780981,44.01291813780972,-1.009088240837557,49.53091256467424,raw,1166.01214131002,1.0,10.900000000000091,23.5,-22.206459068904906,22.00645906890486,7955.0,2023-01
2023-01-31 07:45:00+00:00,2023-01-31 13:30:00+00:00,HTF,sell,1915.195,1912.9741007624382,1931.334328250412,1890.9860076243817,0.02,stop_loss,WEAK,69,4.441798475123505,32.27865650082413,0.13760791050922763,60.01902010029002,locked,1170.4539397851436,1.5,14.529999999999973,1.65300000000002,2.2208992375617527,16.139328250412063,345.0,2023-01
2023-02-01 13:50:00+00:00,2023-02-01 19:55:00+00:00,HTF,buy,1929.798,1940.273802408365,1918.5273413612174,1946.703987958174,0.02,stop_loss,WEAK,73,20.951604816730196,22.541317277565213,0.9294756184272683,83.14805401954382,trail,1191.4055446018738,1.5,14.057000000000016,9.363000000000056,10.475802408365098,11.270658638782606,365.0,2023-02
2023-02-02 08:00:00+00:00,2023-02-02 13:55:00+00:00,HTF,buy,1956.825,1944.383299930465,1944.583299930465,1975.1875501043025,0.02,stop_loss,WEAK,71,-24.88340013907009,24.48340013907,-1.0163376000771143,14.758298736323452,raw,1166.5221444628037,1.5,2.7100000000000364,13.587999999999965,-12.441700069535045,12.241700069535,355.0,2023-02
2023-02-02 17:35:00+00:00,2023-02-03 13:55:00+00:00,HTF,sell,1916.125,1890.0613465165027,1936.8128217216758,1885.0932674174862,0.02,stop_loss,WEAK,232,52.12730696699464,41.37564344335169,1.2598548959936609,107.85733574818252,trail,1218.6494514297983,1.5,33.47000000000003,2.369999999999891,26.06365348349732,20.687821721675846,1220.0,2023-02
2023-02-03 15:55:00+00:00,2023-02-28 15:00:00+00:00,HTF,sell,1872.7849999999999,1822.8427463901362,1926.4674879671206,1792.2612680493187,0.02,stop_loss,WEAK,4651,99.88450721972731,107.36497593424157,0.9303267322567477,84.68435124413402,trail,1318.5339586495256,1.5,68.1909999999998,17.313000000000102,49.942253609863656,53.68248796712078,35945.0,2023-02
2023-03-01 06:30:00+00:00,2023-03-01 13:10:00+00:00,HTF,buy,1834.845,1835.9151870105761,1822.143129894239,1847.546870105761,0.02,stop_loss,RANGING,80,2.1403740211521836,25.403740211521836,0.08425428709829978,52.511952527170806,locked,1320.6743326706778,1.0,6.670000000000073,4.519999999999982,1.0701870105760918,12.701870105760918,400.0,2023-03
2023-03-02 06:10:00+00:00,2023-03-03 06:40:00+00:00,HTF,sell,1831.9479999999999,1843.4386840593745,1843.2386840593745,1815.011973910938,0.02,stop_loss,WEAK,282,-22.981368118749288,22.581368118749197,-1.017713718579698,12.36417556862545,raw,1297.6929645519285,1.5,2.0939999999998236,11.497000000000071,-11.490684059374644,11.290684059374598,1470.0,2023-03
2023-03-03 09:05:00+00:00,2023-03-06 08:25:00+00:00,HTF,buy,1846.365,1854.7498198031574,1837.5810660105246,1859.540900984213,0.02,stop_loss,WEAK,268,16.76963960631474,17.567867978950744,0.9545631619276502,89.58021173764025,trail,1314.4626041582433,1.5,11.802999999999884,7.4500000000000455,8.38481980315737,8.783933989475372,4280.0,2023-03
2023-03-06 11:35:00+00:00,2023-03-07 15:35:00+00:00,HTF,sell,1848.675,1824.3795801510823,1862.8136005036072,1827.467099244589,0.02,stop_loss,WEAK,324,48.590839697835236,28.27720100721444,1.7183751562058112,135.50138852223714,trail,1363.0534438560785,1.5,28.736999999999853,5.180000000000064,24.295419848917618,14.138600503607222,1680.0,2023-03
2023-03-08 08:55:00+00:00,2023-03-08 14:50:00+00:00,HTF,sell,1813.0349999999999,1821.1816366044616,1820.9816366044615,1801.1150450933073,0.02,stop_loss,WEAK,71,-16.293273208923438,15.893273208923347,-1.0251678804448858,8.137614677176247,raw,1346.760170647155,1.5,0.9699999999997999,8.430000000000064,-8.146636604461719,7.946636604461673,355.0,2023-03
2023-03-08 16:00:00+00:00,2023-03-09 15:15:00+00:00,HTF,buy,1820.2250000000001,1831.599228282607,1807.6724276086907,1839.0538585869645,0.02,stop_loss,WEAK,267,22.748456565213928,25.105144782618936,0.906127280371766,81.47068463629643,trail,1369.508627212369,1.5,15.339999999999918,8.420000000000073,11.374228282606964,12.552572391309468,1395.0,2023-03
2023-03-10 08:35:00+00:00,2023-03-10 16:05:00+00:00,HTF,buy,1835.7150000000001,1861.6249208786064,1820.5814029286882,1858.415395606968,0.02,stop_loss,WEAK,90,51.81984175721255,30.267194142623794,1.7120794716890269,139.34999436877638,trail,1421.3284689695815,1.5,31.63299999999981,4.9370000000001255,25.909920878606272,15.133597071311897,450.0,2023-03
2023-03-10 17:45:00+00:00,2023-03-13 13:55:00+00:00,HTF,buy,1864.2440000000001,1901.3192944262348,1837.1149814207834,1904.9375278688253,0.02,stop_loss,WEAK,242,74.15058885246935,54.25803715843358,1.3666286643571253,111.60005627035072,trail,1495.479057822051,1.5,45.41399999999976,3.4960000000000946,37.07529442623468,27.12901857921679,4090.0,2023-03
2023-03-13 15:20:00+00:00,2023-03-20 09:45:00+00:00,HTF,buy,1910.9550000000002,1986.7361615100435,1868.8313230200874,2016.264192449782,0.02,stop_loss,STRONG,1313,151.56232302008675,84.24735395982543,1.7990158253796484,93.7619952285602,trail,1647.0413808421376,2.5,98.73999999999978,25.3900000000001,75.78116151004338,42.123676979912716,9745.0,2023-03
2023-03-20 11:45:00+00:00,2023-03-21 13:45:00+00:00,HTF,buy,1983.095,1952.4913411889047,1952.6913411889047,2059.1041470277382,0.02,stop_loss,STRONG,300,-61.20731762219066,60.807317622190574,-1.0065781556503672,4.473145842248556,raw,1585.834063219947,2.5,3.3999999999998636,30.62000000000012,-30.60365881109533,30.403658811095283,1560.0,2023-03
2023-03-21 16:15:00+00:00,2023-03-22 18:00:00+00:00,HTF,sell,1946.835,1962.2614114766811,1962.061411476681,1908.7689713082973,0.02,stop_loss,STRONG,297,-30.852822953362192,30.4528229533621,-1.0131350712744327,33.25800046685612,raw,1554.9812402665848,2.5,12.660000000000082,19.5,-15.426411476681096,15.22641147668105,1545.0,2023-03
2023-03-23 06:10:00+00:00,2023-04-17 14:25:00+00:00,HTF,buy,1980.015,1990.523009388871,1937.1829624445163,2087.0950938887095,0.02,stop_loss,STRONG,4515,21.01601877774192,85.66407511096759,0.24533059804262375,63.99228606506203,locked,1575.9972590443267,2.5,68.52299999999991,36.12000000000012,10.50800938887096,42.832037555483794,36495.0,2023-03
2023-04-17 16:10:00+00:00,2023-05-03 14:50:00+00:00,HTF,sell,1987.825,2020.8657222303038,2020.6657222303038,1938.5639166545443,0.02,stop_loss,WEAK,3296,-66.0814444606076,65.68144446060751,-1.0060900000492528,37.900100306507674,raw,1509.915814583719,1.5,18.670000000000073,33.822999999999865,-33.0407222303038,32.840722230303754,22960.0,2023-04
2023-05-04 09:55:00+00:00,2023-05-05 07:20:00+00:00,HTF,buy,2037.9550000000002,2041.4328030790696,2023.2437876837218,2074.733030790696,0.02,stop_loss,STRONG,245,6.955606158138836,29.422424632556616,0.23640492736422175,58.64914335070052,locked,1516.871420741858,2.5,21.569999999999936,6.051000000000158,3.4778030790694174,14.711212316278306,1285.0,2023-05
2023-05-05 08:35:00+00:00,2023-05-05 12:45:00+00:00,HTF,sell,2039.575,2014.913948809247,2053.792897618494,2004.0302559537654,0.02,stop_loss,STRONG,50,49.322102381506284,28.435795236987815,1.7345075799867429,89.94297429295088,trail,1566.1935231233642,2.5,31.970000000000027,2.0299999999999727,24.661051190753142,14.217897618493907,250.0,2023-05
2023-05-05 13:40:00+00:00,2023-05-10 12:30:00+00:00,HTF,sell,2004.984,2044.535199116186,2044.335199116186,1906.6060022095348,0.02,stop_loss,STRONG,814,-79.10239823237225,78.70239823237216,-1.0050824372444036,5.620159104860206,raw,1487.091124890992,2.5,5.528999999999996,40.75999999999999,-39.551199116186126,39.35119911618608,7130.0,2023-05
2023-05-11 09:20:00+00:00,2023-05-11 11:30:00+00:00,HTF,sell,2023.2649999999999,2039.1081964912937,2038.9081964912937,1999.800205263059,0.02,stop_loss,WEAK,26,-31.68639298258768,31.286392982587586,-1.012785110773962,0.0,raw,1455.4047319084043,1.5,0.0,15.909000000000106,-15.843196491293838,15.643196491293793,130.0,2023-05
2023-05-11 16:00:00+00:00,2023-05-19 06:05:00+00:00,HTF,sell,2013.514,1964.3014958767567,2050.5689862558556,1957.9315206162164,0.02,stop_loss,WEAK,1537,98.42500824648641,74.10997251171148,1.3280939785928605,110.87846509053088,trail,1553.8297401548907,1.5,61.628999999999905,8.980000000000018,49.21250412324321,37.05498625585574,10925.0,2023-05
2023-05-19 09:05:00+00:00,2023-05-19 15:30:00+00:00,HTF,buy,1965.2250000000001,1980.4654163347245,1955.0647224435172,1980.4654163347245,0.02,take_profit,WEAK,77,30.480832669448777,20.32055511296585,1.5000000000000002,120.29198938764685,locked,1584.3105728243395,1.5,18.332999999999856,8.13000000000011,15.240416334724387,10.160277556482924,385.0,2023-05
2023-05-22 06:50:00+00:00,2023-05-23 07:25:00+00:00,HTF,buy,1976.4850000000001,1955.7461968128332,1955.9461968128333,2007.2932047807503,0.02,stop_loss,WEAK,283,-41.477606374333845,41.077606374333755,-1.009737665733367,19.54024923828551,raw,1542.8329664500056,1.5,6.019999999999982,21.177000000000135,-20.738803187166923,20.538803187166877,1475.0,2023-05
2023-05-23 08:05:00+00:00,2023-05-23 13:55:00+00:00,HTF,sell,1954.995,1972.4440108443182,1972.2440108443182,1929.1214837335224,0.02,stop_loss,WEAK,70,-34.89802168863662,34.49802168863653,-1.0115948677756166,2.0870761996103466,raw,1507.934944761369,1.5,0.5399999999999636,18.289000000000215,-17.44901084431831,17.249010844318263,350.0,2023-05
2023-05-24 09:05:00+00:00,2023-05-24 13:10:00+00:00,HTF,buy,1976.185,1977.5854577510197,1960.180422489801,1992.189577510199,0.02,stop_loss,RANGING,49,2.8009155020395156,32.009155020397884,0.08750357515700205,56.29014570524598,locked,1510.7358602634085,1.0,9.009000000000015,2.40099999999984,1.4004577510197578,16.004577510198942,245.0,2023-05
2023-05-25 09:50:00+00:00,2023-05-25 12:35:00+00:00,HTF,sell,1961.555,1947.881258610557,1975.228741389443,1947.881258610557,0.02,take_profit,RANGING,33,27.347482778885933,27.347482778885933,1.0,141.2195788265293,locked,1538.0833430422945,1.0,19.310000000000173,1.40300000000002,13.673741389442966,13.673741389442966,165.0,2023-05
2023-05-25 13:35:00+00:00,2023-05-30 08:25:00+00:00,HTF,sell,1946.895,1944.3168943621827,1974.6760563781727,1919.1139436218273,0.02,stop_loss,RANGING,736,5.156211275634632,55.562112756345414,0.09280084971293272,53.957631401581615,locked,1543.239554317929,1.0,14.990000000000009,10.319999999999936,2.578105637817316,27.781056378172707,6890.0,2023-05
2023-05-30 15:25:00+00:00,2023-06-02 13:45:00+00:00,HTF,buy,1960.9950000000001,1963.8146946870352,1940.8637020864326,1991.1919468703513,0.02,stop_loss,WEAK,808,5.639389374070106,40.2625958271351,0.14006522078910327,73.91475732904232,locked,1548.8789436919992,1.5,22.319999999999936,7.740000000000009,2.819694687035053,20.13129791356755,4220.0,2023-05
2023-06-02 14:15:00+00:00,2023-06-05 14:00:00+00:00,HTF,sell,1962.875,1959.5772802309598,1986.193131793602,1927.897802309597,0.02,stop_loss,WEAK,273,6.595439538080427,46.63626358720421,0.14142298354900898,70.98910615933282,locked,1555.4743832300796,1.5,24.829999999999927,4.259999999999991,3.2977197690402136,23.318131793602106,4305.0,2023-06
2023-06-06 07:25:00+00:00,2023-06-07 17:30:00+00:00,HTF,sell,1956.994,1944.0060241693593,1971.949120846796,1942.0388791532039,0.02,stop_loss,RANGING,397,25.975951661281215,29.91024169359207,0.8684634489879856,108.31741291793236,trail,1581.4503348913609,1.0,16.19899999999984,13.091000000000122,12.987975830640607,14.955120846796035,2045.0,2023-06
2023-06-08 06:10:00+00:00,2023-06-08 13:35:00+00:00,HTF,sell,1944.065,1964.352346548154,1964.152346548154,1923.9776534518462,0.02,stop_loss,RANGING,89,-40.57469309630778,40.17469309630769,-1.0099565166320301,6.67086614345935,raw,1540.875641795053,1.0,1.3400000000001455,21.399999999999864,-20.28734654815389,20.087346548153846,445.0,2023-06
2023-06-08 14:15:00+00:00,2023-06-15 00:50:00+00:00,HTF,buy,1968.565,1936.2058952393554,1936.4058952393555,2000.7241047606447,0.02,stop_loss,RANGING,1219,-64.71820952128928,64.31820952128919,-1.0062190785934066,13.566919951513615,raw,1476.1574322737638,1.0,4.363000000000056,32.52999999999997,-32.35910476064464,32.159104760644595,9275.0,2023-06
2023-06-15 09:00:00+00:00,2023-06-15 13:55:00+00:00,HTF,sell,1931.0249999999999,1953.0723733059983,1952.8723733059983,1909.1776266940014,0.02,stop_loss,RANGING,59,-44.094746611996925,43.694746611996834,-1.0091544185746637,28.04456130347589,raw,1432.0626856617669,1.0,6.126999999999953,22.3900000000001,-22.047373305998462,21.847373305998417,295.0,2023-06
2023-06-19 11:10:00+00:00,2023-06-20 14:10:00+00:00,HTF,sell,1949.365,1933.5910258062077,1965.895129031038,1932.834870968962,0.02,stop_loss,RANGING,282,31.54794838758471,33.06025806207617,0.9542559628042876,117.76677582762692,trail,1463.6106340493516,1.0,19.4670000000001,7.309999999999945,15.773974193792355,16.530129031038086,1620.0,2023-06
2023-06-21 06:40:00+00:00,2023-06-21 13:45:00+00:00,HTF,sell,1933.185,1923.9550000000002,1950.5889267928744,1915.7810732071255,0.02,stop_gap,RANGING,85,18.45999999999958,34.807853585748944,0.5303400841572572,81.07365750226452,trail,1482.0706340493512,1.0,14.1099999999999,4.033000000000129,9.22999999999979,17.403926792874472,425.0,2023-06
2023-06-21 14:55:00+00:00,2023-06-22 15:25:00+00:00,HTF,buy,1932.105,1913.3856660107454,1913.5856660107454,1959.8840009838818,0.02,stop_loss,WEAK,282,-37.43866797850933,37.03866797850924,-1.0107995244384107,19.439143989135278,raw,1444.6319660708418,1.5,5.400000000000091,18.539999999999964,-18.719333989254665,18.51933398925462,1470.0,2023-06
2023-06-22 17:35:00+00:00,2023-06-29 14:15:00+00:00,HTF,sell,1914.105,1910.6992028217326,1938.1436478551161,1878.047028217326,0.02,stop_loss,WEAK,1340,6.811594356534897,48.07729571023219,0.14168006448593154,58.76647784771387,locked,1451.4435604273767,1.5,21.190000000000055,23.133000000000038,3.4057971782674485,24.038647855116096,9880.0,2023-06
2023-06-29 17:10:00+00:00,2023-07-03 14:10:00+00:00,HTF,buy,1910.095,1925.646268778949,1893.1325625964973,1935.5386561052542,0.02,stop_loss,WEAK,516,31.102537557897904,33.92487480700538,0.9168062589718188,81.90646781967953,trail,1482.5460979852746,1.5,20.839999999999918,9.63000000000011,15.551268778948952,16.96243740350269,5580.0,2023-06
2023-07-04 07:20:00+00:00,2023-07-05 13:25:00+00:00,HTF,buy,1926.538,1932.6524240691463,1919.696080230488,1936.800879654268,0.02,stop_loss,WEAK,319,12.228848138292506,13.68383953902412,0.8936708226823172,81.52682562657083,trail,1494.7749461235671,1.5,8.366999999999962,5.79300000000012,6.114424069146253,6.84191976951206,1805.0,2023-07
2023-07-06 11:45:00+00:00,2023-07-06 12:20:00+00:00,HTF,buy,1926.785,1910.6220073565885,1910.8220073565885,1942.7479926434116,0.02,stop_loss,RANGING,7,-32.3259852868232,31.925985286823106,-1.0125289790246563,4.510432448875398,raw,1462.448960836744,1.0,0.7200000000000273,18.65000000000009,-16.1629926434116,15.962992643411553,35.0,2023-07
2023-07-10 15:55:00+00:00,2023-07-11 06:45:00+00:00,HTF,buy,1923.608,1934.915,1911.652456507208,1935.563543492792,0.02,stop_gap,RANGING,166,22.614000000000033,23.911086985584006,0.9457537423386069,122.59584860225598,trail,1485.062960836744,1.0,14.657000000000153,1.0699999999999363,11.307000000000016,11.955543492792003,890.0,2023-07
2023-07-11 10:35:00+00:00,2023-07-12 14:00:00+00:00,HTF,buy,1937.778,1952.7849257408452,1916.3276287042256,1959.2283712957744,0.02,stop_loss,RANGING,317,30.01385148169038,42.900742591548806,0.6996114675087917,90.89353154386127,trail,1515.0768123184343,1.0,19.49700000000007,8.52299999999991,15.00692574084519,21.450371295774403,1645.0,2023-07
2023-07-12 15:55:00+00:00,2023-07-21 13:15:00+00:00,HTF,buy,1955.738,1959.8211119442599,1927.183920371601,1998.5691194425985,0.02,stop_loss,WEAK,1900,8.166223888519653,57.10815925679798,0.14299574692643538,73.88786567302469,locked,1523.243036206954,1.5,31.646999999999935,10.100000000000136,4.0831119442598265,28.554079628398995,12800.0,2023-07
2023-07-21 15:25:00+00:00,2023-07-26 11:35:00+00:00,HTF,sell,1960.278,1974.00361382476,1973.8036138247599,1939.9895792628604,0.02,stop_loss,WEAK,782,-27.45122764951975,27.05122764951966,-1.01478675959489,41.30434846838437,raw,1495.7918085574343,1.5,8.38000000000011,13.779999999999973,-13.725613824759876,13.52561382475983,6970.0,2023-07
2023-07-27 07:40:00+00:00,2023-07-27 12:40:00+00:00,HTF,buy,1980.895,1965.278725788298,1965.478725788298,1996.3112742117019,0.02,stop_loss,RANGING,60,-31.232548423403845,30.83254842340375,-1.012973303228366,7.654248904734537,raw,1464.5592601340304,1.0,1.1800000000000637,18.09999999999991,-15.61627421170192,15.416274211701875,300.0,2023-07
2023-07-28 11:55:00+00:00,2023-07-31 14:20:00+00:00,HTF,buy,1956.6580000000001,1967.8924641522278,1938.6953207611402,1974.62067923886,0.02,stop_loss,RANGING,305,22.468928304455403,35.92535847771978,0.6254336562400679,87.0527151994751,trail,1487.0281884384858,1.0,15.636999999999944,6.003000000000156,11.234464152227702,17.96267923885989,4465.0,2023-07
2023-07-31 15:35:00+00:00,2023-08-01 12:40:00+00:00,HTF,buy,1970.474,1948.312904942664,1948.5129049426641,1992.4350950573357,0.02,stop_loss,RANGING,241,-44.322190114671685,43.922190114671594,-1.0091070139935139,7.654445261546853,raw,1442.7059983238141,1.0,1.68100000000004,22.729000000000042,-22.161095057335842,21.961095057335797,1265.0,2023-07
2023-08-01 15:10:00+00:00,2023-08-04 12:40:00+00:00,HTF,sell,1942.7649999999999,1940.228285085458,1970.1321491454175,1915.3978508545822,0.02,stop_loss,RANGING,798,5.0734298290835795,54.73429829083534,0.09269196806224644,65.28630331592868,locked,1447.7794281528977,1.0,17.866999999999962,11.910000000000082,2.5367149145417898,27.36714914541767,4170.0,2023-08
2023-08-04 16:30:00+00:00,2023-08-08 12:00:00+00:00,HTF,buy,1943.105,1927.511164203952,1927.711164203952,1966.1957536940722,0.02,stop_loss,WEAK,498,-31.187671592096194,30.787671592096107,-1.0129922134190483,15.157582322219792,raw,1416.5917565608015,1.5,3.5,16.72700000000009,-15.593835796048097,15.393835796048052,5490.0,2023-08
2023-08-08 17:20:00+00:00,2023-08-10 11:00:00+00:00,HTF,sell,1923.895,1922.5093053734388,1939.7519462656112,1908.0380537343888,0.02,stop_loss,RANGING,476,2.771389253122379,31.713892531222427,0.08738723101851775,65.5233348588218,locked,1419.363145813924,1.0,10.389999999999873,8.360000000000127,1.3856946265611896,15.856946265611214,2500.0,2023-08
2023-08-10 11:55:00+00:00,2023-08-10 12:40:00+00:00,HTF,buy,1921.9950000000001,1923.0110852684747,1909.834147315253,1934.1558526847473,0.02,stop_loss,RANGING,9,2.032170536949252,24.32170536949434,0.08355378482210032,65.78486071156692,locked,1421.3953163508731,1.0,7.999999999999773,0.9300000000000637,1.016085268474626,12.16085268474717,45.0,2023-08
2023-08-11 09:50:00+00:00,2023-08-11 13:00:00+00:00,HTF,sell,1917.384,1916.7740471309405,1925.4835286905961,1909.284471309404,0.02,stop_loss,RANGING,38,1.219905738118996,16.199057381192233,0.07530720519178828,54.064874232547666,locked,1422.6152220889921,1.0,4.378999999999905,3.43100000000004,0.609952869059498,8.099528690596117,190.0,2023-08
2023-08-11 13:40:00+00:00,2023-08-14 12:20:00+00:00,HTF,buy,1917.295,1906.7099685565358,1906.909968556536,1927.6800314434643,0.02,stop_loss,RANGING,260,-21.170062886928463,20.770062886928372,-1.0192584876693769,33.60606098305498,raw,1401.4451592020637,1.0,3.490000000000009,10.760999999999967,-10.585031443464231,10.385031443464186,4240.0,2023-08
2023-08-14 17:40:00+00:00,2023-08-15 01:40:00+00:00,HTF,sell,1911.565,1905.633236916791,1920.756184583955,1902.373815416045,0.02,stop_loss,RANGING,84,11.863526166418069,18.38236916790993,0.64537525375827,86.71352345499886,trail,1413.3086853684817,1.0,7.970000000000027,0.15999999999985448,5.9317630832090344,9.191184583954964,480.0,2023-08
2023-08-15 08:05:00+00:00,2023-08-15 12:40:00+00:00,HTF,sell,1904.555,1903.6177335606533,1915.9276643934681,1893.182335606532,0.02,stop_loss,RANGING,55,1.8745328786935715,22.74532878693617,0.08241397151270083,73.3337387920305,locked,1415.1832182471753,1.0,8.340000000000146,0.5,0.9372664393467858,11.372664393468085,275.0,2023-08
2023-08-16 06:20:00+00:00,2023-08-16 17:35:00+00:00,HTF,buy,1905.818,1896.6816123385177,1896.8816123385177,1914.7543876614823,0.02,stop_loss,RANGING,135,-18.272775322964662,17.87277532296457,-1.0223804077862566,14.289890371522073,raw,1396.9104429242107,1.0,1.2770000000000437,8.952999999999975,-9.136387661482331,8.936387661482286,675.0,2023-08
2023-08-17 09:00:00+00:00,2023-08-18 00:40:00+00:00,HTF,sell,1893.685,1892.5555973977655,1906.9790260223456,1880.3909739776543,0.02,stop_loss,RANGING,176,2.2588052044688993,26.588052044691267,0.08495564852483829,65.89425946117076,locked,1399.1692481286796,1.0,8.759999999999991,9.690000000000055,1.1294026022344497,13.294026022345633,940.0,2023-08
2023-08-18 06:00:00+00:00,2023-08-21 01:35:00+00:00,HTF,buy,1893.255,1884.9611236805622,1885.1611236805622,1901.348876319438,0.02,stop_loss,RANGING,223,-16.587752638875827,16.187752638875736,-1.024710039059991,42.29123185116491,raw,1382.5814954898037,1.0,3.423000000000002,8.13000000000011,-8.293876319437913,8.093876319437868,4055.0,2023-08
2023-08-21 08:55:00+00:00,2023-08-21 12:35:00+00:00,HTF,sell,1888.355,1895.6953116108955,1895.4953116108954,1877.6445325836569,0.02,stop_loss,WEAK,44,-14.68062322179094,14.280623221790847,-1.0280099820426416,15.312123516641476,raw,1367.9008722680128,1.5,1.6400000000001,7.279999999999973,-7.340311610895469,7.140311610895424,220.0,2023-08
2023-08-22 06:10:00+00:00,2023-08-22 12:25:00+00:00,HTF,buy,1898.195,1899.0889763438847,1887.2552365611507,1909.1347634388492,0.02,stop_loss,RANGING,75,1.7879526877695753,21.87952687769848,0.08171806903155718,56.76539565697656,locked,1369.6888249557824,1.0,6.210000000000036,0.6299999999998818,0.8939763438847876,10.93976343884924,375.0,2023-08
2023-08-23 07:50:00+00:00,2023-08-23 13:45:00+00:00,HTF,buy,1903.365,1916.2231460367939,1890.5068539632061,1916.2231460367939,0.02,take_profit,RANGING,71,25.716292073587738,25.716292073587738,1.0,111.36908819531945,locked,1395.40511702937,1.0,14.319999999999936,2.1800000000000637,12.858146036793869,12.858146036793869,355.0,2023-08
2023-08-23 16:00:00+00:00,2023-08-25 14:35:00+00:00,HTF,buy,1918.6280000000002,1906.687282131006,1906.887282131006,1930.3687178689943,0.02,stop_loss,RANGING,535,-23.88143573798834,23.48143573798825,-1.0170347335002592,39.15433495033465,raw,1371.5236812913818,1.0,4.596999999999753,11.92300000000023,-11.94071786899417,11.740717868994125,2795.0,2023-08
2023-08-28 08:35:00+00:00,2023-08-28 15:35:00+00:00,HTF,sell,1914.125,1923.3094303301727,1923.1094303301727,1905.1405696698273,0.02,stop_loss,RANGING,84,-18.36886066034549,17.9688606603454,-1.022260732472751,16.139031042741397,raw,1353.1548206310363,1.0,1.4500000000000455,10.61999999999989,-9.184430330172745,8.9844303301727,420.0,2023-08
2023-08-29 06:10:00+00:00,2023-08-29 11:40:00+00:00,HTF,buy,1924.815,1917.7827501117774,1917.9827501117775,1931.6472498882226,0.02,stop_loss,RANGING,66,-14.064499776445247,13.664499776445155,-1.0292729339927695,0.8781880197820829,raw,1339.090320854591,1.0,0.05999999999994543,6.930000000000064,-7.032249888222623,6.832249888222577,330.0,2023-08
2023-08-29 12:10:00+00:00,2023-08-29 14:00:00+00:00,HTF,sell,1916.055,1929.8000205633816,1929.6000205633816,1902.5099794366186,0.02,stop_loss,RANGING,22,-27.490041126763114,27.090041126763026,-1.0147655737445491,12.550737682864327,raw,1311.600279727828,1.0,1.7000000000000455,14.039999999999964,-13.745020563381559,13.545020563381513,110.0,2023-08
2023-08-29 14:55:00+00:00,2023-09-01 14:25:00+00:00,HTF,buy,1934.265,1936.6295800356322,1908.6191996436773,1959.9108003563229,0.02,stop_loss,RANGING,822,4.729160071264232,51.291600712645504,0.09220145219796773,72.6824655148824,locked,1316.3294397990921,1.0,18.639999999999873,1.7410000000002128,2.364580035632116,25.645800356322752,4290.0,2023-08
2023-09-01 15:15:00+00:00,2023-09-07 10:05:00+00:00,HTF,sell,1938.1779999999999,1921.1970285919538,1957.151428639845,1909.717857040232,0.02,stop_loss,WEAK,1012,33.96194281609223,37.94685727969045,0.8949869699557179,80.82531430891862,trail,1350.2913826151844,1.5,23.00299999999993,8.007000000000062,16.980971408046116,18.973428639845224,8330.0,2023-09
2023-09-07 11:10:00+00:00,2023-09-08 12:50:00+00:00,HTF,buy,1921.015,1921.8782146853332,1913.9269020977795,1931.647146853331,0.02,stop_loss,WEAK,296,1.72642937066621,14.17619580444125,0.12178368544580473,57.749390454255646,locked,1352.0178119858506,1.5,6.139999999999873,4.920000000000073,0.8632146853331051,7.088097902220625,1540.0,2023-09
2023-09-11 11:20:00+00:00,2023-09-12 05:50:00+00:00,HTF,buy,1926.308,1919.7600029172065,1919.9600029172066,1935.8299956241901,0.02,stop_loss,WEAK,210,-13.095994165586944,12.695994165586855,-1.0315060006158723,38.930914761005184,raw,1338.9218178202636,1.5,3.7070000000001073,6.413000000000011,-6.547997082793472,6.347997082793427,1110.0,2023-09
2023-09-12 09:10:00+00:00,2023-09-12 11:35:00+00:00,HTF,sell,1919.328,1913.018,1925.0846864312596,1910.6929703531105,0.02,stop_gap,WEAK,29,12.619999999999893,11.51337286251919,1.0961166767284358,96.7454698086567,trail,1351.5418178202635,1.5,8.354000000000042,0.41000000000008185,6.309999999999945,5.756686431259595,145.0,2023-09
2023-09-12 12:10:00+00:00,2023-09-14 14:50:00+00:00,HTF,sell,1911.495,1909.628598262237,1925.2710115850864,1890.8309826223701,0.02,stop_loss,WEAK,584,3.732803475525998,27.55202317017302,0.13548200988619294,51.282380412010156,locked,1355.2746212957895,1.5,10.59699999999998,4.160000000000082,1.866401737762999,13.776011585086508,3040.0,2023-09
2023-09-15 08:00:00+00:00,2023-09-19 05:20:00+00:00,HTF,buy,1917.665,1930.6413842504053,1905.9529475013512,1935.2330787479732,0.02,stop_loss,WEAK,520,25.952768500810635,23.42410499729749,1.1079513391783755,95.85567233379415,trail,1381.2273897966002,1.5,16.840000000000146,1.759999999999991,12.976384250405317,11.712052498648745,5600.0,2023-09
2023-09-19 09:30:00+00:00,2023-09-20 15:40:00+00:00,HTF,buy,1934.905,1942.7925515657128,1926.5201718857095,1947.4822421714357,0.02,stop_loss,WEAK,350,15.775103131425567,16.76965622858097,0.9406932924802381,86.17946487995977,trail,1397.0024929280257,1.5,10.838999999999942,7.0499999999999545,7.8875515657127835,8.384828114290485,1810.0,2023-09
2023-09-21 11:40:00+00:00,2023-09-21 14:05:00+00:00,HTF,sell,1921.075,1919.9038745867385,1930.2158360884102,1907.3637458673848,0.02,stop_loss,WEAK,29,2.3422508265230135,18.281672176820393,0.12812016340019425,53.00025752359051,locked,1399.3447437545487,1.5,7.267000000000053,1.1299999999998818,1.1711254132615068,9.140836088410197,145.0,2023-09
2023-09-21 15:20:00+00:00,2023-09-26 15:35:00+00:00,HTF,sell,1917.905,1904.7698898845879,1930.8212996152927,1898.530550577061,0.02,stop_loss,WEAK,831,26.270220230824183,25.8325992305854,1.0169406491515822,88.82833067567671,trail,1425.614963985373,1.5,17.210000000000036,11.110000000000127,13.13511011541209,12.9162996152927,7215.0,2023-09
2023-09-26 17:50:00+00:00,2023-09-27 18:45:00+00:00,HTF,sell,1900.578,1877.478469503024,1921.895347515119,1879.260652484881,0.02,stop_loss,RANGING,287,46.199060993952116,42.63469503023816,1.0836024735531935,131.97232901535725,trail,1471.814024979325,1.0,28.133000000000038,3.247000000000071,23.099530496976058,21.31734751511908,1495.0,2023-09
2023-09-28 08:55:00+00:00,2023-09-29 07:30:00+00:00,HTF,sell,1873.895,1871.8983262620714,1882.681694951715,1851.9282626207128,0.02,stop_loss,STRONG,259,3.9933474758572634,17.57338990342987,0.2272383130290568,74.33966964706255,locked,1475.8073724551823,2.5,16.329999999999927,5.589999999999918,1.9966737379286315,8.786694951714935,1355.0,2023-09
2023-09-29 08:00:00+00:00,2023-09-29 14:20:00+00:00,HTF,buy,1872.738,1859.245028678186,1859.445028678186,1905.9704283045353,0.02,stop_loss,STRONG,76,-26.98594264362828,26.585942643628186,-1.0150455451349574,21.145009132664157,raw,1448.821429811554,2.5,7.027000000000044,13.353000000000065,-13.492971321814139,13.292971321814093,380.0,2023-09
2023-10-02 08:35:00+00:00,2023-10-02 09:20:00+00:00,HTF,buy,1842.525,1835.0614991182867,1835.2614991182868,1860.6837522042833,0.02,stop_loss,STRONG,9,-14.92700176342669,14.527001763426597,-1.0275349316062685,3.249121929538475,raw,1433.8944280481273,2.5,0.5899999999999181,7.3900000000001,-7.463500881713344,7.263500881713298,45.0,2023-10
2023-10-02 12:35:00+00:00,2023-10-02 23:35:00+00:00,HTF,sell,1836.695,1824.2409568497842,1843.726913699568,1819.1152157510796,0.02,stop_loss,STRONG,120,24.908086300431478,14.063827399136244,1.771074515743933,92.66325325352297,trail,1458.8025143485588,2.5,16.289999999999964,1.6700000000000728,12.454043150215739,7.031913699568122,660.0,2023-10
2023-10-03 08:00:00+00:00,2023-10-05 12:35:00+00:00,HTF,buy,1826.328,1813.7007904345803,1813.9007904345804,1857.396023913549,0.02,stop_loss,STRONG,607,-25.254419130839324,24.854419130839233,-1.0160937174952431,22.13529904295211,raw,1433.5480952177195,2.5,6.876999999999953,13.403999999999996,-12.627209565419662,12.427209565419616,3155.0,2023-10
2023-10-05 15:20:00+00:00,2023-10-06 14:30:00+00:00,HTF,sell,1817.685,1830.6099997108845,1830.4099997108844,1785.8725007227886,0.02,stop_loss,STRONG,266,-25.8499994217691,25.44999942176901,-1.0157170926950176,23.251866933003644,raw,1407.6980957959504,2.5,7.3969999999999345,13.700000000000045,-12.92499971088455,12.724999710884504,1390.0,2023-10
2023-10-06 15:30:00+00:00,2023-10-16 02:45:00+00:00,HTF,buy,1832.645,1919.4200004798543,1806.1350009597083,1898.919997600729,0.02,stop_loss,STRONG,1503,173.55000095970854,53.019998080583264,3.273293233544367,151.23350226858037,trail,1581.248096755659,2.5,100.23000000000002,3.9200000000000728,86.77500047985427,26.509999040291632,13635.0,2023-10
2023-10-16 07:10:00+00:00,2023-10-17 10:10:00+00:00,HTF,sell,1910.845,1925.4149851400982,1925.2149851400982,1874.9200371497545,0.02,stop_loss,STRONG,312,-29.139970280196394,28.739970280196303,-1.0139178988739497,2.7279081792935562,raw,1552.1081264754625,2.5,0.9800000000000182,15.0,-14.569985140098197,14.369985140098152,1620.0,2023-10
2023-10-17 10:40:00+00:00,2023-10-18 02:40:00+00:00,HTF,buy,1923.605,1938.1500408941954,1915.0150817883912,1945.0797955290222,0.02,stop_loss,STRONG,180,29.090081788390766,17.179836423217694,1.6932688456263163,88.66207817563735,trail,1581.1982082638533,2.5,19.039999999999964,4.690000000000055,14.545040894195381,8.589918211608847,960.0,2023-10
2023-10-18 07:05:00+00:00,2023-10-18 15:10:00+00:00,HTF,buy,1937.925,1941.280161187456,1923.7043552501752,1973.4766118745617,0.02,stop_loss,STRONG,97,6.710322374912267,28.44128949964943,0.23593594007033258,69.25143109366708,locked,1587.9085306387656,2.5,24.62000000000012,2.4300000000000637,3.355161187456133,14.220644749824714,485.0,2023-10
2023-10-18 15:55:00+00:00,2023-10-20 16:50:00+00:00,HTF,buy,1945.325,1984.7447206429003,1922.2444412858013,2003.0263967854971,0.02,stop_loss,STRONG,563,78.8394412858006,46.161117428397574,1.7079188216812935,89.78985412190593,trail,1666.7479719245662,2.5,51.809999999999945,0.75,39.4197206429003,23.080558714198787,2935.0,2023-10
2023-10-20 17:55:00+00:00,2023-10-24 17:45:00+00:00,HTF,sell,1982.235,1977.119808905205,2003.49576437918,1929.0830890520497,0.02,stop_loss,STRONG,550,10.230382189589818,42.52152875836009,0.24059300049456567,54.24264054820733,locked,1676.978354114156,2.5,28.830999999999904,0.4900000000000091,5.115191094794909,21.260764379180046,5750.0,2023-10
2023-10-25 08:30:00+00:00,2023-10-26 12:45:00+00:00,HTF,buy,1973.305,1976.0510290434993,1961.5208838260025,2002.7652904349939,0.02,stop_loss,STRONG,327,5.492058086998441,23.568232347995036,0.23302800167215992,68.1595452845513,locked,1682.4704122011544,2.5,20.079999999999927,10.451000000000022,2.7460290434992203,11.784116173997518,1695.0,2023-10
2023-10-27 17:15:00+00:00,2023-10-27 18:35:00+00:00,HTF,buy,1986.945,2004.0112186222264,1972.722395407421,2008.2789068888685,0.02,stop_loss,WEAK,16,34.13243724445283,28.44520918515809,1.199936236090757,100.93322386831754,trail,1716.6028494456073,1.5,21.53300000000013,1.2100000000000364,17.066218622226415,14.222604592579046,80.0,2023-10
2023-10-30 06:45:00+00:00,2023-10-31 18:40:00+00:00,HTF,sell,1997.845,1983.1307753320987,2011.8309177736626,1976.8661233395062,0.02,stop_loss,WEAK,419,29.428449335802725,27.971835547325103,1.0520743011667288,91.09162663598164,trail,1746.03129878141,1.5,19.110000000000127,9.888999999999896,14.714224667901362,13.98591777366255,2155.0,2023-10
2023-11-01 08:25:00+00:00,2023-11-01 14:00:00+00:00,HTF,sell,1977.835,1988.9105858815583,1988.7105858815582,1966.9594141184418,0.02,stop_loss,RANGING,67,-22.15117176311651,21.751171763116417,-1.0183898138618157,0.0,raw,1723.8801270182935,1.0,0.0,13.918999999999869,-11.075585881558254,10.875585881558209,335.0,2023-11
2023-11-01 16:40:00+00:00,2023-11-03 12:30:00+00:00,HTF,sell,1974.815,2000.4945439610367,2000.2945439610367,1949.3354560389635,0.02,stop_loss,RANGING,502,-51.359087922073286,50.959087922073195,-1.007849434052112,19.62358513027555,raw,1672.5210390962202,1.0,5.0,27.37999999999988,-25.679543961036643,25.479543961036597,2630.0,2023-11
2023-11-03 13:15:00+00:00,2023-11-06 20:40:00+00:00,HTF,buy,2000.345,1978.316080662156,1978.5160806621561,2022.173919337844,0.02,stop_loss,RANGING,353,-44.05783867568789,43.6578386756878,-1.0091621576361463,4.7643219707947635,raw,1628.4632004205323,1.0,1.0399999999999636,22.279999999999973,-22.028919337843945,21.8289193378439,4765.0,2023-11
2023-11-07 07:00:00+00:00,2023-11-07 12:55:00+00:00,HTF,sell,1970.205,1959.4189241601407,1980.7246208007034,1959.6853791992964,0.02,stop_loss,RANGING,71,21.572151679718445,21.039241601406957,1.0253293387854747,124.4341430931099,trail,1650.0353521002507,1.0,13.089999999999918,0.25,10.786075839859222,10.519620800703478,355.0,2023-11
2023-11-07 15:20:00+00:00,2023-11-08 23:00:00+00:00,HTF,sell,1963.1879999999999,1951.5240457431564,1982.6832287157822,1943.6927712842175,0.02,stop_loss,RANGING,356,23.327908513686907,38.990457431564664,0.5982978926223583,81.36862732550534,trail,1673.3632606139377,1.0,15.862999999999829,7.767000000000053,11.663954256843454,19.495228715782332,1900.0,2023-11
2023-11-09 12:55:00+00:00,2023-11-09 14:40:00+00:00,HTF,sell,1945.5149999999999,1955.7714688471763,1955.5714688471762,1930.4302967292354,0.02,stop_loss,WEAK,21,-20.512937694352786,20.112937694352695,-1.019887696470735,5.2370934039587835,raw,1652.8503229195849,1.5,0.7899999999999636,11.930000000000064,-10.256468847176393,10.056468847176347,105.0,2023-11
2023-11-10 07:50:00+00:00,2023-11-10 12:50:00+00:00,HTF,sell,1955.465,1946.4835396877907,1964.960132292635,1941.222301561047,0.02,stop_loss,WEAK,60,17.96292062441853,18.990264585270324,0.94590154569786,84.46433133133468,trail,1670.8132435440034,1.5,12.029999999999973,1.6100000000001273,8.981460312209265,9.495132292635162,300.0,2023-11
2023-11-10 14:40:00+00:00,2023-11-13 16:15:00+00:00,HTF,sell,1944.555,1942.5883255920623,1958.999496052919,1922.8882559206215,0.02,stop_loss,WEAK,295,3.9333488158754335,28.888992105838042,0.13615389562450542,60.184400352108604,locked,1674.7465923598788,1.5,13.039999999999964,2.2200000000000273,1.9666744079377168,14.444496052919021,4415.0,2023-11
2023-11-14 07:25:00+00:00,2023-11-14 13:35:00+00:00,HTF,buy,1945.875,1955.5945808817764,1935.106936272588,1962.027095591118,0.02,stop_loss,WEAK,74,19.439161763552875,21.536127454824054,0.9026303268463679,81.41358454584193,trail,1694.1857541234317,1.5,13.150000000000091,7.8969999999999345,9.719580881776437,10.768063727412027,370.0,2023-11
2023-11-15 06:20:00+00:00,2023-11-15 13:35:00+00:00,HTF,buy,1968.595,1967.585,1960.2445270468065,1981.1207094297902,0.02,stop_gap,WEAK,87,-2.019999999999982,16.700945906387005,-0.12095123302132639,52.31639801905954,locked,1692.1657541234317,1.5,6.552999999999884,3.076999999999998,-1.009999999999991,8.350472953193503,435.0,2023-11
2023-11-16 08:40:00+00:00,2023-11-16 14:15:00+00:00,HTF,sell,1966.1779999999999,1974.6110556180263,1974.4110556180262,1953.8284165729604,0.02,stop_loss,WEAK,67,-16.866111236052802,16.46611123605271,-1.0242923173702536,33.70963907077913,raw,1675.299642887379,1.5,4.1629999999997835,8.607000000000198,-8.433055618026401,8.233055618026356,335.0,2023-11
2023-11-16 15:10:00+00:00,2023-11-27 02:00:00+00:00,HTF,buy,1982.7450000000001,2010.3394390073227,1957.5931300244088,2020.4728049633873,0.02,stop_loss,WEAK,1681,55.18887801464507,50.3037399511827,1.097112820402681,93.67096769688969,trail,1730.488520902024,1.5,35.33999999999992,17.3900000000001,27.594439007322535,25.151869975591353,15050.0,2023-11
2023-11-27 07:10:00+00:00,2023-11-29 02:20:00+00:00,HTF,buy,2010.9550000000002,2045.9172872299212,1991.7959574330719,2039.6935638503926,0.02,stop_loss,WEAK,494,69.924574459842,38.318085133856584,1.8248452190545132,142.352276936904,trail,1800.413095361866,1.5,40.90999999999963,5.347000000000207,34.962287229921,19.159042566928292,2590.0,2023-11
2023-11-29 08:35:00+00:00,2023-12-03 23:20:00+00:00,HTF,buy,2043.665,2091.037248370611,2027.3314967412214,2084.4987581469463,0.02,stop_loss,STRONG,717,94.74449674122206,32.66700651755718,2.900311563298607,180.5124077356378,trail,1895.157592103088,2.5,73.71000000000004,12.406999999999925,47.37224837061103,16.33350325877859,6645.0,2023-11
2023-12-04 06:25:00+00:00,2023-12-04 15:00:00+00:00,HTF,sell,2084.2250000000004,2051.7377100152216,2101.450420030444,2041.161449923891,0.02,stop_loss,STRONG,103,64.97457996955745,34.45084006088746,1.886008580769676,96.99618337591141,trail,1960.1321720726455,2.5,41.77000000000044,0.36999999999989086,32.48728998477873,17.22542003044373,515.0,2023-12
2023-12-04 16:45:00+00:00,2024-03-04 15:20:00+00:00,HTF,sell,2023.805,2101.636053129511,2101.436053129511,1829.7273671762227,0.02,stop_loss,STRONG,17309,-155.66210625902158,155.26210625902195,-1.0025762886362775,26.211160585511738,raw,1804.470065813624,2.5,50.87000000000012,79.02999999999997,-77.83105312951079,77.63105312951097,130955.0,2023-12
2024-03-05 17:55:00+00:00,2024-03-07 14:00:00+00:00,HTF,buy,2130.975,2156.204874779622,2114.5147495592437,2172.1256261018907,0.02,stop_loss,STRONG,505,50.4597495592443,32.92050088151245,1.5327758754600713,81.79705435503372,trail,1854.9298153728682,2.5,33.66000000000031,7.360000000000127,25.22987477962215,16.460250440756226,2645.0,2024-03
2024-03-08 15:55:00+00:00,2024-03-12 13:35:00+00:00,HTF,buy,2177.3149999999996,2156.844545430806,2157.044545430806,2227.991136422984,0.02,stop_loss,STRONG,536,-40.940909138386814,40.54090913838718,-1.0098665769589485,35.06581451213562,raw,1813.9889062344814,2.5,17.770000000000437,21.1599999999994,-20.470454569193407,20.27045456919359,5620.0,2024-03
2024-03-13 06:05:00+00:00,2024-03-13 17:25:00+00:00,HTF,buy,2159.6749999999997,2174.9789418560954,2150.54288371219,2182.505290719524,0.02,stop_loss,STRONG,136,30.607883712191324,18.264232575619644,1.6758373824613269,87.90952444086233,trail,1844.5967899466727,2.5,20.070000000000164,2.2799999999997453,15.303941856095662,9.132116287809822,680.0,2024-03
2024-03-14 11:35:00+00:00,2024-03-14 12:30:00+00:00,HTF,buy,2169.435,2162.7115567694345,2162.9115567694344,2179.2201648458486,0.02,stop_loss,WEAK,11,-13.446886461130816,13.04688646113118,-1.0306586557023625,0.0,raw,1831.149903485542,1.5,0.0,7.757000000000062,-6.723443230565408,6.52344323056559,55.0,2024-03
2024-03-14 15:20:00+00:00,2024-03-18 10:30:00+00:00,HTF,sell,2159.135,2156.7612827676953,2176.293114882033,2133.3978276769512,0.02,stop_loss,WEAK,494,4.747434464609796,34.31622976406561,0.13834370783882247,51.093413973156565,locked,1835.8973379501517,1.5,13.150000000000091,13.479999999999563,2.373717232304898,17.158114882032805,5470.0,2024-03
2024-03-18 11:05:00+00:00,2024-03-20 19:40:00+00:00,HTF,buy,2160.395,2182.6764840840706,2140.866613613567,2189.6875795796495,0.02,stop_loss,WEAK,655,44.5629681681412,39.05677277286577,1.1409792720790488,96.74805157716054,trail,1880.460306118293,1.5,28.340000000000146,13.349999999999909,22.2814840840706,19.528386386432885,3395.0,2024-03
2024-03-21 06:05:00+00:00,2024-03-21 14:25:00+00:00,HTF,buy,2209.575,2176.949393500403,2177.1493935004028,2258.2134097493954,0.02,stop_loss,WEAK,100,-65.25121299919374,64.8512129991941,-1.0061679648151625,4.338135253335144,raw,1815.2090931190992,1.5,2.1100000000001273,33.13999999999987,-32.62560649959687,32.42560649959705,500.0,2024-03
2024-03-21 16:30:00+00:00,2024-03-26 13:40:00+00:00,HTF,buy,2177.4849999999997,2181.533061083113,2149.1645927792447,2219.965610831132,0.02,stop_loss,WEAK,794,8.09612216622645,56.64081444150998,0.14293795465435785,52.988880243462944,locked,1823.3052152853256,1.5,22.51000000000022,20.449999999999818,4.048061083113225,28.320407220754987,7030.0,2024-03
2024-03-27 10:55:00+00:00,2024-03-28 17:15:00+00:00,HTF,buy,2193.855,2217.770691709614,2169.207305698713,2230.826541451931,0.02,stop_loss,WEAK,352,47.83138341922768,49.29538860257435,0.9703013765618187,85.22771505474795,trail,1871.1365987045533,1.5,31.509999999999764,10.420000000000073,23.91569170961384,24.647694301287174,1820.0,2024-03
2024-04-01 06:20:00+00:00,2024-04-12 15:30:00+00:00,HTF,buy,2262.765,2392.2251678392945,2189.705335678588,2445.414160803529,0.02,stop_loss,STRONG,2594,258.92033567858925,146.11932864282335,1.7719786840213225,92.31906637741444,trail,2130.0569343831426,2.5,168.62000000000035,34.36999999999989,129.46016783929463,73.05966432141167,16390.0,2024-04
2024-04-15 08:00:00+00:00,2024-04-15 14:05:00+00:00,HTF,buy,2352.645,2328.5197305111164,2328.7197305111163,2388.5329042333256,0.02,stop_loss,WEAK,73,-48.250538977767064,47.85053897776743,-1.0083593624762615,23.48980855831692,raw,2081.8063954053755,1.5,8.430000000000291,26.90000000000009,-24.125269488883532,23.925269488883714,365.0,2024-04
2024-04-16 10:00:00+00:00,2024-04-17 05:35:00+00:00,HTF,buy,2372.535,2376.245681200039,2346.4637919997404,2411.641812000389,0.02,stop_loss,WEAK,223,7.421362400078578,52.142416000519006,0.14232870222209704,65.44384134340984,locked,2089.227757805454,1.5,25.593000000000302,9.099999999999909,3.7106812000392893,26.071208000259503,1175.0,2024-04
2024-04-17 11:50:00+00:00,2024-04-17 16:40:00+00:00,HTF,buy,2387.935,2366.965273701677,2367.1652737016766,2408.7047262983233,0.02,stop_loss,RANGING,58,-41.93945259664633,41.5394525966467,-1.0096293998836163,36.172840662837295,raw,2047.2883052088077,1.0,7.51299999999992,23.32699999999977,-20.969726298323167,20.76972629832335,290.0,2024-04
2024-04-19 06:45:00+00:00,2024-04-19 19:45:00+00:00,HTF,buy,2384.4449999999997,2387.4272847775283,2352.622152224714,2416.2678477752856,0.02,stop_loss,RANGING,156,5.964569555057096,63.64569555057188,0.0937152073437196,54.677696109628585,locked,2053.252874763865,1.0,17.400000000000546,11.639999999999873,2.982284777528548,31.822847775285936,780.0,2024-04
2024-04-22 09:00:00+00:00,2024-04-22 13:10:00+00:00,HTF,sell,2360.5550000000003,2339.691083375131,2393.335416875655,2327.7745831243456,0.02,stop_loss,RANGING,50,41.72783324973898,65.56083375130947,0.636475024219861,84.25762278976106,trail,2094.980708013604,1.0,27.620000000000346,3.0099999999997635,20.86391662486949,32.78041687565474,250.0,2024-04
2024-04-22 15:30:00+00:00,2024-04-23 14:00:00+00:00,HTF,sell,2336.8450000000003,2331.2244621326845,2395.0503786731565,2278.639621326844,0.02,stop_loss,RANGING,258,11.241075734631522,116.4107573463125,0.09656389143823058,78.30891412277923,locked,2106.2217837482353,1.0,45.58000000000038,0.9399999999995998,5.620537867315761,58.20537867315625,1350.0,2024-04
2024-04-23 16:15:00+00:00,2024-04-30 20:35:00+00:00,HTF,buy,2326.9979999999996,2284.962181784375,2285.1621817843748,2389.751727323437,0.02,stop_loss,WEAK,1432,-84.07163643124932,83.67163643124968,-1.004780592528847,40.50755402780127,raw,2022.150147316986,1.5,25.420000000000528,41.9729999999995,-42.03581821562466,41.83581821562484,10340.0,2024-04
2024-05-01 07:40:00+00:00,2024-05-01 12:10:00+00:00,HTF,sell,2283.675,2297.7679597720694,2297.5679597720696,2262.835560341896,0.02,stop_loss,WEAK,54,-28.185919544138414,27.785919544138775,-1.014395780545043,1.1996483787546408,raw,1993.9642277728476,1.5,0.25,14.282999999999902,-14.092959772069207,13.89295977206939,270.0,2024-05
2024-05-01 13:25:00+00:00,2024-05-02 08:25:00+00:00,HTF,buy,2301.138,2304.9644489040134,2274.295007306577,2341.4024890401342,0.02,stop_loss,WEAK,216,7.652897808026865,53.68598538684546,0.1425492659375129,67.27267785020334,locked,2001.6171255808745,1.5,27.08699999999999,5.692999999999756,3.826448904013432,26.84299269342273,1140.0,2024-05
2024-05-02 13:50:00+00:00,2024-05-09 14:20:00+00:00,HTF,sell,2288.815,2335.748982970486,2335.548982970486,2242.081017029514,0.02,stop_loss,RANGING,1386,-93.86796594097177,93.46796594097214,-1.0042795410809757,24.92832679670684,raw,1907.7491596399027,1.0,11.650000000000091,49.15299999999979,-46.933982970485886,46.73398297048607,10110.0,2024-05
2024-05-09 15:00:00+00:00,2024-05-10 12:20:00+00:00,HTF,buy,2334.0649999999996,2370.650641027849,2299.7282051392444,2368.4017948607548,0.02,stop_loss,RANGING,244,73.17128205569861,68.67358972151033,1.0654937706391587,129.01611865536216,trail,1980.9204416956013,1.0,44.30000000000018,5.969999999999345,36.585641027849306,34.33679486075516,1280.0,2024-05
2024-05-10 14:00:00+00:00,2024-05-13 06:10:00+00:00,HTF,buy,2371.4049999999997,2349.857962117851,2350.057962117851,2403.425556823223,0.02,stop_loss,WEAK,182,-43.094075764297486,42.69407576429785,-1.0093689813595668,4.5876778724069585,raw,1937.8263659313038,1.5,1.4690000000005057,21.6899999999996,-21.547037882148743,21.347037882148925,3850.0,2024-05
2024-05-13 06:40:00+00:00,2024-05-14 09:10:00+00:00,HTF,sell,2350.315,2347.2797069469616,2371.883620353587,2317.9620694696196,0.02,stop_loss,WEAK,306,6.070586106076917,43.13724070717399,0.1407272696759981,56.656382279767335,locked,1943.8969520373807,1.5,18.329999999999927,0.8899999999998727,3.0352930530384583,21.568620353586994,1590.0,2024-05
2024-05-15 16:55:00+00:00,2024-05-20 06:30:00+00:00,HTF,buy,2383.738,2436.7632476164067,2340.4988253880224,2448.596761917966,0.02,stop_loss,WEAK,703,106.05049523281377,86.47834922395487,1.2263242324176713,102.14040176065957,trail,2049.9474472701945,1.5,66.2470000000003,12.892999999999574,53.02524761640689,43.23917461197743,6575.0,2024-05
2024-05-20 07:40:00+00:00,2024-05-20 12:10:00+00:00,HTF,buy,2439.305,2420.4800060574776,2420.6800060574774,2485.867484856306,0.02,stop_loss,STRONG,54,-37.64998788504454,37.2499878850449,-1.0107382585259908,16.5583946470929,raw,2012.29745938515,2.5,7.710000000000036,18.829999999999927,-18.82499394252227,18.62499394252245,270.0,2024-05
2024-05-21 08:30:00+00:00,2024-05-24 09:00:00+00:00,HTF,sell,2415.7780000000002,2341.235832927069,2446.853665854139,2338.0888353646537,0.02,stop_loss,STRONG,834,149.08433414586216,62.15133170827721,2.3987311301007463,116.50659448437337,trail,2161.381793531012,2.5,90.51300000000037,18.059999999999945,74.54216707293108,31.075665854138606,4350.0,2024-05
2024-05-24 12:00:00+00:00,2024-05-27 14:20:00+00:00,HTF,sell,2339.155,2357.242785616949,2357.042785616949,2294.4355359576284,0.02,stop_loss,STRONG,304,-36.175571233897244,35.77557123389761,-1.0111808137844809,16.52524277347843,raw,2125.206222297115,2.5,7.390000000000327,17.889999999999873,-18.087785616948622,17.887785616948804,4460.0,2024-05
2024-05-28 10:00:00+00:00,2024-05-28 12:25:00+00:00,HTF,sell,2343.165,2355.67492593861,2355.4749259386103,2324.7001110920846,0.02,stop_loss,WEAK,29,-25.01985187722039,24.619851877220754,-1.016247051444275,0.3790978670318568,raw,2100.1863704198945,1.5,0.06999999999970896,13.079999999999927,-12.509925938610195,12.309925938610377,145.0,2024-05
2024-05-28 15:15:00+00:00,2024-05-29 12:50:00+00:00,HTF,buy,2358.435,2334.8913552832814,2335.0913552832812,2393.450467075078,0.02,stop_loss,WEAK,247,-47.087289433437036,46.6872894334374,-1.0085676423894756,10.481082523134935,raw,2053.0990809864575,1.5,3.6700000000000728,23.996999999999844,-23.543644716718518,23.3436447167187,1295.0,2024-05
2024-05-31 07:20:00+00:00,2024-05-31 13:05:00+00:00,HTF,buy,2343.455,2356.76763708485,2334.687123616165,2356.606814575752,0.02,stop_loss,WEAK,69,26.625274169699882,17.535752767669692,1.5183422418448072,122.74351882790795,trail,2079.7243551561573,1.5,16.14300000000003,3.8400000000001455,13.31263708484994,8.767876383834846,345.0,2024-05
2024-05-31 13:50:00+00:00,2024-05-31 14:55:00+00:00,HTF,buy,2346.4049999999997,2334.491248704252,2334.691248704252,2363.9756269436216,0.02,stop_loss,WEAK,13,-23.82750259149543,23.427502591495795,-1.0170739496639662,14.45594404884022,raw,2055.896852564662,1.5,2.5400000000004184,12.386999999999716,-11.913751295747716,11.713751295747898,65.0,2024-05
2024-05-31 17:25:00+00:00,2024-06-05 15:40:00+00:00,HTF,sell,2324.945,2357.403091418554,2357.2030914185543,2292.686908581446,0.02,stop_loss,RANGING,807,-64.91618283710795,64.51618283710832,-1.0061999948293525,31.960973345341365,raw,1990.980669727554,1.0,10.309999999999945,32.33299999999963,-32.45809141855398,32.25809141855416,7095.0,2024-05
2024-06-05 17:30:00+00:00,2024-06-06 12:05:00+00:00,HTF,buy,2354.3779999999997,2357.847973752605,2317.6782624739467,2391.0777375260527,0.02,stop_loss,RANGING,211,6.939947505210512,73.39947505210603,0.09455036974425045,55.6597986170857,locked,1997.9206172327645,1.0,20.427000000000135,2.2599999999997635,3.469973752605256,36.69973752605301,1115.0,2024-06
2024-06-07 12:50:00+00:00,2024-06-10 16:20:00+00:00,HTF,sell,2316.4350000000004,2311.1079797970456,2353.2818013530314,2261.164797970454,0.02,stop_loss,WEAK,318,10.654040405909655,73.69360270606194,0.1445721204377116,53.92960203775981,locked,2008.5746576386741,1.5,29.807000000000244,11.449999999999818,5.327020202954827,36.84680135303097,4530.0,2024-06
2024-06-10 16:55:00+00:00,2024-06-12 13:30:00+00:00,HTF,buy,2313.038,2334.2400871537607,2289.5216238458684,2348.3125642311975,0.02,stop_loss,WEAK,511,42.404174307521316,47.0327523082633,0.9015881960212485,80.67286051639438,trail,2050.9788319461954,1.5,28.45699999999988,15.442999999999756,21.202087153760658,23.51637615413165,2675.0,2024-06
2024-06-12 16:00:00+00:00,2024-06-13 15:45:00+00:00,HTF,buy,2333.8779999999997,2301.186459682606,2301.3864596826056,2366.369540317394,0.02,stop_loss,RANGING,273,-65.3830806347878,64.98308063478817,-1.0061554484042958,17.019814837894156,raw,1985.5957513114076,1.0,5.5300000000002,32.60299999999961,-32.6915403173939,32.49154031739408,1425.0,2024-06
2024-06-14 13:30:00+00:00,2024-06-17 13:15:00+00:00,HTF,sell,2327.565,2325.5487283438574,2349.727716561423,2305.402283438577,0.02,stop_loss,RANGING,273,4.03254331228527,44.325433122846334,0.0909758355007885,55.04740344527899,locked,1989.628294623693,1.0,12.200000000000273,7.889999999999873,2.016271656142635,22.162716561423167,4305.0,2024-06
2024-06-18 06:10:00+00:00,2024-06-18 11:10:00+00:00,HTF,sell,2319.755,2309.7469061160978,2334.11453058049,2305.3954694195104,0.02,stop_loss,RANGING,60,20.016187767804695,28.719061160979436,0.6969652543865421,92.55177197823636,trail,2009.6444823914976,1.0,13.289999999999964,1.8899999999998727,10.008093883902347,14.359530580489718,300.0,2024-06
2024-06-18 13:50:00+00:00,2024-06-20 15:10:00+00:00,HTF,buy,2324.435,2359.1659224550003,2296.8746122749994,2351.9953877250005,0.02,stop_loss,RANGING,538,69.46184491000076,55.12077545000103,1.2601753938133224,148.54653137866657,trail,2079.1063273014984,1.0,40.940000000000055,5.820000000000164,34.73092245500038,27.56038772500051,2960.0,2024-06
2024-06-20 16:20:00+00:00,2024-06-21 17:00:00+00:00,HTF,buy,2356.115,2321.4366060048437,2321.6366060048435,2407.8325909927344,0.02,stop_loss,WEAK,284,-69.35678799031211,68.95678799031248,-1.0058007342229431,24.05951197871578,raw,2009.7495393111863,1.5,12.443000000000211,35.19999999999982,-34.67839399515606,34.47839399515624,1480.0,2024-06
2024-06-24 08:05:00+00:00,2024-06-26 01:35:00+00:00,HTF,buy,2330.5649999999996,2313.9461836736014,2314.146183673601,2355.193224489597,0.02,stop_loss,WEAK,474,-33.23763265279649,32.837632652796856,-1.012181146071916,26.201645200717078,raw,1976.5119066583898,1.5,6.453000000000429,18.536999999999807,-16.618816326398246,16.418816326398428,2490.0,2024-06
2024-06-26 10:55:00+00:00,2024-06-27 08:40:00+00:00,HTF,sell,2307.9750000000004,2306.092746695399,2328.7975330460117,2287.152466953989,0.02,stop_loss,RANGING,249,3.7645066092027264,41.64506609202272,0.09039502064624728,69.68892770123404,locked,1980.2764132675925,1.0,14.511000000000422,9.752999999999702,1.8822533046013632,20.82253304601136,1305.0,2024-06
2024-06-28 06:15:00+00:00,2024-06-28 13:30:00+00:00,HTF,buy,2326.665,2328.6366188109732,2312.187541260179,2348.3811881097317,0.02,stop_loss,WEAK,87,3.943237621946537,28.954917479642063,0.13618542082597856,59.725030629053855,locked,1984.219650889539,1.5,12.970000000000255,1.9800000000000182,1.9716188109732684,14.477458739821031,435.0,2024-06
2024-06-28 17:50:00+00:00,2024-07-01 12:45:00+00:00,HTF,buy,2327.218,2328.722245735011,2310.1755426498926,2344.260457350107,0.02,stop_loss,RANGING,215,3.0084914700219088,34.08491470021454,0.08826460316777535,65.54219130804964,locked,1987.228142359561,1.0,11.170000000000073,8.822999999999865,1.5042457350109544,17.04245735010727,4015.0,2024-06
2024-07-02 10:10:00+00:00,2024-07-03 07:10:00+00:00,HTF,sell,2323.445,2341.76032731191,2341.56032731191,2305.3296726880903,0.02,stop_loss,RANGING,240,-36.63065462381928,36.230654623819646,-1.0110403746262056,24.84084290898514,raw,1950.5974877357417,1.0,4.5,19.2829999999999,-18.31532731190964,18.115327311909823,1260.0,2024-07
2024-07-03 10:35:00+00:00,2024-07-03 14:20:00+00:00,HTF,buy,2348.558,2360.5092404261604,2331.364202130801,2365.751797869199,0.02,stop_loss,RANGING,45,23.902480852320878,34.38759573839798,0.695090201541215,90.67223029257609,trail,1974.4999685880625,1.0,15.590000000000146,6.222999999999956,11.951240426160439,17.19379786919899,225.0,2024-07
2024-07-04 08:05:00+00:00,2024-07-05 13:15:00+00:00,HTF,buy,2358.8849999999998,2375.4881855532367,2344.395618510789,2380.619072233816,0.02,stop_loss,WEAK,308,33.20637110647385,28.9787629784214,1.1458864248691525,97.31264243749305,trail,2007.7063396945364,1.5,21.15000000000009,11.36999999999989,16.603185553236926,14.4893814892107,1750.0,2024-07
2024-07-05 16:05:00+00:00,2024-07-08 15:30:00+00:00,HTF,buy,2386.2279999999996,2365.878460155404,2366.0784601554037,2416.4523097668934,0.02,stop_loss,WEAK,269,-40.69907968919142,40.299079689191785,-1.0099257849827998,21.7937152272556,raw,1967.007260005345,1.5,6.587000000000444,20.553999999999633,-20.34953984459571,20.149539844595893,4285.0,2024-07
2024-07-08 16:25:00+00:00,2024-07-11 12:30:00+00:00,HTF,sell,2353.885,2388.437645593353,2388.237645593353,2302.356031609971,0.02,stop_loss,WEAK,781,-69.10529118670547,68.70529118670584,-1.0058219679021903,8.597105935576026,raw,1897.9019688186395,1.5,4.430000000000291,47.159999999999854,-34.552645593352736,34.35264559335292,4085.0,2024-07
2024-07-12 16:05:00+00:00,2024-07-17 03:20:00+00:00,HTF,buy,2413.0679999999998,2466.9332020693096,2385.084404138618,2483.0269896534537,0.02,stop_loss,STRONG,399,107.73040413861963,55.967191722763346,1.924884933878196,98.99656976618618,trail,2005.6323729572591,2.5,69.25700000000052,11.842999999999847,53.86520206930982,27.983595861381673,6435.0,2024-07
2024-07-17 07:45:00+00:00,2024-07-19 07:40:00+00:00,HTF,buy,2471.298,2413.704167062575,2413.9041670625747,2614.7825823435624,0.02,stop_loss,STRONG,551,-115.1876658748497,114.78766587485008,-1.003484694953513,8.537502636114825,raw,1890.4447070824094,2.5,12.25,58.54999999999973,-57.59383293742485,57.39383293742503,2875.0,2024-07
2024-07-19 10:10:00+00:00,2024-07-28 22:15:00+00:00,HTF,sell,2411.585,2400.244700457258,2457.746198170967,2296.1820045725826,0.02,stop_loss,STRONG,1513,22.680599085483664,92.32239634193411,0.24566735682944812,50.76124738620303,locked,1913.125306167893,2.5,58.57999999999993,20.360000000000127,11.340299542741832,46.161198170967054,13685.0,2024-07
2024-07-29 07:05:00+00:00,2024-07-29 15:15:00+00:00,HTF,sell,2389.9750000000004,2370.0820608070885,2409.867939192912,2370.0820608070885,0.02,take_profit,RANGING,98,39.78587838582371,39.78587838582371,1.0,102.83548248762287,locked,1952.9111845537168,1.0,20.457000000000335,6.609999999999673,19.892939192911854,19.892939192911854,490.0,2024-07
2024-07-30 07:00:00+00:00,2024-07-30 17:05:00+00:00,HTF,buy,2390.015,2405.188,2365.6827477819147,2414.347252218085,0.02,stop_gap,RANGING,121,30.346000000000462,48.66450443617032,0.6235756502935953,85.41338390596147,trail,1983.2571845537173,1.0,20.7829999999999,6.75,15.17300000000023,24.33225221808516,605.0,2024-07
2024-07-31 12:10:00+00:00,2024-07-31 19:15:00+00:00,HTF,sell,2418.165,2437.652120873447,2437.4521208734473,2398.8778791265527,0.02,stop_loss,RANGING,85,-38.97424174689422,38.574241746894586,-1.0103696140710747,2.4368593067037394,raw,1944.282942806823,1.0,0.4699999999997999,19.699999999999818,-19.48712087344711,19.287120873447293,425.0,2024-07
2024-08-01 06:00:00+00:00,2024-08-02 12:40:00+00:00,HTF,buy,2447.6279999999997,2470.797724929986,2425.9737497666183,2480.109375350072,0.02,stop_loss,WEAK,356,46.339449859972774,43.30850046676278,1.069985092084546,91.94807694599102,trail,1990.6223926667958,1.5,29.86600000000044,17.55299999999943,23.169724929986387,21.65425023338139,1840.0,2024-08
2024-08-02 17:20:00+00:00,2024-08-06 00:40:00+00:00,HTF,sell,2424.9950000000003,2414.441255031268,2468.0099798749275,2317.4575503126825,0.02,stop_loss,STRONG,352,21.10748993746438,86.02995974985424,0.24535045696682592,56.5672704503184,locked,2011.7298826042602,2.5,60.83100000000013,33.659999999999854,10.55374496873219,43.01497987492712,4760.0,2024-08
2024-08-07 12:20:00+00:00,2024-08-12 14:20:00+00:00,HTF,buy,2402.408,2445.9710156454803,2380.0220312909596,2458.3729217726004,0.02,stop_loss,STRONG,852,87.12603129096078,44.7719374180806,1.9459964503518672,98.19722472462324,trail,2098.855913895221,2.5,54.95600000000013,21.552999999999884,43.56301564548039,22.3859687090403,7320.0,2024-08
2024-08-12 15:55:00+00:00,2024-08-13 01:20:00+00:00,HTF,buy,2459.9049999999997,2462.472593042466,2432.2290695753377,2487.580930424662,0.02,stop_loss,RANGING,101,5.135186084932684,55.35186084932411,0.09277350401843606,61.20842096389018,locked,2103.9910999801536,1.0,16.94000000000051,1.0109999999999673,2.567593042466342,27.675930424662056,565.0,2024-08
2024-08-13 12:15:00+00:00,2024-08-14 12:35:00+00:00,HTF,buy,2465.975,2465.6450000000004,2448.3762629820126,2492.373105526981,0.02,stop_gap,WEAK,280,-0.659999999998945,35.197474035974665,-0.018751345602936495,52.04918961308358,locked,2103.3310999801547,1.5,13.740000000000236,10.75,-0.3299999999994725,17.598737017987332,1460.0,2024-08
2024-08-15 06:55:00+00:00,2024-08-15 12:25:00+00:00,HTF,sell,2455.735,2469.478579419111,2469.2785794191113,2435.4196308713335,0.02,stop_loss,WEAK,66,-27.487158838222058,27.087158838222425,-1.014767144918691,11.075358689028556,raw,2075.8439411419326,1.5,2.25,14.210000000000036,-13.743579419111029,13.54357941911121,330.0,2024-08
2024-08-16 15:45:00+00:00,2024-08-19 10:35:00+00:00,HTF,buy,2489.705,2492.754280943549,2457.2121905645104,2522.1978094354895,0.02,stop_loss,RANGING,214,6.098561887098185,64.98561887097912,0.09384479201784818,62.45381779094649,locked,2081.942503029031,1.0,20.29300000000012,1.349999999999909,3.0492809435490926,32.49280943548956,4010.0,2024-08
2024-08-20 08:00:00+00:00,2024-08-22 13:30:00+00:00,HTF,buy,2517.225,2484.958761882075,2485.158761882075,2549.291238117925,0.02,stop_loss,RANGING,618,-64.53247623584957,64.13247623584994,-1.0062370895913737,44.69810255662002,raw,2017.4100267931813,1.0,14.333000000000084,33.47699999999986,-32.266238117924786,32.06623811792497,3210.0,2024-08
2024-08-22 14:05:00+00:00,2024-08-26 08:00:00+00:00,HTF,sell,2480.415,2523.464423704042,2523.264423704042,2437.5655762959577,0.02,stop_loss,RANGING,479,-86.09884740808411,85.69884740808448,-1.0046675073480849,22.66074817497262,raw,1931.3111793850971,1.0,9.710000000000036,44.61000000000013,-43.049423704042056,42.84942370404224,5395.0,2024-08
2024-08-26 13:05:00+00:00,2024-08-26 14:05:00+00:00,HTF,sell,2523.005,2514.775,2536.584584264721,2509.4254157352793,0.02,stop_gap,RANGING,12,16.460000000000036,27.15916852944156,0.6060568453027853,91.73329431272154,trail,1947.7711793850972,1.0,12.457000000000335,3.299999999999727,8.230000000000018,13.57958426472078,60.0,2024-08
2024-08-26 16:05:00+00:00,2024-08-27 05:45:00+00:00,HTF,sell,2514.318,2512.954132812333,2529.956671876673,2498.679328123327,0.02,stop_loss,RANGING,152,2.727734375334876,31.27734375334603,0.08721119020994436,55.1197701951796,locked,1950.498913760432,1.0,8.620000000000346,8.936999999999898,1.363867187667438,15.638671876673016,820.0,2024-08
2024-08-28 11:10:00+00:00,2024-08-28 13:00:00+00:00,HTF,sell,2503.945,2502.400401967054,2521.3909803294578,2486.4990196705426,0.02,stop_loss,RANGING,22,3.089196065891884,34.891960658915195,0.08853604118410491,59.784545224949035,locked,1953.588109826324,1.0,10.430000000000291,1.3899999999998727,1.5445980329459417,17.445980329457598,110.0,2024-08
2024-08-28 17:30:00+00:00,2024-08-29 11:55:00+00:00,HTF,buy,2504.435,2519.6181932371387,2482.050966185692,2526.819033814308,0.02,stop_loss,RANGING,209,30.366386474277533,44.768067628616336,0.6783046060015094,88.72395460422042,trail,1983.9544963006015,1.0,19.860000000000127,1.7599999999997635,15.183193237138767,22.384033814308168,1105.0,2024-08
2024-08-30 08:10:00+00:00,2024-08-30 15:45:00+00:00,HTF,buy,2523.7349999999997,2501.3635983139384,2501.563598313938,2545.906401686061,0.02,stop_loss,RANGING,91,-44.74280337212258,44.342803372122944,-1.0090206294952273,13.485841095378126,raw,1939.211692928479,1.0,2.9900000000002365,22.249999999999545,-22.37140168606129,22.171401686061472,455.0,2024-08
2024-08-30 17:00:00+00:00,2024-09-03 19:25:00+00:00,HTF,sell,2497.8750000000005,2494.0924610472443,2537.7003895275616,2458.0496104724393,0.02,stop_loss,RANGING,551,7.565077905512226,79.65077905512226,0.09497807799565676,61.8449694834884,locked,1946.7767708339911,1.0,24.630000000000564,9.249999999999545,3.782538952756113,39.82538952756113,5905.0,2024-08
2024-09-04 08:15:00+00:00,2024-09-05 06:10:00+00:00,HTF,sell,2479.795,2503.97285153476,2503.7728515347603,2443.82822269786,0.02,stop_loss,WEAK,251,-48.35570306952013,47.955703069520496,-1.0083410308763436,22.456835462763625,raw,1898.421067764471,1.5,8.077000000000226,25.340000000000146,-24.177851534760066,23.977851534760248,1315.0,2024-09
2024-09-05 06:55:00+00:00,2024-09-05 14:05:00+00:00,HTF,buy,2504.508,2507.444977188253,2483.5948187449817,2535.8777718825268,0.02,stop_loss,WEAK,86,5.873954376505935,41.82636251003623,0.14043665344067346,60.37659461129103,locked,1904.295022140977,1.5,18.940000000000055,1.6329999999998108,2.9369771882529676,20.913181255018117,430.0,2024-09
2024-09-06 10:15:00+00:00,2024-09-06 13:00:00+00:00,HTF,buy,2518.045,2519.608770363922,2506.28653090719,2535.682703639215,0.02,stop_loss,WEAK,33,3.1275407278435523,23.516938185620347,0.13299098305900708,62.819969235479476,locked,1907.4225628688205,1.5,11.079999999999927,11.190000000000055,1.5637703639217762,11.758469092810174,165.0,2024-09
2024-09-06 14:10:00+00:00,2024-09-09 12:30:00+00:00,HTF,sell,2507.9750000000004,2503.972508248934,2535.9916116737754,2465.9500824893375,0.02,stop_loss,WEAK,256,8.004983502132745,56.03322334755012,0.14286137801641816,54.63425358104496,locked,1915.4275463709532,1.5,22.96000000000049,10.379999999999654,4.002491751066373,28.01661167377506,4220.0,2024-09
2024-09-09 13:15:00+00:00,2024-09-11 07:40:00+00:00,HTF,buy,2502.9939999999997,2523.259706775619,2484.9096892520624,2530.1204661219053,0.02,stop_loss,WEAK,485,40.531413551238984,36.168621495874504,1.1206236752999312,95.44553235812964,trail,1955.9589599221922,1.5,25.89100000000053,9.878999999999905,20.265706775619492,18.084310747937252,2545.0,2024-09
2024-09-11 13:35:00+00:00,2024-09-12 12:45:00+00:00,HTF,sell,2504.925,2533.117484338536,2532.9174843385363,2476.932515661464,0.02,stop_loss,RANGING,266,-56.38496867707181,55.984968677072175,-1.0071447749181908,14.646788582303893,raw,1899.5739912451204,1.0,4.099999999999909,30.272999999999683,-28.192484338535905,27.992484338536087,1390.0,2024-09
2024-09-17 12:25:00+00:00,2024-09-17 17:20:00+00:00,HTF,sell,2576.5280000000002,2565.0546788602524,2589.376929534176,2557.2546056987367,0.02,stop_loss,WEAK,59,22.94664227949579,25.697859068351136,0.8929398444618417,80.65003889315567,trail,1922.5206335246162,1.5,15.544000000000324,5.586999999999534,11.473321139747895,12.848929534175568,295.0,2024-09
2024-09-18 09:05:00+00:00,2024-09-18 11:40:00+00:00,HTF,sell,2569.074,2579.508803338978,2579.308803338978,2553.721794991533,0.02,stop_loss,WEAK,31,-20.869606677955744,20.469606677956108,-1.019541166876958,5.26960133449244,raw,1901.6510268466604,1.5,0.8090000000001965,10.871000000000095,-10.434803338977872,10.234803338978054,155.0,2024-09
2024-09-18 17:30:00+00:00,2024-09-18 18:10:00+00:00,HTF,buy,2573.1349999999998,2586.0404277640573,2560.6230925468562,2591.902861179715,0.02,stop_loss,WEAK,8,25.810855528115102,25.023814906287043,1.0314516641357638,96.80911333486418,trail,1927.4618823747755,1.5,18.169000000000324,6.549999999999727,12.90542776405755,12.511907453143522,40.0,2024-09
2024-09-19 06:50:00+00:00,2024-09-20 09:55:00+00:00,HTF,buy,2575.928,2604.1013806024134,2548.24926867471,2617.4460969879347,0.02,stop_loss,WEAK,313,56.34676120482709,55.35746265057969,1.0178710964498485,88.33979074392194,trail,1983.8086435796026,1.5,36.677000000000135,6.302999999999884,28.173380602413545,27.678731325289846,1625.0,2024-09
2024-09-20 11:10:00+00:00,2024-09-25 04:20:00+00:00,HTF,buy,2612.1479999999997,2658.4876598029355,2588.8273196058703,2670.449700985323,0.02,stop_loss,STRONG,746,92.67931960587157,46.64136078825868,1.9870629424088826,99.82556086082518,trail,2076.487963185474,2.5,58.20000000000027,9.70299999999952,46.339659802935785,23.32068039412934,6790.0,2024-09
2024-09-26 07:05:00+00:00,2024-09-26 12:05:00+00:00,HTF,buy,2662.6079999999997,2679.7882899257907,2651.81457985158,2689.5915503710485,0.02,stop_loss,STRONG,60,34.36057985158186,21.586840296839,1.5917373445623417,84.48480532220803,trail,2110.848543037056,2.5,22.79700000000048,3.269999999999527,17.18028992579093,10.7934201484195,300.0,2024-09
2024-09-27 08:05:00+00:00,2024-09-29 22:00:00+00:00,HTF,sell,2664.478,2661.8922541369457,2675.6209834522165,2636.620541369459,0.02,stop_loss,STRONG,155,5.171491726108798,22.285966904432826,0.23205148550589266,76.70118183923167,locked,2116.020034763165,2.5,21.36700000000019,9.655999999999949,2.585745863054399,11.142983452216413,3715.0,2024-09
2024-09-30 07:55:00+00:00,2024-10-01 07:55:00+00:00,HTF,sell,2650.6180000000004,2646.5025277078325,2667.8798891686715,2607.463277078323,0.02,stop_loss,STRONG,276,8.230944584335703,34.523778337342264,0.23841378263724952,60.433709764128274,locked,2124.2509793475006,2.5,26.080000000000382,5.866999999999734,4.115472292167851,17.261889168671132,1440.0,2024-09
2024-10-01 08:30:00+00:00,2024-10-01 13:30:00+00:00,HTF,buy,2644.9649999999997,2662.838770376715,2633.0491530821896,2662.838770376715,0.02,take_profit,WEAK,60,35.74754075343026,23.83169383562017,1.5,114.41346492087254,locked,2159.998520100931,1.5,20.450000000000273,1.1299999999996544,17.87377037671513,11.915846917810086,300.0,2024-10
2024-10-01 16:35:00+00:00,2024-10-03 14:00:00+00:00,HTF,buy,2671.428,2637.352099146638,2637.552099146638,2722.241851280043,0.02,stop_loss,WEAK,521,-68.15180170672375,67.75180170672411,-1.005903902035419,2.912591670809402,raw,2091.846718394207,1.5,1.4800000000000182,35.172999999999774,-34.07590085336187,33.875900853362054,2725.0,2024-10
2024-10-04 07:50:00+00:00,2024-10-04 12:30:00+00:00,HTF,buy,2661.765,2648.4375826984187,2648.6375826984186,2674.892417301581,0.02,stop_loss,RANGING,56,-26.65483460316227,26.254834603162635,-1.0152352892732164,5.256174799264877,raw,2065.191883791045,1.0,0.6900000000000546,24.31999999999971,-13.327417301581136,13.127417301581318,280.0,2024-10
2024-10-04 15:40:00+00:00,2024-10-08 10:55:00+00:00,HTF,sell,2649.2580000000003,2646.647885990963,2677.3591400903706,2621.15685990963,0.02,stop_loss,RANGING,495,5.220228018074522,56.20228018074067,0.0928828510389047,74.13578215333374,locked,2070.4121118091193,1.0,20.833000000000084,10.20699999999988,2.610114009037261,28.101140090370336,5475.0,2024-10
2024-10-09 07:10:00+00:00,2024-10-11 03:55:00+00:00,HTF,sell,2611.525,2645.534247156562,2645.334247156562,2560.8111292651574,0.02,stop_loss,WEAK,501,-68.01849431312348,67.61849431312385,-1.0059155413628014,19.30635516108085,raw,2002.3936174959958,1.5,9.791000000000167,34.43299999999999,-34.00924715656174,33.80924715656192,2685.0,2024-10
2024-10-11 06:35:00+00:00,2024-10-11 13:35:00+00:00,HTF,sell,2640.085,2652.180817632342,2651.980817632342,2610.3454559191446,0.02,stop_loss,STRONG,84,-24.19163526468401,23.791635264684373,-1.0168126316476187,13.651856897878705,raw,1978.2019822313118,2.5,4.059999999999945,11.949999999999818,-12.095817632342005,11.895817632342187,420.0,2024-10
2024-10-11 15:30:00+00:00,2024-10-17 16:30:00+00:00,HTF,buy,2658.1749999999997,2686.7953405155267,2631.812801718421,2697.718297422368,0.02,stop_loss,WEAK,1116,57.24068103105401,52.724396563157825,1.0856583434290459,97.18461156520017,trail,2035.4426632623658,1.5,38.43000000000029,20.2199999999998,28.620340515527005,26.362198281578912,8700.0,2024-10
2024-10-18 10:45:00+00:00,2024-10-21 14:25:00+00:00,HTF,buy,2710.745,2733.132700178245,2688.170667260816,2744.6064991087756,0.02,stop_loss,WEAK,320,44.775400356490536,45.14866547836755,0.9917325325583354,87.63049711614828,trail,2080.2180636188564,1.5,29.67300000000023,5.929999999999836,22.387700178245268,22.574332739183774,4540.0,2024-10
2024-10-22 09:15:00+00:00,2024-10-23 06:35:00+00:00,HTF,buy,2734.6549999999997,2748.5259287861995,2721.7247626206645,2754.0503560690026,0.02,stop_loss,WEAK,244,27.74185757239957,25.860474758670538,1.0727512867140323,95.02274634418589,trail,2107.959921191256,1.5,18.43000000000029,5.2169999999996435,13.870928786199784,12.930237379335267,1280.0,2024-10
2024-10-23 07:35:00+00:00,2024-10-23 13:00:00+00:00,HTF,buy,2754.4049999999997,2739.6183197040277,2739.8183197040275,2776.2850204439583,0.02,stop_loss,WEAK,65,-29.573360591944038,29.1733605919444,-1.0137111389254925,17.9753031313388,raw,2078.386560599312,1.5,3.9330000000004475,14.799999999999727,-14.786680295972019,14.5866802959722,325.0,2024-10
2024-10-23 14:55:00+00:00,2024-10-29 13:45:00+00:00,HTF,sell,2717.458,2762.583961527121,2762.3839615271213,2650.0690577093183,0.02,stop_loss,WEAK,1090,-90.25192305424207,89.85192305424243,-1.0044517689371897,13.092652444286637,raw,1988.1346375450698,1.5,8.822999999999865,45.78699999999981,-45.125961527121035,44.92596152712122,8570.0,2024-10
2024-10-30 06:15:00+00:00,2024-10-31 13:30:00+00:00,HTF,buy,2786.4849999999997,2764.1718893036136,2764.3718893036134,2808.598110696386,0.02,stop_loss,RANGING,363,-44.626221392772095,44.22622139277246,-1.0090444082131105,15.918158455090998,raw,1943.5084161522977,1.0,3.5200000000004366,22.36999999999989,-22.313110696386047,22.11311069638623,1875.0,2024-10
2024-10-31 14:30:00+00:00,2024-11-06 15:20:00+00:00,HTF,sell,2746.255,2666.5923671414503,2791.4128904715008,2678.518164292749,0.02,stop_loss,WEAK,1102,159.32526571709968,90.3157809430013,1.7640911040524643,138.71329981530562,trail,2102.8336818693974,1.5,93.96000000000004,15.792999999999665,79.66263285854984,45.15789047150065,8690.0,2024-10
2024-11-07 06:30:00+00:00,2024-11-07 13:05:00+00:00,HTF,sell,2655.8250000000003,2675.6605462723,2675.4605462723002,2606.7361343192506,0.02,stop_loss,STRONG,79,-39.67109254459956,39.271092544599924,-1.010185609161379,1.874152085695582,raw,2063.162589324798,2.5,0.9200000000000728,21.179999999999836,-19.83554627229978,19.635546272299962,395.0,2024-11
2024-11-07 14:25:00+00:00,2024-11-11 13:00:00+00:00,HTF,buy,2690.115,2654.056811727944,2654.256811727944,2779.7604706801394,0.02,stop_loss,STRONG,535,-72.11637654411152,71.71637654411188,-1.0055775266302474,22.454006708070988,raw,1991.0462127806863,2.5,20.12900000000036,38.04999999999973,-36.05818827205576,35.85818827205594,5675.0,2024-11
2024-11-11 13:35:00+00:00,2024-11-14 11:45:00+00:00,HTF,sell,2640.1850000000004,2552.366464235899,2691.8598807863305,2562.672678820505,0.02,stop_loss,WEAK,806,175.6370715282028,103.3497615726601,1.6994434128880023,133.5542510206559,trail,2166.683284308889,1.5,103.52100000000019,0.8299999999994725,87.8185357641014,51.67488078633005,4210.0,2024-11
2024-11-14 17:00:00+00:00,2024-11-22 13:25:00+00:00,HTF,buy,2574.345,2692.2878324944795,2540.6506649889584,2658.5808375276033,0.02,stop_loss,STRONG,1613,235.88566498895943,67.3886700220828,3.500375729505588,161.083458041876,trail,2402.5689492978486,2.5,135.69000000000005,20.009999999999764,117.94283249447972,33.6943350110414,11305.0,2024-11
2024-11-25 07:35:00+00:00,2024-11-25 14:45:00+00:00,HTF,sell,2666.905,2641.218948072122,2692.018160240408,2629.2352596393885,0.02,stop_loss,WEAK,86,51.37210385575599,50.22632048081596,1.0228124091904696,88.71842407213593,trail,2453.9410531536046,1.5,33.42000000000007,21.690000000000055,25.686051927877998,25.11316024040798,430.0,2024-11
2024-11-25 15:20:00+00:00,2024-12-11 01:20:00+00:00,HTF,sell,2632.9550000000004,2703.018658789741,2702.818658789741,2458.2958530256483,0.02,stop_loss,STRONG,3087,-140.1273175794813,139.72731757948168,-1.0028627186646741,15.956793836908483,raw,2313.8137355741233,2.5,27.870000000000346,70.51999999999953,-70.06365878974066,69.86365878974084,22200.0,2024-11
2024-12-11 07:10:00+00:00,2024-12-11 15:00:00+00:00,HTF,sell,2691.0480000000002,2708.2702739295323,2708.0702739295325,2665.514589105702,0.02,stop_loss,WEAK,94,-34.44454785906419,34.04454785906455,-1.0117493115683467,20.85111159664498,raw,2279.369187715059,1.5,5.324000000000069,19.299999999999727,-17.222273929532093,17.022273929532275,470.0,2024-12
2024-12-12 12:45:00+00:00,2024-12-12 14:45:00+00:00,HTF,sell,2708.2050000000004,2687.0759339665196,2728.708113221734,2677.4503301674,0.02,stop_loss,WEAK,24,42.25813206696148,41.00622644346731,1.03052964713103,89.35228422082163,trail,2321.6273197820205,1.5,27.480000000000473,2.4789999999998145,21.12906603348074,20.503113221733656,120.0,2024-12
2024-12-13 08:05:00+00:00,2024-12-13 15:40:00+00:00,HTF,sell,2683.195,2661.9042546023215,2705.392515341073,2649.898726988391,0.02,stop_loss,WEAK,91,42.58149079535724,44.39503068214526,0.9591499350507852,86.10573318522438,trail,2364.208810577378,1.5,28.670000000000073,1.419999999999618,21.29074539767862,22.19751534107263,455.0,2024-12
2024-12-16 07:35:00+00:00,2024-12-18 19:25:00+00:00,HTF,sell,2653.405,2623.9439340831177,2682.301446943726,2610.060329584411,0.02,stop_loss,WEAK,694,58.92213183376498,57.79289388745201,1.0195393909242907,88.4307104714181,trail,2423.1309424111428,1.5,38.32999999999993,10.842999999999847,29.46106591688249,28.896446943726005,3590.0,2024-12
2024-12-19 10:45:00+00:00,2024-12-19 15:35:00+00:00,HTF,buy,2623.545,2588.1251251369085,2588.3251251369084,2711.5946871577294,0.02,stop_loss,STRONG,58,-70.83974972618307,70.43974972618344,-1.005678611885399,0.11697940483940016,raw,2352.2911926849597,2.5,0.10300000000006548,36.43000000000029,-35.419874863091536,35.21987486309172,290.0,2024-12
2024-12-19 17:15:00+00:00,2025-01-02 10:20:00+00:00,HTF,sell,2592.0950000000003,2644.0579635724525,2643.8579635724527,2462.687591068869,0.02,stop_loss,STRONG,2085,-103.92592714490456,103.52592714490494,-1.003863766411285,2.024613599515522,raw,2248.365265540055,2.5,2.6200000000003456,54.0029999999997,-51.96296357245228,51.76296357245246,19745.0,2024-12
2025-01-02 11:10:00+00:00,2025-01-03 13:35:00+00:00,HTF,buy,2644.2349999999997,2646.6599797998488,2617.9852020015082,2670.484797998491,0.02,stop_loss,RANGING,305,4.849959599698195,52.49959599698286,0.09238089374967612,79.81013797212559,locked,2253.2152251397533,1.0,20.950000000000273,8.36999999999989,2.4249797998490976,26.24979799849143,1585.0,2025-01
2025-01-03 14:50:00+00:00,2025-01-06 11:20:00+00:00,HTF,sell,2646.148,2643.232518882415,2666.9178741172304,2614.9931888241545,0.02,stop_loss,WEAK,234,5.830962235169864,41.5397482344606,0.14037066864869935,67.7680242734682,locked,2259.046187374923,1.5,21.113000000000284,2.326999999999771,2.915481117584932,20.7698741172303,4110.0,2025-01
2025-01-07 10:10:00+00:00,2025-01-07 13:35:00+00:00,HTF,buy,2643.048,2658.0772936796843,2625.05946839842,2661.0365316015796,0.02,stop_loss,RANGING,41,30.05858735936909,35.97706320315956,0.8354930804004397,104.6611275283126,trail,2289.1047747342923,1.0,18.827000000000226,1.1629999999995562,15.029293679684542,17.98853160157978,205.0,2025-01
2025-01-07 14:30:00+00:00,2025-01-09 17:05:00+00:00,HTF,buy,2661.7349999999997,2664.8248927219715,2628.836072780281,2694.6339272197183,0.02,stop_loss,RANGING,583,6.179785443943729,65.79785443943729,0.09392077441722398,50.63994910452521,locked,2295.284560178236,1.0,16.66000000000031,19.699999999999818,3.0898927219718644,32.898927219718644,3035.0,2025-01
2025-01-10 06:50:00+00:00,2025-01-10 15:40:00+00:00,HTF,buy,2677.598,2692.849231768542,2662.6154392284725,2700.071841157291,0.02,stop_loss,WEAK,106,30.502463537083713,29.965121543054924,1.0179322481057425,89.24153134139809,trail,2325.7870237153197,1.5,20.05600000000004,14.393000000000029,15.251231768541857,14.98256077152746,530.0,2025-01
2025-01-13 10:05:00+00:00,2025-01-14 21:00:00+00:00,HTF,sell,2680.3450000000003,2676.717936214481,2695.6532551420755,2642.074362144812,0.02,stop_loss,STRONG,407,7.254127571038225,30.61651028415054,0.23693515373610427,62.005760368541566,locked,2333.041151286358,2.5,23.730000000000473,2.2529999999997017,3.6270637855191126,15.308255142075268,2095.0,2025-01
2025-01-15 06:45:00+00:00,2025-01-16 12:05:00+00:00,HTF,buy,2681.725,2703.839670417654,2659.307234725513,2715.3516479117307,0.02,stop_loss,WEAK,340,44.229340835307994,44.83553054897402,0.9864797024537518,87.19275283389698,trail,2377.270492121666,1.5,29.320000000000164,5.286000000000058,22.114670417653997,22.41776527448701,1760.0,2025-01
2025-01-16 16:05:00+00:00,2025-01-17 21:10:00+00:00,HTF,buy,2718.705,2698.7310687067343,2698.931068706734,2748.3658969398984,0.02,stop_loss,WEAK,337,-39.9478625865313,39.547862586531664,-1.0101143266371078,19.756651364502453,raw,2337.3226295351346,1.5,5.860000000000127,20.259999999999764,-19.97393129326565,19.773931293265832,1745.0,2025-01
2025-01-20 08:30:00+00:00,2025-01-21 02:05:00+00:00,HTF,sell,2704.1580000000004,2721.0532036356244,2720.8532036356246,2679.115194546564,0.02,stop_loss,WEAK,169,-33.790407271248114,33.39040727124848,-1.0119794885024977,10.621813138892175,raw,2303.5322222638865,1.5,2.6600000000003092,17.04699999999957,-16.895203635624057,16.69520363562424,1055.0,2025-01
2025-01-21 06:50:00+00:00,2025-01-21 16:35:00+00:00,HTF,buy,2726.145,2739.5996915832784,2712.3173052775946,2746.886542083608,0.02,stop_loss,WEAK,117,26.90938316655684,27.65538944481068,0.9730249223305072,90.06080610931453,trail,2330.4416054304434,1.5,18.68000000000029,9.799999999999727,13.454691583278418,13.82769472240534,585.0,2025-01
2025-01-22 07:15:00+00:00,2025-01-23 13:20:00+00:00,HTF,buy,2749.915,2739.067704406523,2739.2677044065226,2776.533238983693,0.02,stop_loss,STRONG,349,-21.694591186954312,21.294591186954676,-1.0187841126644723,49.92817146221315,raw,2308.747014243489,2.5,13.289999999999964,10.88000000000011,-10.847295593477156,10.647295593477338,1805.0,2025-01
2025-01-23 17:15:00+00:00,2025-01-27 02:10:00+00:00,HTF,buy,2754.308,2758.0787767556217,2727.8361549625233,2794.015767556215,0.02,stop_loss,WEAK,371,7.541553511243365,52.943690074953345,0.14244480315910452,79.37237961157372,locked,2316.2885677547324,1.5,31.51700000000028,3.230000000000018,3.7707767556216822,26.47184503747667,4855.0,2025-01
2025-01-27 09:30:00+00:00,2025-01-27 16:10:00+00:00,HTF,buy,2760.8179999999998,2738.9486089471698,2739.1486089471696,2793.322086579245,0.02,stop_loss,WEAK,80,-43.73878210565999,43.33878210566036,-1.0092296086914587,33.955730375908125,raw,2272.5497856490724,1.5,11.037000000000262,22.35299999999961,-21.869391052829997,21.66939105283018,400.0,2025-01
2025-01-27 16:50:00+00:00,2025-01-30 15:00:00+00:00,HTF,sell,2734.295,2782.047568663662,2781.847568663662,2662.966147004507,0.02,stop_loss,WEAK,674,-95.50513732732361,95.10513732732397,-1.004205871641013,5.27977086668986,raw,2177.044648321749,1.5,3.7660000000000764,48.70499999999993,-47.752568663661805,47.55256866366199,4210.0,2025-01
2025-01-30 16:30:00+00:00,2025-01-30 18:10:00+00:00,HTF,buy,2782.0299999999997,2794.098147809398,2761.920739046988,2802.1392609530117,0.02,stop_loss,RANGING,20,24.136295618796794,40.21852190602385,0.6001288579225907,81.00745242733814,trail,2201.1809439405456,1.0,16.29000000000042,1.8799999999996544,12.068147809398397,20.109260953011926,100.0,2025-01
2025-01-31 08:20:00+00:00,2025-01-31 14:15:00+00:00,HTF,sell,2794.04,2804.9179461263725,2804.7179461263727,2778.0230808104407,0.02,stop_loss,WEAK,71,-21.75589225274507,21.355892252745434,-1.0187301937688047,18.855061727280123,raw,2179.4250516878005,1.5,3.019999999999982,11.159999999999854,-10.877946126372535,10.677946126372717,355.0,2025-01
2025-02-03 12:50:00+00:00,2025-02-04 18:00:00+00:00,HTF,buy,2798.6299999999997,2832.3420694295,2761.8368980983328,2853.8196528525,0.02,stop_loss,WEAK,338,67.42413885900078,73.58620380333377,0.9162605947060171,84.90722006394567,trail,2246.8491905468013,1.5,46.86000000000013,0.7699999999995271,33.71206942950039,36.79310190166689,1750.0,2025-02
2025-02-05 08:20:00+00:00,2025-02-11 04:35:00+00:00,HTF,buy,2861.5299999999997,2928.025589979532,2832.8211799590636,2933.30205010234,0.02,stop_loss,STRONG,1059,132.99117995906454,57.41764008187238,2.316207698007635,112.92696792752916,trail,2379.840370505866,2.5,81.05000000000018,27.429999999999836,66.49558997953227,28.70882004093619,8415.0,2025-02
2025-02-11 06:20:00+00:00,2025-02-11 14:50:00+00:00,HTF,buy,2919.37,2891.927623026904,2892.1276230269036,2987.4759424327403,0.02,stop_loss,STRONG,102,-54.88475394619218,54.48475394619254,-1.0073415032835547,14.521493494884707,raw,2324.9556165596737,2.5,9.890000000000327,28.90000000000009,-27.44237697309609,27.24237697309627,510.0,2025-02
2025-02-12 10:05:00+00:00,2025-02-12 15:55:00+00:00,HTF,sell,2890.73,2885.729605476404,2911.5315780943843,2838.7260547640394,0.02,stop_loss,STRONG,70,10.000789047192484,41.60315618876848,0.24038534484776367,52.28449471790889,locked,2334.956405606866,2.5,27.190000000000055,3.4299999999998363,5.000394523596242,20.80157809438424,350.0,2025-02
2025-02-13 06:30:00+00:00,2025-02-14 15:40:00+00:00,HTF,buy,2917.89,2921.6178559444515,2891.7042937036554,2957.1685594445166,0.02,stop_loss,WEAK,386,7.455711888903352,52.37141259268901,0.14236224535108608,56.443006855474124,locked,2342.4121174957695,1.5,22.170000000000073,12.0,3.727855944451676,26.185706296344506,1990.0,2025-02
2025-02-14 17:20:00+00:00,2025-02-19 11:15:00+00:00,HTF,sell,2905.4100000000003,2943.478202289344,2943.2782022893443,2848.607696565984,0.02,stop_loss,WEAK,725,-76.13640457868769,75.73640457868805,-1.00528147595895,49.9627625717105,raw,2266.275712917082,1.5,28.38000000000011,41.10999999999967,-38.068202289343844,37.868202289344026,6835.0,2025-02
2025-02-19 12:05:00+00:00,2025-02-21 10:20:00+00:00,HTF,buy,2945.5899999999997,2916.686442577409,2916.8864425774086,2974.2935574225908,0.02,stop_loss,RANGING,531,-57.807114845181786,57.40711484518215,-1.00696777744498,32.46984289363686,raw,2208.4685980719,1.0,9.320000000000164,28.84999999999991,-28.903557422590893,28.703557422591075,2775.0,2025-02
2025-02-24 11:25:00+00:00,2025-02-25 17:20:00+00:00,HTF,buy,2946.5699999999997,2915.497722177844,2915.697722177844,2977.4422778221556,0.02,stop_loss,RANGING,347,-62.144555644311374,61.744555644311724,-1.0064783039707,31.128250579241012,raw,2146.3240424275887,1.0,9.610000000000127,36.2199999999998,-31.072277822155684,30.872277822155866,1795.0,2025-02
2025-02-26 06:20:00+00:00,2025-02-26 17:25:00+00:00,HTF,sell,2914.21,2910.7414314998373,2950.895685001625,2877.524314998375,0.02,stop_loss,RANGING,133,6.937137000325492,73.37137000325038,0.09454828225257583,63.89413199988403,locked,2153.261179427914,1.0,23.440000000000055,6.809999999999945,3.468568500162746,36.68568500162519,665.0,2025-02
2025-02-27 09:45:00+00:00,2025-02-27 11:25:00+00:00,HTF,sell,2893.38,2890.3516110948626,2914.9025927009166,2861.096110948625,0.02,stop_loss,WEAK,20,6.05677781027498,43.045185401832896,0.14070743925793563,50.427629626941965,locked,2159.317957238189,1.5,16.2800000000002,0.25,3.02838890513749,21.522592700916448,100.0,2025-02
2025-02-27 12:20:00+00:00,2025-02-27 20:05:00+00:00,HTF,sell,2889.8,2886.1567225675703,2915.421849549531,2851.3672256757036,0.02,stop_loss,WEAK,93,7.286554864859681,51.243699099061814,0.1421941622671242,57.26882950025767,locked,2166.604512103049,1.5,22.01000000000022,5.079999999999927,3.6432774324298407,25.621849549530907,465.0,2025-02
2025-02-28 09:15:00+00:00,2025-02-28 23:15:00+00:00,HTF,sell,2861.57,2857.434372634101,2878.9125094635974,2818.213726341007,0.02,stop_loss,STRONG,168,8.271254731798763,34.685018927194506,0.23846764360026781,66.88766711846914,locked,2174.8757668348476,2.5,29.0,3.3599999999996726,4.135627365899381,17.342509463597253,840.0,2025-02
2025-03-03 06:35:00+00:00,2025-03-04 10:50:00+00:00,HTF,buy,2866.81,2910.4141945018832,2850.4583890037666,2907.6890274905836,0.02,stop_loss,STRONG,327,87.20838900376657,32.70322199246675,2.6666604600566632,127.15566683178415,trail,2262.084155838614,2.5,51.98000000000002,7.980000000000018,43.604194501883285,16.351610996233376,1695.0,2025-03
2025-03-04 11:50:00+00:00,2025-03-20 12:15:00+00:00,HTF,buy,2920.47,3033.2379885979585,2876.525977195917,3030.3300570102065,0.02,stop_loss,STRONG,3329,225.53597719591744,87.88804560816516,2.5661735408411928,124.5129519524023,trail,2487.6201330345316,2.5,136.79000000000042,40.20999999999958,112.76798859795872,43.94402280408258,23065.0,2025-03
2025-03-20 15:50:00+00:00,2025-03-21 16:20:00+00:00,HTF,sell,3033.96,3008.040791889581,3060.9626396319386,2993.4560405520924,0.02,stop_loss,WEAK,282,51.838416220837644,54.00527926387713,0.9598768292179012,84.95465744344021,trail,2539.4585492553692,1.5,34.409999999999854,13.429999999999836,25.919208110418822,27.002639631938564,1470.0,2025-03
2025-03-24 08:15:00+00:00,2025-03-25 07:00:00+00:00,HTF,sell,3020.0600000000004,3016.8887762359373,3042.5348250937523,2986.3477623593726,0.02,stop_loss,WEAK,261,6.342447528126286,44.94965018750372,0.14110115432866094,52.206561271951855,locked,2545.8009967834955,1.5,17.600000000000364,13.1599999999994,3.171223764063143,22.47482509375186,1365.0,2025-03
2025-03-25 11:45:00+00:00,2025-03-27 13:25:00+00:00,HTF,buy,3022.89,3049.506764468457,3002.645881561522,3053.2561776577168,0.02,stop_loss,WEAK,572,53.2335289369139,40.48823687695585,1.3147899993445284,108.31129413366276,trail,2599.0345257204094,1.5,32.89000000000033,10.440000000000055,26.61676446845695,20.244118438477926,2980.0,2025-03
2025-03-27 16:20:00+00:00,2025-03-28 04:35:00+00:00,HTF,buy,3049.74,3071.167685028136,3019.7784251406792,3079.7015748593203,0.02,stop_loss,RANGING,135,42.85537005627248,59.92314971864106,0.7151721873348207,92.58525337953255,trail,2641.889895776682,1.0,27.740000000000236,2.0899999999996908,21.42768502813624,29.961574859320535,735.0,2025-03
2025-03-28 07:05:00+00:00,2025-03-31 04:00:00+00:00,HTF,buy,3074.21,3076.9915150151924,3054.333233232051,3104.0251501519233,0.02,stop_loss,WEAK,227,5.5630300303846525,39.753533535897986,0.13993800136939172,79.02022924570171,locked,2647.4529258070665,1.5,23.559999999999945,8.0,2.7815150151923262,19.876766767948993,4135.0,2025-03
2025-04-01 06:30:00+00:00,2025-04-01 19:05:00+00:00,HTF,buy,3145.3799999999997,3111.244096700606,3111.4440967006058,3230.219758248484,0.02,stop_loss,STRONG,151,-68.2718065987874,67.87180659878777,-1.0058934632809196,4.314015121637489,raw,2579.181119208279,2.5,3.6600000000003092,36.929999999999836,-34.1359032993937,33.935903299393885,755.0,2025-04
2025-04-02 06:25:00+00:00,2025-04-03 02:05:00+00:00,HTF,sell,3128.9500000000003,3152.3374019669923,3152.1374019669925,3070.98149508252,0.02,stop_loss,STRONG,224,-46.774803933984,46.37480393398437,-1.0086253733939026,42.26432963016173,raw,2532.406315274295,2.5,24.500000000000455,24.329999999999927,-23.387401966992,23.187401966992184,1180.0,2025-04
2025-04-03 07:05:00+00:00,2025-04-03 15:50:00+00:00,HTF,sell,3147.57,3077.8040329107434,3176.978065821487,3074.0498354462834,0.02,stop_loss,STRONG,105,139.53193417851344,58.81613164297323,2.3723412315774652,117.81801703764185,trail,2671.9382494528086,2.5,86.62000000000035,2.0899999999996908,69.76596708925672,29.408065821486616,525.0,2025-04
2025-04-07 06:50:00+00:00,2025-04-09 19:10:00+00:00,HTF,sell,3019.0600000000004,3088.2509662300727,3088.050966230073,2846.5825844248193,0.02,stop_loss,STRONG,700,-138.38193246014453,137.9819324601449,-1.0028989302647662,36.41056412549637,raw,2533.556316992664,2.5,62.80000000000018,71.28999999999951,-69.19096623007226,68.99096623007244,3620.0,2025-04
2025-04-10 06:15:00+00:00,2025-04-17 10:15:00+00:00,HTF,buy,3123.8399999999997,3317.9529791570717,3058.285958314143,3287.7251042146413,0.02,stop_loss,STRONG,1428,388.225958314144,131.1080833717133,2.961113825556115,142.66702341280364,trail,2921.782275306808,2.5,233.8100000000004,20.409999999999854,194.112979157072,65.55404168585665,10320.0,2025-04
2025-04-17 17:35:00+00:00,2025-04-21 03:30:00+00:00,HTF,sell,3292.09,3359.1280319352722,3358.9280319352724,3191.832952097092,0.02,stop_loss,WEAK,107,-134.0760638705442,133.67606387054457,-1.0029923083341756,5.92477050167338,raw,2787.706211436264,1.5,5.940000000000055,67.29999999999973,-67.0380319352721,66.83803193527228,4915.0,2025-04
2025-04-21 06:30:00+00:00,2025-04-22 19:20:00+00:00,HTF,buy,3384.3799999999997,3398.9494138764435,3285.9172408237087,3532.074138764436,0.02,stop_loss,WEAK,430,29.138827752887664,196.925518352582,0.14796877518289192,78.26986295263592,locked,2816.8450391891515,1.5,115.60000000000036,14.4699999999998,14.569413876443832,98.462759176291,2210.0,2025-04
2025-04-23 06:55:00+00:00,2025-05-05 15:20:00+00:00,HTF,sell,3338.71,3320.2878289663513,3413.198684134595,3152.488289663512,0.02,stop_loss,STRONG,2308,36.844342067297475,148.97736826919026,0.24731502841909972,73.46082245341505,locked,2853.689381256449,2.5,136.80000000000018,32.05000000000018,18.422171033648738,74.48868413459513,17785.0,2025-04
2025-05-05 16:20:00+00:00,2025-05-07 01:05:00+00:00,HTF,buy,3317.48,3411.8376853152376,3231.4389510507917,3446.541573423812,0.02,stop_loss,WEAK,369,188.71537063047526,172.08209789841658,1.0966589374211235,93.26556062099837,trail,3042.4047518869243,1.5,120.36999999999989,11.829999999999927,94.35768531523763,86.04104894920829,1965.0,2025-05
2025-05-07 10:15:00+00:00,2025-05-08 09:25:00+00:00,HTF,buy,3393.5699999999997,3335.6186396125036,3335.8186396125034,3480.1970405812444,0.02,stop_loss,WEAK,266,-115.9027207749923,115.50272077499267,-1.0034631218841923,24.48427172126273,raw,2926.502031111932,1.5,21.21000000000049,58.149999999999636,-57.95136038749615,57.751360387496334,1390.0,2025-05
2025-05-08 17:25:00+00:00,2025-05-08 22:45:00+00:00,HTF,sell,3354.04,3303.7283757733762,3403.301252577921,3280.1481211331184,0.02,stop_loss,WEAK,64,100.62324845324748,98.52250515584183,1.0213224713894833,88.35883049830392,trail,3027.1252795651794,1.5,65.28999999999996,8.090000000000146,50.311624226623735,49.261252577920914,320.0,2025-05
2025-05-09 08:10:00+00:00,2025-05-12 01:00:00+00:00,HTF,buy,3328.21,3276.0681448181085,3276.2681448181083,3406.1227827728376,0.02,stop_loss,WEAK,190,-104.28371036378303,103.8837103637834,-1.003850459312619,24.796957973288595,raw,2922.8415692013964,1.5,19.320000000000164,57.13999999999987,-52.141855181891515,51.9418551818917,3890.0,2025-05
2025-05-12 06:00:00+00:00,2025-05-13 08:10:00+00:00,HTF,sell,3271.52,3260.345870340711,3347.3475310619256,3157.7787034071116,0.02,stop_loss,WEAK,302,22.34825931857813,151.65506212385117,0.14736243555343453,56.0746201340455,locked,2945.1898285199745,1.5,63.7800000000002,13.170000000000073,11.174129659289065,75.82753106192558,1570.0,2025-05
2025-05-14 14:00:00+00:00,2025-05-14 15:10:00+00:00,HTF,buy,3235.71,3214.7702215838945,3214.9702215838943,3266.8196676241587,0.02,stop_loss,WEAK,14,-41.879556832211165,41.47955683221153,-1.0096433045709161,11.218377650841802,raw,2903.3102716877634,1.5,3.4899999999997817,23.01000000000022,-20.939778416105582,20.739778416105764,70.0,2025-05
2025-05-15 15:20:00+00:00,2025-05-15 17:10:00+00:00,HTF,sell,3182.8300000000004,3201.0405166244836,3200.840516624484,3155.8142250632754,0.02,stop_loss,WEAK,22,-36.42103324896652,36.02103324896689,-1.0111046231582241,10.105207073994912,raw,2866.889238438797,1.5,2.730000000000473,23.619999999999436,-18.21051662448326,18.010516624483444,110.0,2025-05
2025-05-16 09:10:00+00:00,2025-05-16 13:45:00+00:00,HTF,buy,3228.7,3188.209085067215,3188.4090850672146,3289.1363723991776,0.02,stop_loss,WEAK,55,-80.98182986557003,80.5818298655704,-1.0049638981972355,0.0,raw,2785.907408573227,1.5,0.0,40.809999999999945,-40.49091493278502,40.2909149327852,275.0,2025-05
2025-05-16 14:15:00+00:00,2025-05-19 03:15:00+00:00,HTF,sell,3174.9700000000003,3249.8922287126247,3249.692228712625,3062.886656931063,0.02,stop_loss,WEAK,144,-149.84445742524895,149.4444574252493,-1.0026765796931594,18.397024424332123,raw,2636.062951147978,1.5,20.620000000000346,74.77999999999975,-74.92222871262447,74.72222871262466,3660.0,2025-05
2025-05-19 11:15:00+00:00,2025-05-22 11:30:00+00:00,HTF,buy,3238.0899999999997,3315.866307547727,3186.682615095454,3366.6084622613644,0.02,stop_loss,STRONG,831,155.5526150954547,102.81476980909157,1.5129403624040376,83.42770222534232,trail,2791.6155662434326,2.5,107.22000000000025,33.51999999999953,77.77630754772736,51.40738490454578,4335.0,2025-05
2025-05-22 13:20:00+00:00,2025-05-23 14:45:00+00:00,HTF,sell,3302.6600000000003,3346.1043125899714,3345.9043125899716,3237.793531115043,0.02,stop_loss,WEAK,293,-86.88862517994221,86.48862517994257,-1.0046248856328497,35.90452879638941,raw,2704.7269410634904,1.5,23.29000000000042,45.81999999999971,-43.444312589971105,43.24431258997129,1525.0,2025-05
2025-05-23 16:05:00+00:00,2025-05-27 10:50:00+00:00,HTF,buy,3354.6,3300.1397878108037,3300.3397878108035,3435.9903182837943,0.02,stop_loss,WEAK,441,-108.92042437839247,108.52042437839282,-1.0036859420914621,13.846855790271494,raw,2595.806516685098,1.5,11.269999999999982,61.11999999999989,-54.46021218919623,54.26021218919641,5445.0,2025-05
2025-05-27 17:40:00+00:00,2025-05-28 04:40:00+00:00,HTF,buy,3298.7999999999997,3301.832626453714,3266.473735462859,3331.1262645371403,0.02,stop_loss,RANGING,117,6.065252907428658,64.65252907428112,0.09381308038947891,52.46507829729188,locked,2601.8717695925266,1.0,16.96000000000049,9.069999999999709,3.032626453714329,32.32626453714056,660.0,2025-05
2025-05-28 06:05:00+00:00,2025-05-29 02:10:00+00:00,HTF,sell,3302.02,3268.448543752473,3335.591456247527,3268.448543752473,0.02,take_profit,RANGING,229,67.14291249505368,67.14291249505368,1.0,107.44246461652192,locked,2669.0146820875802,1.0,36.070000000000164,23.420000000000073,33.57145624752684,33.57145624752684,1205.0,2025-05
2025-05-29 09:25:00+00:00,2025-05-29 16:05:00+00:00,HTF,buy,3274.04,3310.7902542150805,3249.0408473836023,3311.5387289245964,0.02,stop_loss,WEAK,80,73.50050843016106,49.998305232795246,1.4700599967926529,118.53735119763982,trail,2742.5151905177413,1.5,44.44999999999982,3.4699999999998,36.75025421508053,24.999152616397623,400.0,2025-05
2025-05-29 16:55:00+00:00,2025-06-03 04:00:00+00:00,HTF,buy,3312.7999999999997,3371.18508208413,3249.250273613767,3408.1245895793486,0.02,stop_loss,WEAK,673,116.77016416826065,127.09945277246516,0.9187306602909132,83.3363147437143,trail,2859.285354686002,1.5,79.44000000000005,40.97999999999956,58.38508208413032,63.54972638623258,6425.0,2025-05
2025-06-03 06:25:00+00:00,2025-06-04 02:10:00+00:00,HTF,sell,3365.09,3360.516169252208,3396.915538318613,3317.351692522081,0.02,stop_loss,WEAK,225,9.147661495584543,63.65107663722574,0.14371573866253534,66.80169801736426,locked,2868.4330161815865,1.5,31.890000000000327,2.5799999999999272,4.573830747792272,31.82553831861287,1185.0,2025-06
2025-06-04 10:35:00+00:00,2025-06-05 07:15:00+00:00,HTF,buy,3361.7,3364.8016425264486,3328.6835747355117,3394.716425264488,0.02,stop_loss,RANGING,236,6.203285052897627,66.03285052897627,0.09394240901618395,69.51085653929007,locked,2874.636301234484,1.0,22.950000000000273,17.899999999999636,3.1016425264488134,33.016425264488134,1240.0,2025-06
2025-06-06 07:35:00+00:00,2025-06-06 17:15:00+00:00,HTF,buy,3372.9399999999996,3330.840033882601,3331.0400338826007,3414.8399661173985,0.02,stop_loss,RANGING,116,-84.19993223479742,83.79993223479778,-1.0047732735496597,6.348453821053923,raw,2790.4363689996867,1.0,2.6600000000003092,49.25999999999976,-42.09996611739871,41.89996611739889,580.0,2025-06
2025-06-06 17:55:00+00:00,2025-06-12 16:00:00+00:00,HTF,sell,3325.9500000000003,3391.604592949993,3391.404592949993,3260.4954070500075,0.02,stop_loss,RANGING,1081,-131.3091858999851,130.90918589998546,-1.0030555533383672,49.408297481443185,raw,2659.1271830997016,1.0,32.340000000000146,66.90999999999985,-65.65459294999255,65.45459294999273,8525.0,2025-06
2025-06-13 07:45:00+00:00,2025-06-13 17:00:00+00:00,HTF,buy,3428.0299999999997,3431.2912889627282,3393.4171103727176,3462.642889627282,0.02,stop_loss,RANGING,111,6.522577925456971,69.22577925456426,0.0942218057448146,54.22835308499001,locked,2665.6497610251586,1.0,18.770000000000437,20.11999999999989,3.261288962728486,34.61288962728213,555.0,2025-06
2025-06-16 15:25:00+00:00,2025-06-17 17:45:00+00:00,HTF,sell,3414.69,3377.773053534802,3437.536107069604,3357.57473232599,0.02,stop_loss,STRONG,304,73.83389293039636,45.69221413920786,1.6158965881025342,84.986032591226,trail,2739.483653955555,2.5,48.539999999999964,3.299999999999727,36.91694646519818,22.84610706960393,1580.0,2025-06
2025-06-18 11:40:00+00:00,2025-06-19 03:30:00+00:00,HTF,sell,3383.92,3380.535599448155,3419.7640055184497,3348.0759944815504,0.02,stop_loss,RANGING,178,6.76880110368984,71.6880110368993,0.09442026645439777,59.59155426701878,locked,2746.2524550592448,1.0,21.360000000000127,12.849999999999909,3.3844005518449194,35.84400551844965,950.0,2025-06
2025-06-19 06:05:00+00:00,2025-06-19 09:20:00+00:00,HTF,buy,3376.7599999999998,3350.2048942267643,3350.404894226764,3403.1151057732354,0.02,stop_loss,RANGING,39,-53.110211546470964,52.71021154647133,-1.0075886623912897,1.1003560467396087,raw,2693.142243512774,1.0,0.29000000000041837,26.70999999999958,-26.555105773235482,26.355105773235664,195.0,2025-06
2025-06-19 15:55:00+00:00,2025-06-23 02:45:00+00:00,HTF,buy,3368.1699999999996,3372.0484294943026,3327.385705056974,3408.954294943025,0.02,stop_loss,RANGING,364,7.756858988605927,81.56858988605109,0.0950961515877868,69.95339760036497,locked,2700.8991025013797,1.0,28.5300000000002,27.799999999999727,3.8784294943029636,40.78429494302554,4970.0,2025-06
2025-06-23 09:45:00+00:00,2025-06-23 16:50:00+00:00,HTF,sell,3355.1400000000003,3386.5168516585854,3386.3168516585856,3323.963148341415,0.02,stop_loss,RANGING,85,-62.75370331717022,62.353703317170584,-1.006415015928805,11.194202795775825,raw,2638.1453991842095,1.0,3.4900000000002365,32.54999999999973,-31.37685165858511,31.176851658585292,425.0,2025-06
2025-06-24 06:35:00+00:00,2025-06-24 09:35:00+00:00,HTF,buy,3354.3999999999996,3316.3692629710054,3316.569262971005,3392.230737028994,0.02,stop_loss,RANGING,36,-76.06147405798856,75.66147405798893,-1.005286706411417,0.0,raw,2562.083925126221,1.0,0.0,38.33999999999969,-38.03073702899428,37.83073702899446,180.0,2025-06
2025-06-24 11:55:00+00:00,2025-06-27 16:45:00+00:00,HTF,sell,3327.07,3270.6893865074335,3392.966932537169,3261.173067462831,0.02,stop_loss,RANGING,886,112.76122698513336,131.7938650743381,0.8555878296879038,108.01716750601607,trail,2674.8451521113543,1.0,71.18000000000029,23.210000000000036,56.38061349256668,65.89693253716905,4610.0,2025-06
2025-06-30 08:55:00+00:00,2025-07-01 16:05:00+00:00,HTF,buy,3289.12,3348.928456554243,3262.41485518081,3329.177717228785,0.02,stop_loss,WEAK,362,119.61691310848619,53.410289638380156,2.23958555398903,171.7521735126771,trail,2794.4620652198405,1.5,68.80000000000018,14.480000000000018,59.808456554243094,26.70514481919008,1870.0,2025-06
2025-07-02 08:05:00+00:00,2025-07-02 11:15:00+00:00,HTF,sell,3339.38,3337.284513214522,3354.6832452365193,3316.425132145221,0.02,stop_loss,WEAK,38,4.1909735709559754,30.606490473038324,0.1369308766272259,51.27452736587891,locked,2798.6530387907965,1.5,11.769999999999982,4.480000000000018,2.0954867854779877,15.30324523651916,190.0,2025-07
2025-07-02 13:05:00+00:00,2025-07-03 03:00:00+00:00,HTF,buy,3343.5099999999998,3346.3181069121874,3323.4559539187485,3373.591069121877,0.02,stop_loss,WEAK,155,5.616213824375336,40.108092162502544,0.14002695021295455,73.90029892199792,locked,2804.269252615172,1.5,22.230000000000018,9.61999999999989,2.808106912187668,20.054046081251272,835.0,2025-07
2025-07-03 14:50:00+00:00,2025-07-03 15:45:00+00:00,HTF,sell,3345.4,3318.539715983436,3367.565719944787,3312.1514200828196,0.02,stop_loss,WEAK,11,53.72056803312808,44.33143988957363,1.2117938909032073,101.38778884382114,trail,2857.9898206483,1.5,33.710000000000036,6.860000000000127,26.860284016564037,22.165719944786815,55.0,2025-07
2025-07-04 10:25:00+00:00,2025-07-07 04:30:00+00:00,HTF,sell,3337.3100000000004,3314.1325420970375,3373.6227104851873,3300.9972895148135,0.02,stop_loss,RANGING,153,46.354915805925884,72.62542097037385,0.6382739705541326,84.37816838954869,trail,2904.3447364542258,1.0,30.640000000000327,6.869999999999436,23.177457902962942,36.312710485186926,3965.0,2025-07
2025-07-07 08:55:00+00:00,2025-07-07 21:05:00+00:00,HTF,buy,3313.58,3329.9541458374133,3289.000729187065,3338.1592708129347,0.02,stop_loss,RANGING,146,32.74829167482676,49.158541625869475,0.6661770384496742,90.48274934298104,trail,2937.0930281290525,1.0,22.240000000000236,17.13000000000011,16.37414583741338,24.579270812934737,730.0,2025-07
2025-07-08 07:05:00+00:00,2025-07-08 17:25:00+00:00,HTF,sell,3332.11,3305.494673748372,3354.0833687418612,3310.136631258139,0.02,stop_loss,RANGING,124,53.23065250325635,43.946737483722245,1.211253793821961,142.30862990265115,trail,2990.323680632309,1.0,31.269999999999982,7.349999999999909,26.615326251628176,21.973368741861123,620.0,2025-07
2025-07-09 11:30:00+00:00,2025-07-09 22:10:00+00:00,HTF,sell,3285.6000000000004,3315.600369838004,3315.4003698380043,3255.7996301619964,0.02,stop_loss,RANGING,128,-60.00073967600748,59.600739676007834,-1.0067113261039051,9.496526437035456,raw,2930.3229409563014,1.0,2.830000000000382,30.649999999999636,-30.000369838003735,29.800369838003917,640.0,2025-07
2025-07-10 08:35:00+00:00,2025-07-11 08:35:00+00:00,HTF,buy,3321.6499999999996,3336.4795444535116,3297.047722267557,3346.252277732442,0.02,stop_loss,RANGING,276,29.659088907023946,49.204555464884834,0.6027711992681319,81.0900527868308,trail,2959.9820298633254,1.0,19.950000000000273,11.529999999999745,14.829544453511971,24.602277732442417,1440.0,2025-07
2025-07-11 10:40:00+00:00,2025-07-11 16:20:00+00:00,HTF,buy,3338.5699999999997,3353.0315076881075,3315.3775384405367,3361.7624615594627,0.02,stop_loss,RANGING,68,28.923015376215517,46.384923118926054,0.6235434583358035,85.41568539074495,trail,2988.905045239541,1.0,19.8100000000004,5.779999999999745,14.461507688107758,23.192461559463027,340.0,2025-07
2025-07-14 06:55:00+00:00,2025-07-15 06:05:00+00:00,HTF,sell,3356.7400000000002,3354.4350349853266,3381.789650146736,3331.6903498532643,0.02,stop_loss,RANGING,266,4.609930029347197,50.09930029347197,0.09201585655574274,63.99290970572273,locked,2993.514975268888,1.0,16.0300000000002,18.179999999999836,2.3049650146735985,25.049650146735985,1390.0,2025-07
2025-07-15 07:15:00+00:00,2025-07-15 16:35:00+00:00,HTF,buy,3360.1699999999996,3334.8115058993044,3335.011505899304,3397.9077411510425,0.02,stop_loss,WEAK,112,-50.71698820139046,50.316988201390814,-1.0079496014029827,17.38312840120563,raw,2942.7979870674976,1.5,6.5600000000004,25.669999999999618,-25.358494100695225,25.158494100695407,560.0,2025-07
2025-07-16 10:10:00+00:00,2025-07-16 16:55:00+00:00,HTF,sell,3337.52,3326.0625763977564,3356.8328819887834,3318.2071180112166,0.02,stop_loss,RANGING,81,22.91484720448716,38.62576397756675,0.5932529183835885,80.3608700607903,trail,2965.712834271985,1.0,15.519999999999982,5.4699999999998,11.45742360224358,19.312881988783374,405.0,2025-07
2025-07-17 08:10:00+00:00,2025-07-17 15:30:00+00:00,HTF,sell,3339.9900000000002,3317.409518657393,3362.5704813426073,3317.409518657393,0.02,take_profit,RANGING,88,45.160962685214145,45.160962685214145,1.0,121.29945143515688,locked,3010.873796957199,1.0,27.390000000000327,1.2899999999999636,22.580481342607072,22.580481342607072,440.0,2025-07
2025-07-18 07:00:00+00:00,2025-07-18 15:00:00+00:00,HTF,sell,3335.11,3358.540564179956,3358.3405641799563,3311.879435820044,0.02,stop_loss,RANGING,96,-46.86112835991207,46.461128359912436,-1.008609347515218,14.248470137698495,raw,2964.012668597287,1.0,3.3099999999999454,23.879999999999654,-23.430564179956036,23.230564179956218,480.0,2025-07
2025-07-21 08:10:00+00:00,2025-07-21 16:50:00+00:00,HTF,buy,3363.0699999999997,3389.8913244447835,3337.6766222239166,3388.463377776083,0.02,stop_loss,RANGING,104,53.64264888956768,50.78675555216614,1.0562330337181725,126.41091028950852,trail,3017.6553174868545,1.0,32.100000000000364,0.33999999999969077,26.82132444478384,25.39337777608307,520.0,2025-07
2025-07-22 09:15:00+00:00,2025-07-22 15:40:00+00:00,HTF,sell,3386.8500000000004,3402.3123159027155,3402.1123159027156,3363.9565261459275,0.02,stop_loss,WEAK,77,-30.92463180543018,30.524631805430545,-1.0131041711673807,15.681324830313855,raw,2986.7306856814243,1.5,3.5900000000001455,19.019999999999527,-15.46231590271509,15.262315902715272,385.0,2025-07
2025-07-23 06:10:00+00:00,2025-07-23 19:20:00+00:00,HTF,buy,3424.85,3381.9303938292296,3382.1303938292294,3488.929409256156,0.02,stop_loss,WEAK,158,-85.83921234154059,85.43921234154095,-1.004681691099874,14.029467662635467,raw,2900.8914733398838,1.5,8.990000000000236,43.32999999999993,-42.919606170770294,42.719606170770476,790.0,2025-07
2025-07-24 06:00:00+00:00,2025-07-24 17:35:00+00:00,HTF,sell,3380.46,3376.4607012760193,3408.455324826537,3338.467012760195,0.02,stop_loss,WEAK,139,7.9985974479614015,55.99064965307389,0.14285595001168697,69.22584438680916,locked,2908.890070787845,1.5,29.070000000000164,5.570000000000164,3.9992987239807007,27.995324826536944,695.0,2025-07
2025-07-25 08:15:00+00:00,2025-07-25 15:15:00+00:00,HTF,sell,3359.7400000000002,3344.23679813565,3374.6959937855013,3337.3060093217487,0.02,stop_loss,WEAK,84,31.006403728700207,29.9119875710021,1.0365878781909859,93.91998196926363,trail,2939.8964745165454,1.5,21.070000000000164,0.419999999999618,15.503201864350103,14.95599378550105,420.0,2025-07
2025-07-25 17:40:00+00:00,2025-07-29 18:00:00+00:00,HTF,sell,3336.1400000000003,3330.5491629675503,3374.7455802163327,3278.2316296755016,0.02,stop_loss,WEAK,552,11.181674064900108,77.21116043266466,0.14481940178391142,59.3005809135545,locked,2951.0781485814455,1.5,34.340000000000146,9.05999999999949,5.590837032450054,38.60558021633233,5780.0,2025-07
2025-07-30 09:20:00+00:00,2025-07-30 17:00:00+00:00,HTF,sell,3323.69,3304.370960827049,3342.6265360901652,3295.2851958647525,0.02,stop_loss,WEAK,92,38.638078345901704,37.87307218033038,1.0201992107196582,88.71738696036125,trail,2989.716226927347,1.5,25.200000000000273,10.360000000000127,19.319039172950852,18.93653609016519,460.0,2025-07
2025-07-31 08:50:00+00:00,2025-08-01 04:50:00+00:00,HTF,buy,3299.1099999999997,3284.7312771864345,3284.9312771864343,3334.556807033913,0.02,stop_loss,STRONG,226,-28.75744562713044,28.3574456271308,-1.0141056428445354,44.29171853188188,raw,2960.9587813002167,2.5,15.700000000000273,17.1899999999996,-14.378722813565219,14.1787228135654,1200.0,2025-07
2025-08-01 06:00:00+00:00,2025-08-01 15:55:00+00:00,HTF,buy,3293.06,3335.3315920419236,3273.683184083847,3341.502039790382,0.02,stop_loss,STRONG,119,84.54318408384734,38.75363183230547,2.1815551236509183,107.67506947623666,trail,3045.501965384064,2.5,52.159999999999854,7.75,42.27159204192367,19.376815916152736,595.0,2025-08
2025-08-01 17:05:00+00:00,2025-09-04 05:40:00+00:00,HTF,buy,3350.08,3537.674337392043,3274.968674784086,3537.8583130397847,0.02,stop_loss,STRONG,6410,375.1886747840863,150.2226504318278,2.4975506270564027,121.62213852225474,trail,3420.6906401681504,2.5,228.3800000000001,38.529999999999745,187.59433739204314,75.1113252159139,48275.0,2025-08
2025-09-04 10:25:00+00:00,2025-09-04 16:30:00+00:00,HTF,sell,3537.38,3554.9311643489314,3554.7311643489315,3494.0020891276718,0.02,stop_loss,STRONG,73,-35.102328697862504,34.70232869786287,-1.0115266039775674,1.6367777648161468,raw,3385.588311470288,2.5,0.7100000000000364,18.139999999999873,-17.551164348931252,17.351164348931434,365.0,2025-09
2025-09-05 06:55:00+00:00,2025-09-08 20:55:00+00:00,HTF,buy,3558.58,3632.8917710801975,3535.883542160395,3615.3211445990128,0.02,stop_loss,STRONG,442,148.62354216039512,45.39291567921009,3.2741572101407126,154.68493034510794,trail,3534.211853630683,2.5,87.76999999999998,13.7199999999998,74.31177108019756,22.696457839605046,5160.0,2025-09
2025-09-09 08:10:00+00:00,2025-09-09 18:15:00+00:00,HTF,buy,3655.1899999999996,3631.743008260292,3631.9430082602917,3713.3074793492697,0.02,stop_loss,STRONG,121,-46.89398347941551,46.493983479415874,-1.0086032636927469,32.57195634077004,raw,3487.3178701512675,2.5,18.93000000000029,28.279999999999745,-23.446991739707755,23.246991739707937,605.0,2025-09
2025-09-10 12:05:00+00:00,2025-09-11 06:45:00+00:00,HTF,buy,3646.1699999999996,3630.3238416179274,3630.5238416179272,3685.2853959551803,0.02,stop_loss,STRONG,212,-31.69231676414438,31.292316764144744,-1.0127826904928292,29.144534323678894,raw,3455.625553387123,2.5,11.400000000000546,16.30999999999949,-15.84615838207219,15.646158382072372,1120.0,2025-09
2025-09-11 12:05:00+00:00,2025-09-12 06:15:00+00:00,HTF,sell,3621.38,3651.3321481666753,3651.1321481666755,3576.751777749987,0.02,stop_loss,WEAK,206,-59.90429633335042,59.504296333350794,-1.0067222036835588,17.634580996552202,raw,3395.7212570537727,1.5,7.869999999999891,30.98999999999978,-29.952148166675215,29.752148166675397,1090.0,2025-09
2025-09-12 07:00:00+00:00,2025-09-16 15:30:00+00:00,HTF,buy,3653.5299999999997,3688.3085155796734,3619.2583852655766,3704.937422101634,0.02,stop_loss,WEAK,654,69.55703115934739,68.54322946884622,1.014790690464358,89.38398021428767,trail,3465.27828821312,1.5,45.95000000000027,26.83999999999969,34.778515579673694,34.27161473442311,6270.0,2025-09
2025-09-16 16:55:00+00:00,2025-09-17 09:30:00+00:00,HTF,buy,3695.8999999999996,3673.7900872711243,3673.990087271124,3728.764869093313,0.02,stop_loss,WEAK,187,-44.21982545775063,43.819825457750994,-1.0091282882992152,21.786181407480782,raw,3421.0584627553694,1.5,7.160000000000309,21.909999999999854,-22.109912728875315,21.909912728875497,995.0,2025-09
2025-09-17 10:55:00+00:00,2025-09-17 21:05:00+00:00,HTF,sell,3666.9100000000003,3701.041289045513,3700.8412890455133,3616.0130664317307,0.02,stop_loss,WEAK,122,-68.26257809102572,67.86257809102608,-1.0058942647222024,30.35546331937018,raw,3352.7958846643437,1.5,15.450000000000273,40.50999999999976,-34.13128904551286,33.93128904551304,610.0,2025-09
2025-09-18 06:40:00+00:00,2025-09-18 10:40:00+00:00,HTF,sell,3660.4700000000003,3655.61842702965,3694.1471531356683,3609.954270296498,0.02,stop_loss,WEAK,48,9.703145940700779,67.3543062713361,0.14406125573637057,52.736049061077836,locked,3362.4990306050445,1.5,26.640000000000327,0.6199999999998909,4.851572970350389,33.67715313566805,240.0,2025-09
2025-09-18 13:15:00+00:00,2025-09-18 16:50:00+00:00,HTF,sell,3665.6200000000003,3636.724296681812,3694.7676556060414,3621.898516590939,0.02,stop_loss,WEAK,43,57.79140663637645,58.295311212082204,0.9913560016195382,86.54784112873372,trail,3420.290437241421,1.5,37.840000000000146,6.799999999999727,28.895703318188225,29.1476556060411,215.0,2025-09
2025-09-18 17:20:00+00:00,2025-09-22 04:00:00+00:00,HTF,sell,3635.79,3693.44314147137,3693.24314147137,3549.6102877929447,0.02,stop_loss,WEAK,392,-115.30628294273993,114.9062829427403,-1.0034810977237767,4.212128245773991,raw,3304.984154298681,1.5,3.630000000000109,57.960000000000036,-57.65314147136996,57.453141471370145,4960.0,2025-09
2025-09-22 06:30:00+00:00,2025-09-22 09:55:00+00:00,HTF,buy,3691.71,3714.221690757541,3674.115635858471,3718.101546212294,0.02,stop_loss,WEAK,41,45.02338151508229,35.18872828305848,1.279483053576525,106.35981603428826,trail,3350.0075358137633,1.5,28.070000000000164,1.6100000000001273,22.511690757541146,17.59436414152924,205.0,2025-09
2025-09-22 10:35:00+00:00,2025-09-23 12:40:00+00:00,HTF,buy,3714.52,3778.8698872846244,3674.1529576154153,3775.0705635768772,0.02,stop_loss,WEAK,296,128.6997745692488,80.73408476916939,1.5941194470367797,126.60493226073683,trail,3478.707310383012,1.5,76.65999999999985,2.4899999999997817,64.3498872846244,40.36704238458469,1565.0,2025-09
2025-09-23 16:35:00+00:00,2025-09-23 21:55:00+00:00,HTF,buy,3787.06,3764.8512077432297,3765.0512077432295,3842.081980641926,0.02,stop_loss,STRONG,64,-44.41758451354053,44.017584513540896,-1.0090872773783528,3.253245301453237,raw,3434.2897258694716,2.5,1.7899999999999636,30.789999999999964,-22.208792256770266,22.008792256770448,320.0,2025-09
2025-09-24 14:20:00+00:00,2025-09-24 18:30:00+00:00,HTF,buy,3764.9199999999996,3748.894210104632,3749.0942101046317,3804.4844747384195,0.02,stop_loss,STRONG,50,-32.05157979073556,31.651579790735923,-1.0126375998494934,20.548737355296566,raw,3402.238146078736,2.5,8.130000000000564,19.019999999999527,-16.02578989536778,15.825789895367961,250.0,2025-09
2025-09-25 16:35:00+00:00,2025-09-26 17:05:00+00:00,HTF,sell,3730.94,3774.832806072894,3774.6328060728943,3665.4007908906588,0.02,stop_loss,WEAK,282,-87.78561214578804,87.3856121457884,-1.0045774125760234,13.686463602322844,raw,3314.452533932948,1.5,8.970000000000255,43.92000000000007,-43.89280607289402,43.6928060728942,1470.0,2025-09
2025-09-29 07:55:00+00:00,2025-09-30 09:55:00+00:00,HTF,buy,3805.23,3855.2394812077237,3732.4774060386194,3877.9825939613806,0.02,stop_loss,RANGING,300,100.01896241544728,145.50518792276125,0.6873910397513833,91.30945906239849,trail,3414.4714963483952,1.0,66.42999999999984,3.8200000000001637,50.00948120772364,72.75259396138063,1560.0,2025-09
2025-10-01 08:25:00+00:00,2025-10-01 15:40:00+00:00,HTF,buy,3866.0099999999998,3871.6208652794594,3842.766538882162,3924.1186527945943,0.02,stop_loss,STRONG,87,11.221730558919262,46.48692223567559,0.24139542949365955,50.474410590239636,locked,3425.6932269073145,2.5,29.330000000000382,12.659999999999854,5.610865279459631,23.243461117837796,435.0,2025-10
2025-10-02 09:10:00+00:00,2025-10-02 17:35:00+00:00,HTF,buy,3872.02,3850.7144188349384,3850.9144188349383,3924.783952912654,0.02,stop_loss,STRONG,101,-42.61116233012308,42.21116233012344,-1.0094761664431633,47.001785558133456,raw,3383.0820645771914,2.5,24.800000000000182,28.139999999999873,-21.30558116506154,21.10558116506172,505.0,2025-10
2025-10-03 06:20:00+00:00,2025-10-03 16:45:00+00:00,HTF,sell,3841.3100000000004,3889.4113794016325,3889.2113794016327,3769.4579308975517,0.02,stop_loss,WEAK,125,-96.20275880326426,95.80275880326462,-1.0041752451077224,4.453594781574937,raw,3286.879305773927,1.5,3.200000000000273,49.16999999999962,-48.10137940163213,47.90137940163231,625.0,2025-10
2025-10-06 17:35:00+00:00,2025-10-08 13:30:00+00:00,HTF,buy,3955.06,4035.9526658653494,3910.3688862178305,4022.0966706732543,0.02,stop_loss,WEAK,503,161.785331730699,89.38222756433879,1.810039155874061,141.04220727316473,trail,3448.664637504626,1.5,94.55000000000018,14.099999999999909,80.8926658653495,44.691113782169396,2635.0,2025-10
2025-10-09 10:50:00+00:00,2025-10-09 17:30:00+00:00,HTF,buy,4030.5099999999998,4005.4301132282417,4005.6301132282415,4092.7097169293957,0.02,stop_loss,STRONG,80,-50.159773543516174,49.75977354351653,-1.0080386217925577,44.083801910425166,raw,3398.50486396111,2.5,27.420000000000073,26.4399999999996,-25.079886771758083,24.879886771758265,400.0,2025-10
2025-10-10 06:45:00+00:00,2025-10-13 01:00:00+00:00,HTF,sell,3964.27,4026.084407150002,4025.884407150002,3810.233982124995,0.02,stop_loss,STRONG,205,-123.62881430000381,123.22881430000416,-1.0032459940661755,11.309043326565211,raw,3274.876049661106,2.5,17.420000000000073,66.51999999999998,-61.8144071500019,61.61440715000208,3975.0,2025-10
2025-10-13 06:45:00+00:00,2025-10-14 08:35:00+00:00,HTF,buy,4051.5099999999998,4158.909523151024,3991.3084105034127,4141.81238424488,0.02,stop_loss,WEAK,298,214.79904630204786,120.40317899317417,1.7839981310977273,141.84564568378184,trail,3489.675095963154,1.5,128.0900000000006,3.119999999999891,107.39952315102391,60.201589496587076,1550.0,2025-10
2025-10-14 10:55:00+00:00,2025-10-17 01:35:00+00:00,HTF,buy,4126.5,4347.910989245728,4064.361978491456,4281.845053771361,0.02,stop_loss,STRONG,716,442.8219784914563,124.27604301708834,3.5632127298305347,162.65725484372277,trail,3932.4970744546104,2.5,252.6800000000003,28.779999999999745,221.41098924572816,62.13802150854417,3760.0,2025-10
2025-10-17 06:15:00+00:00,2025-10-17 17:00:00+00:00,HTF,buy,4360.84,4246.778538269267,4246.978538269267,4645.493654326832,0.02,stop_loss,STRONG,129,-228.1229234614657,227.72292346146608,-1.0017565205729817,6.207543704923537,raw,3704.3741509931447,2.5,17.670000000000073,123.8100000000004,-114.06146173073284,113.86146173073303,645.0,2025-10
2025-10-20 08:55:00+00:00,2025-10-20 15:20:00+00:00,HTF,sell,4239.78,4297.5752077181305,4297.375207718131,4095.7919807046724,0.02,stop_loss,STRONG,77,-115.59041543626154,115.1904154362619,-1.0034725111328466,12.55660025638442,raw,3588.783735556883,2.5,18.079999999999927,60.0,-57.79520771813077,57.59520771813095,385.0,2025-10
2025-10-21 06:30:00+00:00,2025-10-21 11:10:00+00:00,HTF,buy,4347.79,4254.212100706587,4254.412100706587,4581.234748233533,0.02,stop_loss,STRONG,56,-187.15579858682577,186.75579858682613,-1.0021418344331283,1.1908599448203043,raw,3401.6279369700574,2.5,2.7799999999997453,103.19999999999982,-93.57789929341288,93.37789929341307,280.0,2025-10
2025-10-21 13:20:00+00:00,2025-10-21 17:50:00+00:00,HTF,sell,4260.58,4116.7444987808785,4380.194995936262,4081.157506095607,0.02,stop_loss,WEAK,54,287.6710024382428,239.2299918725239,1.2024871973056421,100.27728189748173,trail,3689.2989394083,1.5,179.92000000000007,11.789999999999964,143.8355012191214,119.61499593626195,270.0,2025-10
2025-10-22 11:00:00+00:00,2025-10-28 12:50:00+00:00,HTF,sell,4117.2,3929.539022446789,4202.638044893579,3903.6048877660523,0.02,stop_loss,STRONG,1115,375.3219551064212,170.87608978715798,2.1964568335682277,107.95190844416382,trail,4064.6208945147214,2.5,230.57999999999993,37.460000000000036,187.6609775532106,85.43804489357899,8750.0,2025-10
2025-10-28 16:30:00+00:00,2025-10-29 20:35:00+00:00,HTF,buy,3948.3999999999996,3959.4245921225483,3873.5693858496775,4060.645921225483,0.02,stop_loss,WEAK,325,22.049184245097422,149.66122830064432,0.14732729709263315,72.89351729372628,locked,4086.670078759819,1.5,81.82000000000016,32.249999999999545,11.024592122548711,74.83061415032216,1685.0,2025-10
2025-10-30 07:30:00+00:00,2025-10-30 19:45:00+00:00,HTF,sell,3954.84,4017.1025529840117,4016.902552984012,3861.7461705239825,0.02,stop_loss,WEAK,147,-124.52510596802313,124.12510596802349,-1.0032225551541738,0.08593480411130412,raw,3962.1449727917957,1.5,0.07999999999992724,62.98000000000002,-62.26255298401156,62.062552984011745,735.0,2025-10
2025-10-31 13:05:00+00:00,2025-10-31 15:50:00+00:00,HTF,buy,4005.5899999999997,4011.132480528663,3967.3067964755774,4063.0148052866334,0.02,stop_loss,WEAK,33,11.084961057326836,76.56640704884467,0.14477577680059237,53.58311594860993,locked,3973.2299338491225,1.5,30.770000000000437,3.8899999999998727,5.542480528663418,38.28320352442233,165.0,2025-10
2025-11-03 07:05:00+00:00,2025-11-04 16:10:00+00:00,HTF,sell,4007.4,3974.882048784137,4042.2401626137907,3955.139756079314,0.02,stop_loss,WEAK,385,65.03590243172584,69.6803252275813,0.9333467118489126,82.60581421226789,trail,4038.2658362808484,1.5,43.17000000000007,23.33999999999969,32.51795121586292,34.84016261379065,1985.0,2025-11
2025-11-04 17:20:00+00:00,2025-11-10 03:15:00+00:00,HTF,sell,3949.65,4030.918566196279,4030.718566196279,3868.581433803721,0.02,stop_loss,RANGING,935,-162.5371323925574,162.13713239255776,-1.002467047456046,25.435259271856182,raw,3875.728703888291,1.0,20.61999999999989,85.25999999999976,-81.2685661962787,81.06856619627888,7795.0,2025-11
2025-11-10 12:20:00+00:00,2025-11-10 16:10:00+00:00,HTF,buy,4080.89,4084.4500591448427,4043.2894085515736,4118.490591448426,0.02,stop_loss,RANGING,46,7.120118289685706,75.20118289685252,0.09468093473279279,66.00959996611698,locked,3882.8488221779767,1.0,24.820000000000164,5.129999999999654,3.560059144842853,37.60059144842626,230.0,2025-11
2025-11-10 17:25:00+00:00,2025-11-11 03:50:00+00:00,HTF,buy,4089.45,4131.6128967578015,4043.564483789008,4135.335516210991,0.02,stop_loss,RANGING,113,84.32579351560344,91.77103242198336,0.9188715795181961,112.32302533768659,trail,3967.17461569358,1.0,51.539999999999964,11.289999999999964,42.16289675780172,45.88551621099168,625.0,2025-11
2025-11-11 10:45:00+00:00,2025-11-11 17:20:00+00:00,HTF,buy,4135.24,4106.459885616048,4106.659885616048,4178.110171575927,0.02,stop_loss,WEAK,79,-57.560228767903034,57.16022876790339,-1.0069978726226556,26.568589724040574,raw,3909.614386925677,1.5,11.390000000000327,29.590000000000146,-28.780114383951513,28.580114383951695,395.0,2025-11
2025-11-12 09:40:00+00:00,2025-11-12 14:25:00+00:00,HTF,sell,4114.110000000001,4135.287544221108,4135.087544221108,4082.6436836683392,0.02,stop_loss,WEAK,57,-42.355088442214765,41.95508844221513,-1.0095340044521788,6.069982834561813,raw,3867.2592984834623,1.5,1.910000000000764,23.49999999999909,-21.177544221107382,20.977544221107564,285.0,2025-11
2025-11-12 16:45:00+00:00,2025-11-12 20:00:00+00:00,HTF,buy,4134.44,4193.55199635955,4094.279987865165,4194.680018202252,0.02,stop_loss,WEAK,39,118.22399271910035,80.32002426966937,1.4719118151928192,119.50527597501521,trail,3985.4832912025627,1.5,71.99000000000069,0.10999999999967258,59.111996359550176,40.16001213483469,195.0,2025-11
2025-11-13 08:55:00+00:00,2025-11-13 16:05:00+00:00,HTF,buy,4210.51,4215.76768476221,4174.1254349186065,4265.086847622091,0.02,stop_loss,WEAK,86,10.51536952441893,72.7691301627874,0.14450316364776705,63.90988398875894,locked,3995.9986607269816,1.5,34.88000000000011,2.050000000000182,5.257684762209465,36.3845650813937,430.0,2025-11
2025-11-14 09:15:00+00:00,2025-11-14 16:35:00+00:00,HTF,sell,4170.97,4054.5015508898223,4244.008502966076,4061.412245550887,0.02,stop_loss,WEAK,88,232.93689822035594,146.07700593215122,1.5946171454838605,126.49036181584663,trail,4228.935558947338,1.5,138.58000000000038,15.969999999999345,116.46844911017797,73.03850296607561,440.0,2025-11
2025-11-17 06:20:00+00:00,2025-11-17 22:05:00+00:00,HTF,sell,4083.2400000000002,4021.6781021150587,4131.5336737168645,4010.799489424704,0.02,stop_loss,WEAK,189,123.12379576988315,96.58734743372861,1.27474041933248,105.25878323392621,trail,4352.059354717221,1.5,76.25000000000045,12.519999999999982,61.56189788494157,48.293673716864305,945.0,2025-11
2025-11-18 06:10:00+00:00,2025-11-19 07:15:00+00:00,HTF,sell,4010.8700000000003,4084.568096952317,4084.368096952317,3827.1247576192086,0.02,stop_loss,STRONG,289,-147.39619390463304,146.9961939046334,-1.0027211588910876,6.808339545507591,raw,4204.663160812588,2.5,12.510000000000218,78.24999999999955,-73.69809695231652,73.4980969523167,1505.0,2025-11
2025-11-19 08:35:00+00:00,2025-12-12 17:25:00+00:00,HTF,buy,4095.2,4298.621216571071,4000.5824331421413,4331.743917144646,0.02,stop_loss,STRONG,4769,406.8424331421429,189.23513371571698,2.149930750984813,109.20170897569288,trail,4611.505593954731,2.5,258.3100000000004,72.58999999999969,203.42121657107145,94.61756685785849,33650.0,2025-11
2025-12-15 13:50:00+00:00,2025-12-15 17:25:00+00:00,HTF,buy,4342.75,4311.8261430165785,4312.026143016578,4388.835785475132,0.02,stop_loss,WEAK,43,-61.847713966842996,61.44771396684337,-1.0065095993679352,12.238046811730435,raw,4549.657879987888,1.5,5.640000000000327,31.06999999999971,-30.9238569834215,30.723856983421683,215.0,2025-12
2025-12-16 07:20:00+00:00,2025-12-16 15:55:00+00:00,HTF,sell,4284.81,4313.278568344743,4313.078568344743,4242.407147482887,0.02,stop_loss,WEAK,103,-56.93713668948476,56.53713668948512,-1.0070749957182397,31.295064393709808,raw,4492.720743298403,1.5,13.270000000000437,28.4399999999996,-28.46856834474238,28.26856834474256,515.0,2025-12
2025-12-17 08:15:00+00:00,2025-12-18 19:05:00+00:00,HTF,buy,4335.48,4340.677508187365,4281.50491812635,4389.455081873649,0.02,stop_loss,RANGING,397,10.395016374730403,107.95016374729857,0.09629458644513206,72.53347033663997,locked,4503.115759673134,1.0,39.150000000000546,28.899999999999636,5.197508187365202,53.97508187364929,2090.0,2025-12
2025-12-19 12:40:00+00:00,2025-12-19 18:00:00+00:00,HTF,sell,4327.01,4350.497590715909,4350.297590715909,4292.078613926137,0.02,stop_loss,WEAK,64,-46.975181431816964,46.57518143181733,-1.0085882649879787,20.72634617100702,raw,4456.140578241317,1.5,7.239999999999782,27.710000000000036,-23.487590715908482,23.287590715908664,320.0,2025-12
2025-12-22 08:15:00+00:00,2025-12-24 04:55:00+00:00,HTF,buy,4404.01,4500.895092022166,4321.193640073887,4528.23453988917,0.02,stop_loss,WEAK,491,193.77018404433147,165.63271985222673,1.169878658137162,98.15290932756298,trail,4649.910762285648,1.5,121.92999999999938,4.130000000000109,96.88509202216574,82.81635992611336,2680.0,2025-12
2025-12-24 08:00:00+00:00,2025-12-26 03:00:00+00:00,HTF,sell,4486.99,4524.815476666072,4524.615476666072,4392.92630833482,0.02,stop_loss,STRONG,167,-75.65095333214413,75.25095333214449,-1.0053155472759807,41.09981153792069,raw,4574.259808953504,2.5,38.659999999999854,39.44000000000051,-37.82547666607206,37.625476666072245,2580.0,2025-12
2025-12-26 06:35:00+00:00,2025-12-29 09:00:00+00:00,HTF,buy,4507.099999999999,4463.591231130006,4463.791231130006,4615.371922174983,0.02,stop_loss,STRONG,294,-87.01753773998644,86.6175377399868,-1.0046180024327218,39.548572833866345,raw,4487.242271213518,2.5,42.82000000000062,61.69999999999982,-43.50876886999322,43.3087688699934,4465.0,2025-12
2025-12-29 16:40:00+00:00,2026-01-12 01:05:00+00:00,HTF,sell,4373.37,4527.055679355855,4526.8556793558555,3989.655801610361,0.02,stop_loss,STRONG,2287,-307.37135871171085,306.9713587117112,-1.0013030531632603,25.769179356661002,raw,4179.870912501807,2.5,98.88000000000011,155.8199999999997,-153.68567935585543,153.4856793558556,19225.0,2025-12
2026-01-12 07:40:00+00:00,2026-01-12 23:45:00+00:00,HTF,buy,4581.92,4589.412593651545,4504.994063484559,4658.845936515441,0.02,stop_loss,RANGING,193,14.985187303089335,153.85187303088242,0.09740009665063606,62.670670236589096,locked,4194.856099804896,1.0,48.210000000000036,12.13000000000011,7.4925936515446665,76.92593651544121,965.0,2026-01
2026-01-13 06:30:00+00:00,2026-01-13 16:45:00+00:00,HTF,sell,4595.77,4632.764509924834,4632.564509924834,4540.57823511275,0.02,stop_loss,WEAK,123,-73.98901984966687,73.58901984966724,-1.005435593527632,40.241510749605794,raw,4120.867079955229,1.5,22.210000000000036,38.48999999999978,-36.99450992483344,36.79450992483362,615.0,2026-01
2026-01-14 08:55:00+00:00,2026-01-15 03:30:00+00:00,HTF,buy,4637.47,4588.847459988322,4589.047459988322,4710.103810017517,0.02,stop_loss,WEAK,211,-97.24508002335642,96.84508002335679,-1.0041303079093244,7.489625008914763,raw,4023.621999931873,1.5,5.4399999999996,53.86999999999989,-48.62254001167821,48.42254001167839,1115.0,2026-01
2026-01-15 07:20:00+00:00,2026-01-16 18:00:00+00:00,HTF,sell,4586.24,4578.532938989878,4638.95374006748,4507.16938989878,0.02,stop_loss,WEAK,402,15.414122020243667,105.42748013496022,0.14620592278703506,62.463157849388175,locked,4039.0361219521164,1.5,49.38999999999942,38.57999999999993,7.7070610101218335,52.7137400674801,2080.0,2026-01
2026-01-19 07:10:00+00:00,2026-01-21 08:45:00+00:00,HTF,buy,4669.74,4858.167158695901,4569.530528986336,4820.054206520495,0.02,stop_loss,WEAK,541,376.8543173918024,200.41894202732692,1.8803328347098982,145.48857693645988,trail,4415.890439343919,1.5,218.6900000000005,10.239999999999782,188.4271586959012,100.20947101366346,2975.0,2026-01
2026-01-22 12:40:00+00:00,2026-01-23 01:30:00+00:00,HTF,buy,4828.38,4932.610895526436,4774.2217910528725,4963.77552236782,0.02,stop_loss,STRONG,142,208.4617910528723,108.31641789425521,1.924563192778262,97.13024308347235,trail,4624.352230396791,2.5,131.51000000000022,17.68000000000029,104.23089552643614,54.158208947127605,770.0,2026-01
2026-01-23 07:45:00+00:00,2026-01-23 10:25:00+00:00,HTF,buy,4966.849999999999,4914.1815776520025,4914.381577652002,5098.021055869993,0.02,stop_loss,STRONG,32,-105.33684469599393,104.9368446959943,-1.0038118165374463,0.34306348837104206,raw,4519.015385700797,2.5,0.4500000000007276,65.48999999999978,-52.668422347996966,52.46842234799715,160.0,2026-01
2026-01-23 16:10:00+00:00,2026-01-26 15:00:00+00:00,HTF,buy,4944.679999999999,5069.060695624663,4863.061391249325,5148.726521876684,0.02,stop_loss,STRONG,262,248.7613912493271,163.2372175013479,1.5239257018533348,81.52552588009006,trail,4767.776776950124,2.5,166.35000000000036,11.849999999999454,124.38069562466353,81.61860875067396,4250.0,2026-01
2026-01-26 16:25:00+00:00,2026-01-26 21:20:00+00:00,HTF,buy,5078.57,5027.93871933423,5028.13871933423,5204.648201664424,0.02,stop_loss,STRONG,59,-101.26256133153947,100.86256133153984,-1.0039657926064838,21.002837643957584,raw,4666.514215618585,2.5,26.480000000000473,58.29999999999927,-50.63128066576974,50.43128066576992,295.0,2026-01
2026-01-27 06:50:00+00:00,2026-01-27 22:00:00+00:00,HTF,sell,5067.18,5117.029349336385,5116.829349336385,4943.056626659038,0.02,stop_loss,STRONG,182,-99.69869867276977,99.29869867277012,-1.0040282501719162,16.53999520590328,raw,4566.815516945815,2.5,20.530000000000655,53.55999999999949,-49.849349336384876,49.64934933638506,910.0,2026-01
2026-01-28 06:55:00+00:00,2026-01-29 17:15:00+00:00,HTF,buy,5245.7699999999995,5289.620491332463,5069.568034670149,5686.274913324625,0.02,stop_loss,STRONG,400,87.70098266492641,352.40393065970056,0.24886493888064776,79.96732598085818,locked,4654.516499610741,2.5,352.2600000000002,10.539999999999964,43.85049133246321,176.20196532985028,2060.0,2026-01
2026-01-30 07:55:00+00:00,2026-01-30 13:40:00+00:00,HTF,sell,5184.78,5137.426046689116,5374.995813243532,4709.240466891169,0.02,stop_loss,STRONG,69,94.7079066217666,380.43162648706493,0.24894856270575275,51.0556921341039,locked,4749.224406232508,2.5,242.78999999999996,20.600000000000364,47.3539533108833,190.21581324353247,345.0,2026-01
2026-01-30 14:40:00+00:00,2026-02-02 09:00:00+00:00,HTF,sell,5113.76,4537.413842622985,5383.90768524597,4438.390786885075,0.02,stop_loss,STRONG,208,1152.692314754031,540.29537049194,2.133448438961271,105.36755099005464,trail,5901.916720986539,2.5,711.6199999999999,2.300000000000182,576.3461573770155,270.14768524597,3980.0,2026-01
2026-02-02 10:50:00+00:00,2026-03-03 13:05:00+00:00,HTF,buy,4647.5599999999995,5208.094059913547,4277.148119827093,5573.589700432265,0.02,stop_loss,STRONG,5740,1121.0681198270959,740.8237603458128,1.5132723595471436,83.33426019055062,trail,7022.984840813635,2.5,771.7000000000007,51.35999999999967,560.5340599135479,370.4118801729064,41895.0,2026-02
2026-03-03 15:45:00+00:00,2026-03-19 15:50:00+00:00,HTF,sell,5151.75,4583.713929370275,5421.5630979009175,4747.030353148624,0.02,stop_loss,WEAK,3291,1136.0721412594503,539.6261958018349,2.1052946467347673,160.4023933729111,trail,8159.056982073085,1.5,649.1800000000003,86.80000000000018,568.0360706297251,269.81309790091746,23045.0,2026-03
2026-03-20 09:30:00+00:00,2026-03-20 16:15:00+00:00,HTF,buy,4687.08,4582.273988734495,4582.473988734495,4948.595028163762,0.02,stop_loss,STRONG,81,-209.61202253100964,209.21202253100998,-1.0019119360119009,18.274284401764298,raw,7949.444959542076,2.5,47.789999999999964,124.13000000000011,-104.80601126550482,104.606011265505,405.0,2026-03
2026-03-20 17:25:00+00:00,2026-03-23 09:35:00+00:00,HTF,sell,4562.6900000000005,4185.883744765031,4736.997489530065,4126.92127617484,0.02,stop_loss,STRONG,182,753.6125104699386,348.61497906012846,2.161733017042727,106.51521658682228,trail,8703.057470012014,2.5,464.16000000000076,50.88999999999942,376.8062552349693,174.30748953006423,3850.0,2026-03
2026-03-24 07:05:00+00:00,2026-03-25 01:15:00+00:00,HTF,sell,4325.820000000001,4492.962066943208,4492.762066943208,3908.464832641982,0.02,stop_loss,STRONG,206,-334.28413388641457,333.88413388641493,-1.0011980203891202,1.0614460647614592,raw,8368.7733361256,2.5,4.430000000000291,173.77999999999975,-167.14206694320728,166.94206694320746,1090.0,2026-03
2026-03-25 09:10:00+00:00,2026-03-26 07:55:00+00:00,HTF,buy,4556.97,4442.4331637147,4442.6331637147,4842.8120907132525,0.02,stop_loss,STRONG,261,-229.07367257060108,228.67367257060144,-1.0017492175443858,10.037010269694852,raw,8139.699663554999,2.5,28.6899999999996,118.0,-114.53683628530052,114.3368362853007,1365.0,2026-03
2026-03-27 08:10:00+00:00,2026-04-02 01:20:00+00:00,HTF,buy,4471.65,4748.821814853152,4339.893825018804,4801.040437452989,0.02,stop_loss,STRONG,1044,554.3436297063054,263.51234996239145,2.10367229386183,107.54711189644325,trail,8694.043293261304,2.5,354.24990234375036,67.55999999999949,277.1718148531527,131.75617498119573,8230.0,2026-03
2026-04-02 06:05:00+00:00,2026-04-08 00:00:00+00:00,HTF,sell,4593.8,4870.285228818149,4870.0852288181495,4179.372156772776,0.02,stop_loss,WEAK,754,-552.9704576362983,552.5704576362987,-1.0007238895863357,3.2333970497496543,raw,8141.072835625006,1.5,13.400097656250182,287.0999023437498,-276.48522881814915,276.28522881814933,8275.0,2026-04
2026-04-08 07:55:00+00:00,2026-04-12 22:20:00+00:00,HTF,buy,4839.9001953125,4676.755509673171,4676.955509673171,5002.844880951829,0.02,stop_loss,RANGING,711,-326.2893712786572,325.88937127865756,-1.0012274103890846,3.7434818224153954,raw,7814.783464346348,1.0,6.099804687500182,163.50029296874982,-163.1446856393286,162.94468563932878,6625.0,2026-04
2026-04-13 07:05:00+00:00,2026-04-14 07:20:00+00:00,HTF,buy,4749.4001953125,4804.709725075818,4671.94930897284,4826.851081652159,0.02,stop_loss,RANGING,279,110.61905952663619,154.90177267931904,0.7141239097091686,91.6706191325974,trail,7925.402523872985,1.0,70.99970703125018,26.900195312499818,55.309529763318096,77.45088633965952,1455.0,2026-04
2026-04-14 09:15:00+00:00,2026-04-14 22:55:00+00:00,HTF,buy,4809.30009765625,4858.287754207886,4728.7383804144265,4889.861814898073,0.02,stop_loss,RANGING,152,97.97531310327213,161.12343448364663,0.6080761213739906,81.05586901032433,trail,8023.377836976257,1.0,65.30000000000018,36.00029296874982,48.987656551636064,80.56171724182332,820.0,2026-04
2026-04-15 08:00:00+00:00,2026-04-17 13:10:00+00:00,HTF,buy,4834.2,4906.554852829663,4761.8451471703365,4906.554852829663,0.02,take_profit,RANGING,614,144.70970565932657,144.70970565932657,1.0,115.40372490159727,locked,8168.087542635583,1.0,83.50019531250018,48.30009765624982,72.35485282966329,72.35485282966329,3190.0,2026-04
2026-04-17 14:00:00+00:00,2026-04-19 23:40:00+00:00,HTF,buy,4898.9001953125,4765.670511553852,4765.870511553851,5031.929879071148,0.02,stop_loss,RANGING,102,-266.4593675172964,266.0593675172968,-1.001503423855105,5.487497071138156,raw,7901.628175118287,1.0,7.300000000000182,146.90019531249982,-133.2296837586482,133.0296837586484,3460.0,2026-04
2026-04-20 14:20:00+00:00,2026-04-21 17:10:00+00:00,HTF,buy,4845.9001953125,4722.971218481687,4723.171218481687,4968.629172143313,0.02,stop_loss,RANGING,309,-245.85795366162532,245.45795366162565,-1.0016296070020656,7.251432876580301,raw,7655.770221456662,1.0,8.899609375000182,127.80009765624982,-122.92897683081264,122.72897683081283,1610.0,2026-04
2026-04-22 06:15:00+00:00,2026-04-23 10:10:00+00:00,HTF,buy,4781.9998046875,4702.299967298217,4702.499967298217,4861.499642076783,0.02,stop_loss,RANGING,323,-159.3996747785659,158.99967477856626,-1.0025157284161537,11.069205031086584,raw,7496.370546678096,1.0,8.800000000000182,81.09990234374982,-79.69983738928295,79.49983738928313,1675.0,2026-04
2026-04-23 12:25:00+00:00,2026-04-24 04:25:00+00:00,HTF,buy,4750.80009765625,4675.319549975146,4675.519549975146,4863.720919177906,0.02,stop_loss,WEAK,180,-150.96109536220683,150.5610953622072,-1.0026567288118975,9.652867831961151,raw,7345.409451315889,1.5,10.900097656250182,77.69999999999982,-75.48054768110342,75.2805476811036,960.0,2026-04
2026-04-24 06:50:00+00:00,2026-04-24 11:25:00+00:00,HTF,sell,4689.5998046875,4732.744592407661,4732.544592407661,4625.182623107259,0.02,stop_loss,WEAK,55,-86.28957544032164,85.889575440322,-1.0046571425920898,5.277488538931915,raw,7259.119875875567,1.5,3.399609375000182,43.80009765624982,-43.14478772016082,42.944787720161,275.0,2026-04
2026-04-24 17:45:00+00:00,2026-04-28 05:05:00+00:00,HTF,buy,4739.4001953125,4672.395859911432,4672.595859911432,4839.606698414102,0.02,stop_loss,WEAK,398,-134.00867080213538,133.60867080213575,-1.0029938176736448,6.386421217105504,raw,7125.111205073432,1.5,6.399609375000182,78.40019531249982,-67.00433540106769,66.80433540106787,5000.0,2026-04
2026-04-28 06:25:00+00:00,2026-04-28 12:10:00+00:00,HTF,sell,4644.8,4586.914447577297,4707.181491924325,4551.227762113513,0.02,stop_loss,WEAK,69,115.77110484540572,124.76298384865004,0.9279283107387655,82.50299884609083,trail,7240.882309918838,1.5,77.19990234375018,8.499804687499818,57.88555242270286,62.38149192432502,345.0,2026-04
2026-04-28 16:45:00+00:00,2026-04-29 13:35:00+00:00,HTF,buy,4600.7,4541.514926328473,4541.714926328473,4689.17761050729,0.02,stop_loss,WEAK,238,-118.37014734305376,117.97014734305414,-1.0033906883140227,26.673193989066363,raw,7122.512162575784,1.5,23.599804687500182,63.99980468749982,-59.18507367152688,58.98507367152706,1250.0,2026-04
2026-04-29 17:35:00+00:00,2026-04-30 08:00:00+00:00,HTF,sell,4559.0001953125,4622.5435890945555,4622.343589094556,4463.985104639417,0.02,stop_loss,WEAK,161,-127.08678756411065,126.686787564111,-1.003157393187488,28.416744246868404,raw,6995.425375011673,1.5,27.000195312500182,80.19999999999982,-63.54339378205532,63.3433937820555,865.0,2026-04
2026-04-30 09:30:00+00:00,2026-05-04 15:20:00+00:00,HTF,buy,4636.59990234375,4525.216245888273,4525.416245888273,4803.375387026965,0.02,stop_loss,WEAK,620,-222.76731291095348,222.36731291095384,-1.0017988255322392,21.825808346707003,raw,6772.65806210072,1.5,36.40009765625018,112.30009765624982,-111.38365645547674,111.18365645547692,6110.0,2026-04
2026-05-05 08:55:00+00:00,2026-05-05 16:05:00+00:00,HTF,buy,4568.4001953125,4573.943758697768,4530.109772744044,4625.835829165184,0.02,stop_loss,WEAK,86,11.087126770536997,76.5808451369121,0.14477676174394924,50.66507102914177,locked,6783.745188871257,1.5,29.099804687500182,18.400195312499818,5.543563385268499,38.29042256845605,430.0,2026-05
2026-05-05 16:35:00+00:00,2026-05-06 00:40:00+00:00,HTF,sell,4567.0001953125,4621.538269220778,4621.338269220778,4485.493084450083,0.02,stop_loss,WEAK,85,-109.07614781655501,108.67614781655539,-1.003680660458032,13.373186144027867,raw,6674.669041054702,1.5,10.900097656250182,55.29960937499982,-54.53807390827751,54.33807390827769,485.0,2026-05
2026-05-06 12:55:00+00:00,2026-05-07 08:00:00+00:00,HTF,sell,4694.19990234375,4761.190100553225,4760.990100553226,4594.014605029537,0.02,stop_loss,WEAK,217,-133.98039641895048,133.58039641895084,-1.002994451362048,14.672714198418344,raw,6540.688644635751,1.5,14.699902343750182,67.69999999999982,-66.99019820947524,66.79019820947542,1145.0,2026-05
2026-05-07 10:45:00+00:00,2026-05-07 22:00:00+00:00,HTF,buy,4745.59990234375,4682.3,4689.574577618062,4829.637889432282,0.02,stop_gap,WEAK,122,-126.59980468749927,112.05064945137566,-1.129844452552122,35.22251542932255,raw,6414.088839948252,1.5,29.600292968750182,74.59990234374982,-63.299902343749636,56.025324725687824,675.0,2026-05
2026-05-08 09:55:00+00:00,2026-05-11 13:00:00+00:00,HTF,sell,4721.40009765625,4712.553770517279,4781.708945249391,4630.936826266539,0.02,stop_loss,WEAK,311,17.692654277941983,120.61769518628171,0.14668373699744044,73.28941235651695,locked,6431.781494226194,1.5,66.30000000000018,38.99980468749982,8.846327138970992,60.308847593140854,4505.0,2026-05
2026-05-12 07:40:00+00:00,2026-05-12 15:20:00+00:00,HTF,buy,4708.30009765625,4659.751206883237,4659.951206883236,4780.82343381577,0.02,stop_loss,WEAK,92,-97.09778154602645,96.69778154602682,-1.0041365995538298,15.856560991562466,raw,6334.683712680167,1.5,11.499707031250182,62.59990234374982,-48.54889077301323,48.34889077301341,460.0,2026-05
2026-05-14 12:55:00+00:00,2026-05-14 19:45:00+00:00,HTF,buy,4711.9998046875,4659.626449744198,4659.826449744198,4764.173159630802,0.02,stop_loss,RANGING,82,-104.74670988660364,104.34670988660399,-1.0038333743386287,6.13414764773728,raw,6229.937002793564,1.0,3.200390625000182,53.99980468749982,-52.37335494330182,52.173354943302,410.0,2026-05
2026-05-15 09:00:00+00:00,2026-05-18 03:40:00+00:00,HTF,sell,4561.69990234375,4550.648159174797,4636.711523470101,4449.182470654223,0.02,stop_loss,WEAK,210,22.10348633790636,150.0232422527024,0.14733374646492955,69.50025535556973,locked,6252.04048913147,1.5,78.19990234375018,15.300097656249818,11.05174316895318,75.0116211263512,4000.0,2026-05
2026-05-18 06:20:00+00:00,2026-05-19 13:30:00+00:00,HTF,sell,4546.69990234375,4473.018847135336,4595.820605816027,4473.018847135336,0.02,take_profit,WEAK,362,147.36211041682873,98.24140694455309,1.4999999999999907,108.0329325663755,locked,6399.402599548299,1.5,79.59980468750018,46.50029296874982,73.68105520841436,49.120703472276546,1870.0,2026-05
2026-05-20 06:50:00+00:00,2026-05-20 15:25:00+00:00,HTF,buy,4477.09990234375,4538.211974241263,4437.124046138777,4577.039542856182,0.02,stop_loss,STRONG,103,122.22414379502698,79.95171240994569,1.5287245277290993,81.34910190104837,trail,6521.626743343326,2.5,81.30000000000018,7.999804687499818,61.11207189751349,39.97585620497284,515.0,2026-05
2026-05-21 08:50:00+00:00,2026-05-21 13:35:00+00:00,HTF,buy,4533.7,4489.125425880524,4489.325425880524,4644.63643529869,0.02,stop_loss,STRONG,57,-89.14914823895197,88.74914823895233,-1.004507085509403,9.465055627782675,raw,6432.477595104374,2.5,10.500195312500182,45.40019531249982,-44.57457411947598,44.374574119476165,285.0,2026-05
2026-05-22 14:55:00+00:00,2026-05-27 12:20:00+00:00,HTF,sell,4501.19990234375,4492.3852317168785,4561.297706522895,4411.053196075032,0.02,stop_loss,WEAK,449,17.629341253743405,120.19560835828997,0.1466720913894979,52.026412941195964,locked,6450.106936358117,1.5,46.90009765625018,42.40019531249982,8.814670626871703,60.09780417914499,7045.0,2026-05
2026-05-28 09:25:00+00:00,2026-05-28 23:40:00+00:00,HTF,buy,4426.4001953125,4521.032716088952,4374.665432177902,4555.737103148993,0.02,stop_loss,STRONG,159,189.26504155290422,103.46952626919483,1.8291863157901846,93.3220875330793,trail,6639.3719779110215,2.5,120.69990234375018,20.900195312499818,94.63252077645211,51.734763134597415,855.0,2026-05
2026-05-29 06:50:00+00:00,2026-05-29 15:35:00+00:00,HTF,buy,4552.9001953125,4608.827949855541,4492.65970264347,4643.260934316044,0.02,stop_loss,WEAK,105,111.85550908608275,120.48098533805933,0.9284079871377693,82.11520087373343,trail,6751.227486997104,1.5,74.19990234375018,12.900195312499818,55.927754543041374,60.24049266902966,525.0,2026-05
2026-05-29 16:40:00+00:00,2026-06-01 13:10:00+00:00,HTF,buy,4600.7,4512.8290564639165,4513.029056463916,4732.206415304125,0.02,stop_loss,WEAK,232,-175.74188707216672,175.34188707216708,-1.002281257528813,0.0,raw,6575.485599924938,1.5,0.0,98.80009765624982,-87.87094353608336,87.67094353608354,4110.0,2026-05
2026-06-01 13:50:00+00:00,2026-06-02 06:30:00+00:00,HTF,sell,4484.0998046875,4566.056019626774,4565.8560196267745,4361.465482278589,0.02,stop_loss,WEAK,188,-163.9124298785482,163.51242987854857,-1.0024462972038073,6.604843186145085,raw,6411.573170046389,1.5,8.099804687500182,83.60039062499982,-81.9562149392741,81.75621493927429,1000.0,2026-06
2026-06-02 15:35:00+00:00,2026-06-03 07:30:00+00:00,HTF,buy,4534.30009765625,4482.879900350885,4483.079900350885,4585.520294961615,0.02,stop_loss,RANGING,179,-102.84039461073007,102.44039461073045,-1.0039047096755105,4.490416126841552,raw,6308.732775435659,1.0,2.300000000000182,51.80009765624982,-51.420197305365036,51.22019730536522,955.0,2026-06
2026-06-03 08:25:00+00:00,2026-06-05 14:50:00+00:00,HTF,sell,4485.19990234375,4384.691697424633,4560.6588777481675,4409.740926939333,0.02,stop_loss,RANGING,629,201.01640983823384,150.91795080883458,1.331958251227902,153.4608698029332,trail,6509.749185273893,1.0,115.80000000000018,58.00029296874982,100.5082049191169,75.45897540441729,3265.0,2026-06
2026-06-08 15:45:00+00:00,2026-06-09 14:45:00+00:00,HTF,buy,4360.2,4305.696892161005,4305.896892161005,4495.957769597488,0.02,stop_loss,STRONG,263,-109.00621567798953,108.6062156779899,-1.003683030455509,20.919684921499858,raw,6400.742969595904,2.5,28.400097656250182,58.09990234374982,-54.503107838994765,54.30310783899495,1380.0,2026-06
2026-06-10 06:05:00+00:00,2026-06-10 11:55:00+00:00,HTF,buy,4237.09990234375,4171.121031119023,4171.321031119023,4401.547080405566,0.02,stop_loss,STRONG,70,-131.95774244945278,131.55774244945314,-1.0030404899974117,1.8244127675893613,raw,6268.785227146451,2.5,3.000195312500182,68.89970703124982,-65.97887122472639,65.77887122472657,350.0,2026-06
2026-06-10 17:15:00+00:00,2026-06-11 01:20:00+00:00,HTF,sell,4136.3,4123.107022256185,4189.871910975261,4002.370222561848,0.02,stop_loss,STRONG,85,26.38595548763078,107.14382195052168,0.24626670028455436,67.274097330396,locked,6295.171182634082,2.5,90.10004882812518,7.699999999999818,13.19297774381539,53.571910975260835,485.0,2026-06
2026-06-11 06:35:00+00:00,2026-06-11 17:30:00+00:00,HTF,sell,4109.19990234375,4169.713352571603,4169.513352571603,3958.4162767741186,0.02,stop_loss,STRONG,131,-121.0269004557049,120.62690045570525,-1.0033160099321836,24.14045515758991,raw,6174.144282178377,2.5,36.39985351562518,61.80009765624982,-60.513450227852445,60.31345022785263,655.0,2026-06
2026-06-12 06:00:00+00:00,2026-06-12 15:25:00+00:00,HTF,sell,4202.5001953125,4256.961636351786,4256.761636351786,4066.8465927142847,0.02,stop_loss,STRONG,113,-108.92288207857202,108.52288207857237,-1.003685858616527,8.403829635115162,raw,6065.221400099805,2.5,11.400097656250182,54.29960937499982,-54.461441039286,54.26144103928618,565.0,2026-06
2026-06-15 14:10:00+00:00,2026-06-17 18:10:00+00:00,HTF,buy,4379.2,4300.11217902383,4300.31217902383,4576.419552440424,0.02,stop_loss,STRONG,600,-158.175641952339,157.77564195233936,-1.0025352455870247,12.372047981206594,raw,5907.045758147466,2.5,24.400097656250182,83.09990234374982,-79.0878209761695,78.88782097616968,3120.0,2026-06
2026-06-18 06:55:00+00:00,2026-06-18 11:00:00+00:00,HTF,buy,4326.80009765625,4270.740993642119,4270.940993642119,4410.588753677446,0.02,stop_loss,WEAK,49,-112.1182080282615,111.71820802826187,-1.0035804369498877,3.461205602243496,raw,5794.927550119204,1.5,2.900097656250182,58.50029296874982,-56.05910401413075,55.859104014130935,245.0,2026-06
2026-06-18 11:40:00+00:00,2026-06-24 06:10:00+00:00,HTF,sell,4262.40009765625,4112.309854845801,4406.099613808922,4046.850823427242,0.02,stop_loss,WEAK,834,300.18048562089825,287.399032305344,1.0444728474310754,90.6521714606422,trail,6095.108035740102,1.5,195.40009765625018,33.80009765624982,150.09024281044913,143.699516152672,8310.0,2026-06
2026-06-24 10:05:00+00:00,2026-06-24 13:30:00+00:00,HTF,sell,4077.100048828125,3999.6316383102508,4133.872502049795,3991.9413689956205,0.02,stop_loss,WEAK,41,154.93682103574884,113.54490644333966,1.3645422405016845,113.67015105259067,trail,6250.044856775851,1.5,96.80000000000018,6.599902343749818,77.46841051787442,56.77245322166982,205.0,2026-06
2026-06-24 14:45:00+00:00,2026-07-02 12:30:00+00:00,HTF,sell,4028.19990234375,4136.305858371244,4136.105858371244,3866.3409683025097,0.02,stop_loss,WEAK,1627,-216.2119120549869,215.8119120549873,-1.0018534658082159,44.9774369460825,raw,6033.832944720864,1.5,72.80000000000018,113.19999999999982,-108.10595602749345,107.90595602749363,11385.0,2026-06
2026-07-02 15:55:00+00:00,2026-07-08 15:15:00+00:00,HTF,buy,4141.59990234375,4039.52685887788,4039.7268588778797,4294.409467542555,0.02,stop_loss,WEAK,892,-204.1460869317398,203.74608693174014,-1.0019632278883162,48.36091088938459,raw,5829.686857789125,1.5,73.90009765625018,103.49980468749982,-102.07304346586989,101.87304346587007,8600.0,2026-07
2026-07-09 06:55:00+00:00,2026-07-13 14:15:00+00:00,HTF,buy,4117.9001953125,4030.037480413781,4030.2374804137808,4249.394267660578,0.02,stop_loss,WEAK,638,-175.72542979743776,175.32542979743812,-1.0022814716636472,23.194739113801464,raw,5653.961427991687,1.5,30.499707031250182,103.30009765624982,-87.86271489871888,87.66271489871906,6200.0,2026-07
2026-07-13 16:15:00+00:00,2026-07-22 03:05:00+00:00,HTF,sell,4018.90009765625,4139.468270031201,4139.268270031202,3838.347839093823,0.02,stop_loss,WEAK,1771,-241.13634474990252,240.73634474990286,-1.0016615688022315,30.960619435797504,raw,5412.825083241784,1.5,55.90009765625018,126.09990234374982,-120.56817237495125,120.36817237495143,12170.0,2026-07
2026-07-22 09:00:00+00:00,2026-07-22 14:15:00+00:00,HTF,buy,4124.2,4158.033545467343,4088.9791359328087,4177.031296100787,0.02,stop_loss,WEAK,63,67.66709093468671,70.44172813438217,0.9606108868538508,84.41928928341382,trail,5480.492174176471,1.5,44.59980468750018,13.800097656249818,33.833545467343356,35.22086406719109,315.0,2026-07
2026-07-22 15:45:00+00:00,2026-07-22 22:00:00+00:00,HTF,buy,4169.59990234375,4086.130033489153,4086.330033489153,4294.504705625645,0.02,stop_loss,WEAK,63,-166.93973770919365,166.53973770919401,-1.0024018291700334,1.4410975020214336,raw,5313.552436467277,1.5,1.800000000000182,94.99980468749982,-83.46986885459683,83.26986885459701,375.0,2026-07
2026-07-23 07:40:00+00:00,2026-07-24 06:25:00+00:00,HTF,sell,4098.3,4041.172247113736,4154.874157045788,4013.4387644313188,0.02,stop_loss,WEAK,261,114.25550577252852,113.14831409157524,1.0097853131073362,87.55469974257724,trail,5427.807942239806,1.5,74.30000000000018,4.099902343749818,57.12775288626426,56.574157045787615,1365.0,2026-07
2026-07-24 08:55:00+00:00,2026-07-27 14:30:00+00:00,HTF,buy,4060.2,4068.075284684293,4006.3647687713815,4140.952846842927,0.02,stop_loss,WEAK,340,15.750569368586184,107.67046245723668,0.14628496069515642,73.18603244100542,locked,5443.558511608392,1.5,59.09980468750018,13.300097656249818,7.875284684293092,53.83523122861834,4655.0,2026-07
2026-07-28 16:45:00+00:00,2026-07-29 02:20:00+00:00,HTF,sell,4037.90009765625,4033.2891918615887,4086.009155602864,3989.791039709636,0.02,stop_loss,RANGING,102,9.221811589322897,96.21811589322806,0.09584277870870198,59.44836596023616,locked,5452.780323197715,1.0,28.600048828125182,3.999804687499818,4.6109057946614485,48.10905794661403,575.0,2026-07
2026-07-29 13:25:00+00:00,2026-07-29 18:00:00+00:00,HTF,buy,4072.7,4132.716197227281,4012.6838027727194,4132.716197227281,0.02,take_profit,RANGING,55,120.03239445456167,120.03239445456076,1.0000000000000075,127.79867083762122,locked,5572.812717652277,1.0,76.69990234375018,18.800097656249818,60.01619722728083,60.01619722728037,275.0,2026-07
2026-07-30 07:15:00+00:00,2026-07-30 14:05:00+00:00,HTF,buy,4107.30009765625,4163.597801788933,4025.2881300384133,4189.312065274086,0.02,stop_loss,RANGING,82,112.59540826536613,164.02393523567298,0.68645718140823,88.88958498831992,trail,5685.408125917643,1.0,72.90009765625018,14.300097656249818,56.297704132683066,82.01196761783649,410.0,2026-07
2026-07-30 14:35:00+00:00,2026-07-31 20:55:00+00:00,HTF,buy,4165.09990234375,4106.8,4029.704901518371,4300.4949031691285,0.02,open_at_window_end,RANGING,352,-116.59980468749926,270.7900016507574,-0.4305912477443686,9.749180001685827,raw,5568.8083212301435,1.0,13.199902343750182,88.69999999999982,-58.299902343749636,135.3950008253787,1820.0,2026-07
