entry_ts,exit_ts,path,side,entry,exit,sl0,tp0,lot,reason,regime,bars,pnl,risk_usd,r,max_fav_pct,stage,balance,rr,mfe_pts,mae_pts,pts,stop_pts,mins,month
2022-03-01 14:40:00+00:00,2022-03-01 21:15:00+00:00,HTF,buy,1921.517,1944.289990881441,1893.5769544072061,1949.457045592794,0.02,stop_loss,RANGING,79,45.54598176288209,55.880091185587844,0.8150663464670393,102.2224530920814,trail,1045.545981762882,1.0,28.560999999999922,3.6340000000000146,22.772990881441046,27.940045592793922,395.0,2022-03
2022-03-02 06:50:00+00:00,2022-03-06 23:15:00+00:00,HTF,buy,1938.368,1985.4834570357207,1909.9952851786043,1966.7407148213956,0.02,stop_loss,RANGING,737,94.23091407144148,56.74542964279136,1.6605903711473982,186.76393969899772,trail,1139.7768958343236,1.0,52.99000000000001,24.62999999999988,47.11545703572074,28.372714821395675,6745.0,2022-03
2022-03-07 08:20:00+00:00,2022-03-07 13:30:00+00:00,HTF,buy,1997.208,1964.3352495742395,1964.5352495742395,2046.217125638641,0.02,stop_loss,WEAK,62,-65.74550085152123,65.34550085152114,-1.0061213089621728,10.834716863043397,raw,1074.0313949828023,1.5,5.309999999999945,33.721000000000004,-32.872750425760614,32.67275042576057,310.0,2022-03
2022-03-07 17:05:00+00:00,2022-03-08 15:10:00+00:00,HTF,buy,1983.848,2048.358,1938.1843919975474,2052.3434120036786,0.02,stop_gap,WEAK,253,129.02000000000044,91.32721600490504,1.4127223586129132,116.1391656359813,trail,1203.0513949828028,1.5,79.55000000000018,4.649999999999864,64.51000000000022,45.66360800245252,1325.0,2022-03
2022-03-08 16:15:00+00:00,2022-03-09 10:00:00+00:00,HTF,buy,2059.048,2011.3955132328056,2011.5955132328056,2130.226730150791,0.02,stop_loss,WEAK,201,-95.30497353438841,94.90497353438832,-1.0042147422321883,15.88957821534653,raw,1107.7464214484144,1.5,11.3100000000004,48.85999999999967,-47.652486767194205,47.45248676719416,1065.0,2022-03
2022-03-09 17:15:00+00:00,2022-04-12 14:50:00+00:00,HTF,sell,1993.348,1978.2644812810993,2054.482074875603,1840.5128128109927,0.02,stop_loss,STRONG,6607,30.16703743780135,122.26814975120578,0.2467285020603156,67.6218624132607,locked,1137.9134588862157,2.5,103.34999999999991,15.713999999999942,15.083518718900677,61.13407487560289,48815.0,2022-03
2022-04-12 16:55:00+00:00,2022-04-18 17:40:00+00:00,HTF,buy,1974.118,1978.3051112835255,1944.8705914431623,2017.9891128352565,0.02,stop_loss,WEAK,837,8.37422256705122,58.49481711367525,0.14316178732172574,55.04761206009846,locked,1146.287681453267,1.5,24.15000000000009,13.705999999999904,4.18711128352561,29.247408556837627,8685.0,2022-04
2022-04-19 15:35:00+00:00,2022-04-22 12:15:00+00:00,HTF,buy,1953.728,1929.8661204770553,1930.0661204770554,1989.220819284417,0.02,stop_loss,WEAK,788,-47.72375904588944,47.32375904588935,-1.00845241392621,12.622271463137743,raw,1098.5639224073775,1.5,4.480000000000018,24.180000000000064,-23.86187952294472,23.661879522944673,4120.0,2022-04
2022-04-22 14:45:00+00:00,2022-04-25 13:15:00+00:00,HTF,sell,1933.408,1898.5373680151972,1956.6225600506573,1898.5861599240138,0.02,stop_loss,WEAK,258,69.74126396960537,46.429120101314766,1.5021017804649384,120.71447088457607,trail,1168.3051863769829,1.5,42.034999999999854,7.310000000000173,34.870631984802685,23.214560050657383,4230.0,2022-04
2022-04-25 13:55:00+00:00,2022-05-04 19:10:00+00:00,HTF,sell,1896.463,1889.4123889265343,1925.465444293863,1823.9568892653426,0.02,stop_loss,STRONG,1995,14.101222146931377,58.00488858772588,0.24310402950959664,63.6567035968987,locked,1182.4064085239143,2.5,46.15499999999997,23.375,7.050611073465689,29.002444293862936,13275.0,2022-04
2022-05-05 11:40:00+00:00,2022-05-05 16:00:00+00:00,HTF,buy,1897.1680000000001,1873.8756144592294,1874.0756144592294,1931.806578311156,0.02,stop_loss,WEAK,52,-46.584771081541476,46.184771081541385,-1.0086608635407952,35.985888011995456,raw,1135.8216374423728,1.5,12.464999999999918,24.535000000000082,-23.292385540770738,23.092385540770692,260.0,2022-05
2022-05-09 10:10:00+00:00,2022-05-10 02:30:00+00:00,HTF,sell,1862.243,1860.3095129246385,1883.5778707536138,1840.9081292463861,0.02,stop_loss,RANGING,184,3.8669741507228537,42.66974150722763,0.09062567557546242,50.082328238103166,locked,1139.6886115930956,1.0,10.684999999999945,9.205000000000155,1.9334870753614268,21.334870753613814,980.0,2022-05
2022-05-10 07:00:00+00:00,2022-05-10 16:35:00+00:00,HTF,sell,1860.088,1846.2003399700575,1880.4996998502877,1839.6763001497122,0.02,stop_loss,RANGING,115,27.77532005988496,40.823399700575465,0.6803774370485226,91.98156027037211,trail,1167.4639316529806,1.0,18.774999999999864,4.884999999999991,13.88766002994248,20.411699850287732,575.0,2022-05
2022-05-11 15:15:00+00:00,2022-05-12 22:25:00+00:00,HTF,buy,1849.474,1819.9846639999384,1820.1846639999385,1893.4080040000922,0.02,stop_loss,WEAK,350,-58.97867200012297,58.57867200012288,-1.006828423833153,21.017888558440422,raw,1108.4852596528576,1.5,9.234000000000151,31.576000000000022,-29.489336000061485,29.28933600006144,1870.0,2022-05
2022-05-13 09:10:00+00:00,2022-05-13 13:20:00+00:00,HTF,buy,1823.048,1800.4258713766644,1800.6258713766645,1879.1033215583388,0.02,stop_loss,STRONG,50,-45.24425724667117,44.84425724667108,-1.0089197597319952,2.633113072884182,raw,1063.2410024061865,2.5,1.4759999999998854,24.079999999999927,-22.622128623335584,22.42212862333554,250.0,2022-05
2022-05-13 17:20:00+00:00,2022-05-19 12:35:00+00:00,HTF,sell,1811.273,1839.7399468228919,1839.5399468228918,1740.6056329427702,0.02,stop_loss,STRONG,1047,-56.93389364578388,56.53389364578379,-1.0070754015724852,34.86050354762675,raw,1006.3071087604026,2.5,24.63499999999999,29.845000000000027,-28.46694682289194,28.266946822891896,8355.0,2022-05
2022-05-19 13:10:00+00:00,2022-05-22 22:15:00+00:00,HTF,buy,1840.6380000000001,1843.436325747012,1820.6491616865878,1870.6212574701185,0.02,stop_loss,WEAK,373,5.5966514940237175,39.97767662682463,0.13999441604038637,57.43205192818505,locked,1011.9037602544263,1.5,17.2199999999998,8.460000000000036,2.7983257470118588,19.988838313412316,4865.0,2022-05
2022-05-23 08:05:00+00:00,2022-05-31 19:45:00+00:00,HTF,buy,1857.8780000000002,1837.8599829725676,1838.0599829725677,1887.6050255411487,0.02,stop_loss,WEAK,1766,-40.03603405486501,39.63603405486492,-1.0100918270341175,39.34130572132603,raw,971.8677261995613,1.5,11.694999999999936,20.34400000000005,-20.018017027432506,19.81801702743246,12220.0,2022-05
2022-06-01 09:35:00+00:00,2022-06-01 13:00:00+00:00,HTF,sell,1829.4279999999999,1846.1344541404746,1845.9344541404746,1804.6683187892877,0.02,stop_loss,WEAK,41,-33.41290828094952,33.01290828094943,-1.0121164726414278,2.673701629540348,raw,938.4548179186118,1.5,0.6619999999998072,17.27000000000021,-16.70645414047476,16.506454140474716,205.0,2022-06
2022-06-02 12:25:00+00:00,2022-06-03 03:10:00+00:00,HTF,buy,1855.8980000000001,1869.2594185747212,1840.8860619157376,1878.415907126394,0.02,stop_loss,WEAK,165,26.722837149442057,30.02387616852502,0.8900528699041349,80.22504000305346,trail,965.1776550680538,1.5,18.064999999999827,5.150000000000091,13.361418574721029,15.01193808426251,885.0,2022-06
2022-06-03 06:10:00+00:00,2022-06-03 15:20:00+00:00,HTF,buy,1867.6280000000002,1853.3364327196311,1853.5364327196312,1888.7653509205536,0.02,stop_loss,WEAK,110,-28.583134560738017,28.183134560737926,-1.0141928854343027,2.2708616694869295,raw,936.5945205073158,1.5,0.4799999999997908,14.924000000000206,-14.291567280369009,14.091567280368963,550.0,2022-06
2022-06-03 16:20:00+00:00,2022-06-10 12:35:00+00:00,HTF,sell,1849.638,1830.3770791142438,1867.0682637141456,1823.4926044287813,0.02,stop_loss,WEAK,1335,38.5218417715123,34.860527428291334,1.1050275085697527,94.43345361804005,trail,975.1163622788281,1.5,24.689999999999827,9.935000000000173,19.26092088575615,17.430263714145667,9855.0,2022-06
2022-06-10 17:05:00+00:00,2022-06-13 13:10:00+00:00,HTF,buy,1872.498,1840.5922438061418,1840.7922438061419,1904.2037561938582,0.02,stop_loss,RANGING,229,-63.81151238771645,63.411512387716364,-1.0063080028363678,19.75981888491745,raw,911.3048498911116,1.0,6.264999999999873,31.910000000000082,-31.905756193858224,31.70575619385818,4085.0,2022-06
2022-06-13 14:55:00+00:00,2022-06-14 00:55:00+00:00,HTF,sell,1827.103,1824.2881559432312,1857.2514405676889,1796.9545594323113,0.02,stop_loss,RANGING,108,5.629688113537668,60.29688113537759,0.09336615771051214,59.538734548140205,locked,916.9345380046493,1.0,17.950000000000045,6.339999999999918,2.814844056768834,30.148440567688795,600.0,2022-06
2022-06-14 11:55:00+00:00,2022-06-15 18:40:00+00:00,HTF,sell,1816.858,1839.3922859633083,1839.1922859633082,1783.3565710550374,0.02,stop_loss,WEAK,357,-45.06857192661664,44.66857192661655,-1.0089548419111591,35.50594817773761,raw,871.8659660780327,1.5,11.894999999999982,23.059999999999945,-22.53428596330832,22.334285963308275,1845.0,2022-06
2022-06-16 16:45:00+00:00,2022-06-23 18:20:00+00:00,HTF,buy,1851.208,1822.7337073521644,1822.9337073521644,1893.6194389717534,0.02,stop_loss,WEAK,1369,-56.948585295671364,56.54858529567127,-1.0070735633421888,14.642276118326858,raw,814.9173807823613,1.5,6.209999999999809,28.6400000000001,-28.474292647835682,28.274292647835637,10175.0,2022-06
2022-06-24 06:10:00+00:00,2022-06-27 07:20:00+00:00,HTF,sell,1823.228,1840.5136197445522,1840.3136197445522,1806.142380255448,0.02,stop_loss,RANGING,290,-34.5712394891043,34.17123948910421,-1.0117057503906943,37.048699986540015,raw,780.346141293257,1.0,6.330000000000155,17.720000000000027,-17.28561974455215,17.085619744552105,4390.0,2022-06
2022-06-27 17:05:00+00:00,2022-06-29 10:35:00+00:00,HTF,sell,1822.9379999999999,1821.1558031328293,1842.759968671707,1803.1160313282928,0.02,stop_loss,RANGING,474,3.5643937343411385,39.64393734341411,0.08991018484023705,55.29218707546237,locked,783.9105350275981,1.0,10.959999999999809,6.47400000000016,1.782196867170569,19.821968671707054,2490.0,2022-06
2022-06-30 07:30:00+00:00,2022-06-30 11:50:00+00:00,HTF,sell,1816.463,1805.9283524152754,1830.209762076377,1802.7162379236229,0.02,stop_loss,RANGING,52,21.069295169449106,27.493524152754162,0.7663366490373512,100.64188150731572,trail,804.9798301970472,1.0,13.835000000000036,0.5,10.534647584724553,13.746762076377081,260.0,2022-06
2022-06-30 13:45:00+00:00,2022-07-01 01:00:00+00:00,HTF,sell,1816.918,1806.8630702101218,1833.763351050608,1800.0726489493918,0.02,stop_loss,RANGING,123,20.109859579756176,33.690702101216175,0.5968964232131644,80.87691351203983,trail,825.0896897768034,1.0,13.623999999999796,1.8950000000002092,10.054929789878088,16.845351050608087,675.0,2022-06
2022-07-01 06:40:00+00:00,2022-07-01 13:05:00+00:00,HTF,sell,1796.358,1794.6927953998759,1815.0100460012418,1777.705953998758,0.02,stop_loss,RANGING,77,3.330409200248141,37.304092002483685,0.08927731574397801,64.12701319310308,locked,828.4200989770516,1.0,11.961000000000013,2.0779999999999745,1.6652046001240706,18.652046001241843,385.0,2022-07
2022-07-01 17:00:00+00:00,2022-07-05 14:10:00+00:00,HTF,sell,1799.284,1771.3210981707882,1823.849490853941,1774.7185091460592,0.02,stop_loss,RANGING,488,55.92580365842378,49.1309817078818,1.1383001461469255,134.64416484352003,trail,884.3459026354753,1.0,33.07600000000002,14.913999999999987,27.962901829211887,24.5654908539409,5590.0,2022-07
2022-07-05 14:50:00+00:00,2022-07-06 12:50:00+00:00,HTF,sell,1768.538,1767.1051381922327,1784.866618077672,1752.209381922328,0.02,stop_loss,RANGING,252,2.8657236155345345,32.65723615534398,0.08775156605117644,55.730374467165674,locked,887.2116262510099,1.0,9.099999999999909,4.246000000000095,1.4328618077672672,16.32861807767199,1320.0,2022-07
2022-07-06 13:40:00+00:00,2022-07-06 17:25:00+00:00,HTF,sell,1763.9969999999998,1738.5246318500367,1782.9991061667884,1735.493840749817,0.02,stop_loss,WEAK,45,50.94473629992626,38.004212333577016,1.3405023593902035,111.80865854298439,trail,938.1563625509361,1.5,31.868999999999915,0.0,25.47236814996313,19.002106166788508,225.0,2022-07
2022-07-07 06:40:00+00:00,2022-07-13 14:50:00+00:00,HTF,sell,1744.4289999999999,1739.1576406443642,1766.3144374225428,1689.7154064436425,0.02,stop_loss,STRONG,1202,10.542718711271391,43.77087484508593,0.2408615031932587,68.50399976267815,locked,948.6990812622075,2.5,37.48099999999977,7.958000000000084,5.2713593556356955,21.885437422542964,9130.0,2022-07
2022-07-14 08:00:00+00:00,2022-07-14 15:50:00+00:00,HTF,sell,1717.084,1713.8258126119083,1740.138582587279,1682.5021261190818,0.02,stop_loss,WEAK,94,6.516374776183512,46.1091651745578,0.14132493510811012,56.81010828866717,locked,955.215456038391,1.5,19.645999999999958,1.683999999999969,3.2581873880917556,23.0545825872789,470.0,2022-07
2022-07-15 06:05:00+00:00,2022-07-22 11:35:00+00:00,HTF,sell,1706.2079999999999,1727.3224285478477,1727.1224285478477,1653.9219286303803,0.02,stop_loss,STRONG,1446,-42.22885709569573,41.82885709569564,-1.009562776221329,48.693656518996306,raw,912.9865989426953,2.5,25.45999999999981,22.2650000000001,-21.114428547847865,20.91442854784782,10410.0,2022-07
2022-07-22 15:25:00+00:00,2022-07-28 13:50:00+00:00,HTF,buy,1732.368,1748.9657426813226,1709.2217134066127,1755.5142865933872,0.02,stop_loss,RANGING,1085,33.195485362645286,46.29257318677446,0.7170801508205868,96.758501237941,trail,946.1820843053406,1.0,22.395999999999958,21.052999999999884,16.597742681322643,23.14628659338723,8545.0,2022-07
2022-07-28 15:30:00+00:00,2022-07-29 09:50:00+00:00,HTF,buy,1755.18,1757.3662041336036,1731.3179586639646,1779.0420413360355,0.02,stop_loss,RANGING,208,4.372408267206993,47.724082672070836,0.0916184874050145,52.82029237358679,locked,950.5544925725476,1.0,12.604000000000042,4.942000000000007,2.1862041336034963,23.862041336035418,1100.0,2022-07
2022-07-29 10:45:00+00:00,2022-08-02 13:00:00+00:00,HTF,buy,1762.7540000000001,1782.2574182592787,1744.5187275309288,1790.1069087036071,0.02,stop_loss,WEAK,579,39.006836518557066,36.470544938142666,1.0695435613785365,92.03408775564812,trail,989.5613290911047,1.5,25.173999999999978,10.826000000000022,19.503418259278533,18.235272469071333,5895.0,2022-07
2022-08-03 06:30:00+00:00,2022-08-05 12:45:00+00:00,HTF,buy,1767.574,1772.8093424883343,1745.8326300466626,1821.9274248833435,0.02,stop_loss,STRONG,627,10.470684976668508,43.48273990667485,0.2408009476666211,50.27098119142305,locked,1000.0320140677732,2.5,27.32399999999984,13.375999999999976,5.235342488334254,21.741369953337426,3255.0,2022-08
2022-08-05 15:00:00+00:00,2022-08-10 12:50:00+00:00,HTF,buy,1776.027,1799.9661744732928,1753.3475815776426,1810.0461276335363,0.02,stop_loss,WEAK,802,47.87834894658545,45.358836844714915,1.055546223782061,93.303391967963,trail,1047.9103630143586,1.5,31.740999999999985,5.461999999999989,23.939174473292724,22.679418422357458,7070.0,2022-08
2022-08-10 13:20:00+00:00,2022-08-11 05:25:00+00:00,HTF,buy,1797.318,1783.408538941332,1783.608538941332,1811.027461058668,0.02,stop_loss,RANGING,181,-27.818922117336115,27.418922117336024,-1.014588465523493,36.835875446810626,raw,1020.0914408970225,1.0,5.0499999999999545,13.940000000000055,-13.909461058668057,13.709461058668012,965.0,2022-08
2022-08-11 09:45:00+00:00,2022-08-17 12:30:00+00:00,HTF,sell,1788.9279999999999,1770.5506455230422,1804.5701517434745,1765.464772384788,0.02,stop_loss,WEAK,1137,36.75470895391527,31.284303486949284,1.1748610279672056,99.8157644126331,trail,1056.8461498509378,1.5,23.419999999999845,13.620000000000118,18.377354476957635,15.642151743474642,8805.0,2022-08
2022-08-17 14:20:00+00:00,2022-08-19 15:40:00+00:00,HTF,sell,1768.6779999999999,1750.5227012689768,1784.4836708965893,1744.969493655116,0.02,stop_loss,WEAK,568,36.31059746204619,31.61134179317878,1.1486572667371377,97.42073019705035,trail,1093.156747312984,1.5,23.09699999999998,3.616000000000213,18.155298731023095,15.80567089658939,2960.0,2022-08
2022-08-22 07:05:00+00:00,2022-08-22 14:15:00+00:00,HTF,sell,1740.7179999999998,1739.0359786044537,1753.2648093036414,1721.8977860445375,0.02,stop_loss,WEAK,86,3.364042791092288,25.093618607283137,0.13405969237596976,69.34033816449968,locked,1096.5207901040762,1.5,13.049999999999955,0.20000000000004547,1.682021395546144,12.546809303641567,430.0,2022-08
2022-08-22 15:10:00+00:00,2022-08-23 14:05:00+00:00,HTF,sell,1735.834,1753.2399584961913,1753.0399584961913,1710.0250622557132,0.02,stop_loss,WEAK,263,-34.81191699238252,34.41191699238243,-1.0116238801833863,19.93882914123073,raw,1061.7088731116937,1.5,5.145999999999958,17.419999999999845,-17.40595849619126,17.205958496191215,1375.0,2022-08
2022-08-24 06:35:00+00:00,2022-08-25 06:15:00+00:00,HTF,sell,1745.479,1759.3343356381106,1759.1343356381105,1724.9959965428343,0.02,stop_loss,WEAK,272,-27.710671276221095,27.310671276221,-1.0146462895750339,15.251669544131854,raw,1033.9982018354726,1.5,3.1240000000000236,13.784999999999854,-13.855335638110546,13.6553356381105,1420.0,2022-08
2022-08-25 08:00:00+00:00,2022-08-26 10:05:00+00:00,HTF,buy,1762.0040000000001,1747.7075604813801,1747.9075604813802,1783.1486592779302,0.02,stop_loss,WEAK,301,-28.59287903723998,28.192879037239894,-1.0141879798608624,15.90945475064248,raw,1005.4053227982326,1.5,3.3639999999998054,14.426000000000158,-14.29643951861999,14.096439518619945,1565.0,2022-08
2022-08-26 15:10:00+00:00,2022-08-29 12:45:00+00:00,HTF,sell,1736.308,1734.078355006422,1752.50563329052,1712.0115500642198,0.02,stop_loss,WEAK,247,4.459289987155898,32.39526658104023,0.13765251710463647,66.26482487176136,locked,1009.8646127853885,1.5,16.09999999999991,3.155999999999949,2.229644993577949,16.197633290520116,4175.0,2022-08
2022-08-30 07:00:00+00:00,2022-08-31 11:25:00+00:00,HTF,sell,1732.088,1714.7478919897749,1746.9076399659157,1709.8585400511265,0.02,stop_loss,WEAK,329,34.68021602045019,29.639279931831425,1.170076199563978,101.35198989007266,trail,1044.5448288058387,1.5,22.529999999999973,5.75,17.340108010225094,14.819639965915712,1705.0,2022-08
2022-08-31 12:25:00+00:00,2022-09-01 14:25:00+00:00,HTF,sell,1711.984,1695.523557896652,1726.9158596555058,1689.5862105167412,0.02,stop_loss,WEAK,300,32.92088420669597,29.863719311011668,1.102370534086725,94.4736087273966,trail,1077.4657130125347,1.5,21.159999999999854,11.403999999999996,16.460442103347987,14.931859655505832,1560.0,2022-08
2022-09-02 08:55:00+00:00,2022-09-06 12:55:00+00:00,HTF,buy,1704.634,1708.1998766888676,1689.5704932445299,1742.2927668886755,0.02,stop_loss,STRONG,570,7.1317533777350945,30.127013510940287,0.23672287912458626,58.23876300791804,locked,1084.5974663902698,2.5,21.932000000000016,0.5360000000000582,3.5658766888675473,15.063506755470144,6000.0,2022-09
2022-09-06 16:55:00+00:00,2022-09-08 07:00:00+00:00,HTF,sell,1701.248,1720.2865033404528,1720.0865033404527,1672.9902449893211,0.02,stop_loss,WEAK,433,-38.07700668090547,37.67700668090538,-1.0106165546373622,35.49468100423945,raw,1046.5204597093643,1.5,10.029999999999973,21.480000000000018,-19.038503340452735,18.83850334045269,2285.0,2022-09
2022-09-08 10:20:00+00:00,2022-09-08 14:25:00+00:00,HTF,buy,1721.541,1705.447835616517,1705.647835616517,1737.4341643834828,0.02,stop_loss,RANGING,49,-32.186328766965744,31.786328766965653,-1.0125840263885961,41.23785447542099,raw,1014.3341309423986,1.0,6.554000000000087,17.592999999999847,-16.093164383482872,15.893164383482826,245.0,2022-09
2022-09-08 15:20:00+00:00,2022-09-09 07:35:00+00:00,HTF,buy,1708.695,1725.0816992194486,1688.3834960972429,1729.006503902757,0.02,stop_loss,RANGING,183,32.7733984388974,40.623007805514135,0.8067693705941874,101.66160073059503,trail,1047.107529381296,1.0,20.649000000000115,3.9839999999999236,16.3866992194487,20.311503902757067,975.0,2022-09
2022-09-09 10:35:00+00:00,2022-09-09 13:45:00+00:00,HTF,buy,1728.614,1711.9734107075171,1712.1734107075172,1745.054589292483,0.02,stop_loss,RANGING,38,-33.2811785849658,32.88117858496571,-1.0121650140662228,3.2480587556800016,raw,1013.8263507963302,1.0,0.5339999999998781,16.75999999999999,-16.6405892924829,16.440589292482855,190.0,2022-09
2022-09-09 15:30:00+00:00,2022-09-12 12:25:00+00:00,HTF,buy,1717.545,1729.018,1698.7386663758477,1736.3513336241524,0.02,stop_gap,RANGING,239,22.945999999999913,37.61266724830466,0.6100604311977947,86.4230121873769,trail,1036.77235079633,1.0,16.25299999999993,5.73700000000008,11.472999999999956,18.80633362415233,4135.0,2022-09
2022-09-12 14:50:00+00:00,2022-09-13 12:30:00+00:00,HTF,buy,1730.074,1712.1430481972557,1712.3430481972557,1747.8049518027444,0.02,stop_loss,RANGING,248,-35.861903605488806,35.461903605488715,-1.0112797103181506,27.97932144416613,raw,1000.9104471908413,1.0,4.961000000000013,18.230000000000018,-17.930951802744403,17.730951802744357,1300.0,2022-09
2022-09-14 06:00:00+00:00,2022-09-15 07:55:00+00:00,HTF,sell,1701.084,1689.8773943288272,1719.7809716441357,1682.3870283558645,0.02,stop_loss,RANGING,299,22.413211342345676,37.3939432882712,0.5993807919523613,83.09367043872585,trail,1023.323658533187,1.0,15.536000000000058,5.929999999999836,11.206605671172838,18.6969716441356,1555.0,2022-09
2022-09-15 11:10:00+00:00,2022-09-15 15:00:00+00:00,HTF,sell,1684.9579999999999,1668.618,1700.110070156568,1662.2298947651475,0.02,stop_gap,WEAK,46,32.679999999999836,30.304140313136486,1.0784004978301083,94.68453167402603,trail,1056.0036585331868,1.5,21.519999999999754,7.290000000000191,16.339999999999918,15.152070156568243,230.0,2022-09
2022-09-15 16:10:00+00:00,2022-09-21 18:45:00+00:00,HTF,sell,1661.691,1687.9124565072923,1687.7124565072922,1622.6588152390618,0.02,stop_loss,WEAK,1135,-52.442913014584526,52.04291301458442,-1.0076859648476635,20.603509768298302,raw,1003.5607455186023,1.5,8.042000000000144,26.257000000000062,-26.22145650729226,26.021456507292214,8795.0,2022-09
2022-09-22 06:20:00+00:00,2022-09-22 12:40:00+00:00,HTF,sell,1659.105,1683.7382566986844,1683.5382566986843,1622.4551149519734,0.02,stop_loss,WEAK,76,-49.266513397368726,48.866513397368635,-1.008185564555167,9.738093299127911,raw,954.2942321212336,1.5,3.56899999999996,25.075000000000045,-24.633256698684363,24.433256698684318,380.0,2022-09
2022-09-22 16:55:00+00:00,2022-09-23 10:55:00+00:00,HTF,buy,1674.2250000000001,1644.1488369576064,1644.3488369576064,1719.0392445635907,0.02,stop_loss,WEAK,204,-60.152326084787546,59.752326084787455,-1.0066943000584194,3.59930199807566,raw,894.141906036446,1.5,1.612999999999829,33.2170000000001,-30.076163042393773,29.876163042393728,1080.0,2022-09
2022-09-23 14:20:00+00:00,2022-09-26 01:00:00+00:00,HTF,sell,1643.1979999999999,1640.787822936465,1669.299770635348,1617.0962293646517,0.02,stop_loss,RANGING,116,4.82035412706955,52.203541270696405,0.09233768456576673,63.903710721490384,locked,898.9622601635156,1.0,16.679999999999836,5.777000000000044,2.410177063534775,26.101770635348203,3520.0,2022-09
2022-09-26 09:40:00+00:00,2022-09-28 13:15:00+00:00,HTF,sell,1642.598,1638.4509205391257,1671.5785297391626,1599.127205391256,0.02,stop_loss,WEAK,595,8.294158921748476,57.961059478325296,0.1430988149008922,64.1534166812547,locked,907.256419085264,1.5,27.88799999999992,5.626999999999953,4.147079460874238,28.980529739162648,3095.0,2022-09
2022-09-29 07:55:00+00:00,2022-09-30 05:45:00+00:00,HTF,sell,1644.615,1667.252778352995,1667.052778352995,1610.9583324705077,0.02,stop_loss,WEAK,250,-45.27555670598986,44.875556705989766,-1.0089135384463477,3.654550763001733,raw,861.9808623792742,1.5,1.2300000000000182,22.5329999999999,-22.63777835299493,22.437778352994883,1310.0,2022-09
2022-09-30 06:35:00+00:00,2022-10-03 14:50:00+00:00,HTF,buy,1665.228,1685.2667099878674,1646.2903666262253,1693.6344500606624,0.02,stop_loss,WEAK,375,40.077419975734756,37.87526674754963,1.0581422500034958,91.24688211532013,trail,902.0582823550089,1.5,25.919999999999845,5.633000000000038,20.038709987867378,18.937633373774815,4815.0,2022-09
2022-10-03 16:10:00+00:00,2022-10-04 17:10:00+00:00,HTF,buy,1690.9750000000001,1720.641449433337,1665.0198314444572,1729.9077528333146,0.02,stop_loss,WEAK,288,59.33289886667353,51.91033711108594,1.142988124690919,98.78571948061655,trail,961.3911812216825,1.5,38.45999999999981,3.8220000000001164,29.666449433336766,25.95516855554297,1500.0,2022-10
2022-10-04 17:55:00+00:00,2022-10-07 12:45:00+00:00,HTF,buy,1723.574,1696.646847259317,1696.846847259317,1763.6647291110248,0.02,stop_loss,WEAK,766,-53.85430548136628,53.45430548136619,-1.007483026790789,10.201859858106666,raw,907.5368757403162,1.5,4.089999999999918,29.041000000000167,-26.92715274068314,26.727152740683096,4010.0,2022-10
2022-10-10 07:00:00+00:00,2022-10-11 06:25:00+00:00,HTF,sell,1686.6879999999999,1668.3790536951717,1706.6248456505718,1656.782731524142,0.02,stop_loss,WEAK,269,36.61789260965634,39.873691301143936,0.9183471962277495,84.86798913204491,trail,944.1547683499725,1.5,25.37999999999988,1.900000000000091,18.30894630482817,19.936845650571968,1405.0,2022-10
2022-10-11 13:00:00+00:00,2022-10-13 12:50:00+00:00,HTF,sell,1669.898,1650.6528600209856,1689.1142000699513,1641.0736998950729,0.02,stop_loss,WEAK,550,38.49027995802862,38.43240013990271,1.0015060162236866,87.46092674663272,trail,982.6450483080012,1.5,25.20999999999981,13.942000000000007,19.24513997901431,19.216200069951356,2870.0,2022-10
2022-10-13 16:55:00+00:00,2022-10-17 12:20:00+00:00,HTF,sell,1665.5149999999999,1660.9310817808764,1697.4077881274898,1617.675817808765,0.02,stop_loss,WEAK,497,9.167836438246923,63.785576254979794,0.14372898978914816,53.13635985327804,locked,991.8128847462481,1.5,25.419999999999845,6.93300000000022,4.583918219123461,31.892788127489894,5485.0,2022-10
2022-10-18 06:00:00+00:00,2022-10-19 12:40:00+00:00,HTF,sell,1655.557,1636.2559888625901,1674.0202962086332,1627.86205568705,0.02,stop_loss,WEAK,355,38.602022274819774,36.92659241726642,1.0453719053905972,91.31630565573865,trail,1030.4149070210678,1.5,25.289999999999964,1.9010000000000673,19.301011137409887,18.46329620863321,1840.0,2022-10
2022-10-19 13:50:00+00:00,2022-10-21 12:55:00+00:00,HTF,sell,1634.108,1631.4607757411052,1653.0894950592983,1605.6357574110525,0.02,stop_loss,WEAK,541,5.294448517789533,37.962990118596736,0.13946342217116267,59.85127426040911,locked,1035.7093555388574,1.5,17.04099999999994,11.330000000000155,2.6472242588947665,18.981495059298368,2825.0,2022-10
2022-10-21 15:05:00+00:00,2022-10-23 22:00:00+00:00,HTF,sell,1639.168,1663.4205655465314,1663.2205655465314,1603.0891516802026,0.02,stop_loss,WEAK,71,-48.50513109306303,48.10513109306294,-1.0083151212960269,1.250039901501845,raw,987.2042244457944,1.5,0.45099999999979445,24.13000000000011,-24.252565546531514,24.05256554653147,3295.0,2022-10
2022-10-24 08:00:00+00:00,2022-10-26 08:05:00+00:00,HTF,sell,1649.027,1672.7770437525362,1672.5770437525362,1613.7019343711959,0.02,stop_loss,WEAK,553,-47.500087505072315,47.100087505072224,-1.0084925532241742,30.93837139566005,raw,939.704136940722,1.5,10.929000000000087,24.319999999999936,-23.750043752536158,23.550043752536112,2885.0,2022-10
2022-10-26 08:55:00+00:00,2022-10-28 07:10:00+00:00,HTF,buy,1673.038,1653.6838462379872,1653.8838462379872,1701.7692306430192,0.02,stop_loss,WEAK,531,-38.70830752402571,38.30830752402562,-1.0104415993776081,5.708074326424888,raw,900.9958294166963,1.5,1.6400000000001,20.330999999999904,-19.354153762012857,19.15415376201281,2775.0,2022-10
2022-10-28 17:55:00+00:00,2022-11-02 18:05:00+00:00,HTF,sell,1640.838,1663.56807170801,1663.36807170801,1607.042892437985,0.02,stop_loss,WEAK,830,-45.460143416019946,45.060143416019855,-1.0088770245648593,30.65828383882837,raw,855.5356860006764,1.5,10.360999999999876,23.889000000000124,-22.730071708009973,22.530071708009928,7210.0,2022-10
2022-11-03 07:00:00+00:00,2022-11-03 12:00:00+00:00,HTF,sell,1632.558,1620.4405841242776,1651.375920621387,1613.740079378613,0.02,stop_loss,RANGING,60,24.234831751444744,37.63584124277395,0.6439295881581446,85.45577550010228,trail,879.7705177521211,1.0,16.080999999999904,0.26900000000000546,12.117415875722372,18.817920621386975,300.0,2022-11
2022-11-03 15:50:00+00:00,2022-11-04 05:00:00+00:00,HTF,sell,1625.758,1647.323866550464,1647.1238665504638,1604.3921334495362,0.02,stop_loss,RANGING,146,-43.131733100927704,42.73173310092761,-1.0093607249454484,4.961184221086203,raw,836.6387846511934,1.0,1.0599999999999454,21.720000000000027,-21.565866550463852,21.365866550463807,790.0,2022-11
2022-11-04 09:05:00+00:00,2022-11-04 13:20:00+00:00,HTF,buy,1648.767,1662.9711996727117,1630.2329983635593,1667.3010016364408,0.02,stop_loss,RANGING,51,28.40839934542328,37.06800327288147,0.7663860158932958,98.09538359084506,trail,865.0471839966167,1.0,18.18100000000004,5.56899999999996,14.204199672711638,18.534001636440735,255.0,2022-11
2022-11-04 14:25:00+00:00,2022-11-08 15:20:00+00:00,HTF,buy,1671.198,1702.3716927610105,1647.2714638050536,1695.1245361949466,0.02,stop_loss,RANGING,551,62.34738552202089,47.853072389892986,1.302892006892106,155.3045526407964,trail,927.3945695186376,1.0,37.15899999999988,6.641000000000076,31.173692761010443,23.926536194946493,5815.0,2022-11
2022-11-08 15:50:00+00:00,2022-11-10 13:35:00+00:00,HTF,buy,1712.558,1729.6567460370895,1697.2204867902985,1735.564269814552,0.02,stop_loss,WEAK,525,34.19749207417908,30.67502641940291,1.1148317072857712,96.36068853707707,trail,961.5920615928167,1.5,22.169000000000096,10.509999999999991,17.09874603708954,15.337513209701456,2745.0,2022-11
2022-11-10 14:05:00+00:00,2022-11-13 23:00:00+00:00,HTF,buy,1737.058,1763.973307692278,1720.5086153845557,1778.4314615386106,0.02,stop_loss,STRONG,371,53.83061538455605,33.09876923088859,1.6263630532315982,85.53792378956102,trail,1015.4226769773727,2.5,35.3900000000001,0.5099999999999909,26.91530769227802,16.549384615444296,4855.0,2022-11
2022-11-14 07:25:00+00:00,2022-11-21 09:05:00+00:00,HTF,buy,1762.028,1740.1751368216455,1740.3751368216456,1816.160157945886,0.02,stop_loss,STRONG,1400,-43.705726356708965,43.305726356708874,-1.0092366537557942,44.96218315244468,raw,971.7169506206637,2.5,24.338999999999942,21.760999999999967,-21.852863178354482,21.652863178354437,10180.0,2022-11
2022-11-21 12:40:00+00:00,2022-11-24 07:05:00+00:00,HTF,sell,1740.338,1757.0853811144284,1756.8853811144284,1715.5169283283574,0.02,stop_loss,WEAK,761,-33.49476222885687,33.09476222885678,-1.0120865047234366,49.155814710205846,raw,938.2221883918069,1.5,12.201000000000022,16.989000000000033,-16.747381114428435,16.54738111442839,3985.0,2022-11
2022-11-24 11:25:00+00:00,2022-11-28 18:55:00+00:00,HTF,buy,1756.1480000000001,1740.4456236865808,1740.6456236865808,1771.6503763134194,0.02,stop_loss,RANGING,573,-31.404752626838672,31.004752626838584,-1.0129012479091297,48.18616094058792,raw,906.8174357649682,1.0,7.4699999999998,15.820000000000164,-15.702376313419336,15.50237631341929,6210.0,2022-11
2022-11-29 08:25:00+00:00,2022-11-30 13:30:00+00:00,HTF,buy,1755.325,1756.73815479843,1739.1934520156985,1771.4565479843016,0.02,stop_loss,RANGING,337,2.8263095968600283,32.26309596860301,0.08760193378869979,57.17368233337162,locked,909.6437453618282,1.0,9.222999999999956,8.557999999999993,1.4131547984300141,16.131547984301505,1745.0,2022-11
2022-12-01 09:20:00+00:00,2022-12-01 14:35:00+00:00,HTF,buy,1777.8780000000002,1795.6969452402243,1756.5227262011226,1799.2332737988777,0.02,stop_loss,RANGING,63,35.63789048044828,42.71054759775507,0.8344049066306389,104.37702747305133,trail,945.2816358422765,1.0,22.289999999999736,1.7700000000002092,17.81894524022414,21.355273798877533,315.0,2022-12
2022-12-01 16:10:00+00:00,2022-12-05 15:05:00+00:00,HTF,buy,1799.218,1775.4113945338202,1775.6113945338202,1834.6279081992698,0.02,stop_loss,WEAK,539,-47.613210932359834,47.21321093235974,-1.0084722049634192,29.765680104805647,raw,897.6684249099167,1.5,10.539999999999964,24.211000000000013,-23.806605466179917,23.60660546617987,5695.0,2022-12
2022-12-06 06:55:00+00:00,2022-12-07 14:45:00+00:00,HTF,sell,1768.6979999999999,1787.256702681873,1787.056702681873,1741.15994597719,0.02,stop_loss,WEAK,370,-37.11740536374646,36.717405363746366,-1.0108940159588466,5.628574912069275,raw,860.5510195461702,1.5,1.5499999999999545,18.720000000000027,-18.55870268187323,18.358702681873183,1910.0,2022-12
2022-12-08 08:00:00+00:00,2022-12-08 16:15:00+00:00,HTF,buy,1785.528,1786.911693257761,1769.69106742239,1801.36493257761,0.02,stop_loss,RANGING,99,2.7673865155220483,31.673865155220028,0.0873712918193051,58.09205763120347,locked,863.3184060616923,1.0,9.200000000000045,4.070999999999913,1.3836932577610241,15.836932577610014,495.0,2022-12
2022-12-09 11:55:00+00:00,2022-12-12 05:10:00+00:00,HTF,buy,1800.508,1786.2435656208595,1786.4435656208595,1821.6046515687108,0.02,stop_loss,WEAK,195,-28.528868758281078,28.12886875828099,-1.0142202661414292,26.023087038809706,raw,834.7895373034112,1.5,5.490000000000009,14.861000000000104,-14.264434379140539,14.064434379140494,3915.0,2022-12
2022-12-12 13:40:00+00:00,2022-12-13 13:30:00+00:00,HTF,buy,1788.678,1812.1311557391814,1773.042562840546,1812.1311557391814,0.02,take_profit,WEAK,274,46.90631147836257,31.270874318908227,1.5000000000000073,104.54456650811335,raw,881.6958487817737,1.5,24.518999999999778,11.261000000000195,23.453155739181284,15.635437159454113,1430.0,2022-12
2022-12-14 06:40:00+00:00,2022-12-15 03:00:00+00:00,HTF,buy,1812.3980000000001,1793.3498251688638,1793.549825168864,1840.6702622467046,0.02,stop_loss,WEAK,232,-38.09634966227259,37.696349662272496,-1.0106111070059502,5.790127389578661,raw,843.5994991195012,1.5,1.6369999999999436,20.003000000000156,-19.048174831136294,18.848174831136248,1220.0,2022-12
2022-12-15 08:35:00+00:00,2022-12-19 02:00:00+00:00,HTF,sell,1776.5449999999998,1795.31747031524,1795.1174703152399,1748.6862945271398,0.02,stop_loss,WEAK,473,-37.54494063048014,37.14494063048005,-1.0107686267149896,10.542485553972078,raw,806.054558489021,1.5,2.936999999999898,18.970000000000255,-18.77247031524007,18.572470315240025,5365.0,2022-12
2022-12-20 14:25:00+00:00,2022-12-21 15:50:00+00:00,HTF,buy,1806.755,1819.491940756871,1786.789703784355,1826.7202962156452,0.02,stop_loss,RANGING,293,25.47388151374162,39.93059243129028,0.6379540087609584,84.79713908142872,trail,831.5284400027626,1.0,16.929999999999836,1.1800000000000637,12.736940756870808,19.96529621564514,1525.0,2022-12
2022-12-22 07:55:00+00:00,2022-12-22 14:25:00+00:00,HTF,buy,1816.9650000000001,1803.5133739082007,1803.7133739082008,1836.8424391376993,0.02,stop_loss,WEAK,78,-26.903252183598852,26.503252183598764,-1.015092487413587,14.287554751525445,raw,804.6251878191638,1.5,2.839999999999918,14.870000000000118,-13.451626091799426,13.25162609179938,390.0,2022-12
2022-12-23 08:05:00+00:00,2022-12-27 15:40:00+00:00,HTF,buy,1797.505,1828.5143175917365,1782.5027253057885,1820.0084120413176,0.02,stop_loss,WEAK,367,62.018635183472725,30.00454938842313,2.0669743904703273,158.6870468106541,trail,866.6438230026365,1.5,35.70999999999981,6.440000000000055,31.009317591736362,15.002274694211565,6215.0,2022-12
2022-12-28 08:45:00+00:00,2022-12-30 07:00:00+00:00,HTF,sell,1803.705,1820.3384704860382,1820.1384704860382,1779.0547942709427,0.02,stop_loss,WEAK,531,-33.266940972076554,32.86694097207646,-1.012170283822274,27.585976663814343,raw,833.37688203056,1.5,6.7999999999999545,18.3900000000001,-16.633470486038277,16.43347048603823,2775.0,2022-12
2022-12-30 14:00:00+00:00,2023-01-03 05:25:00+00:00,HTF,buy,1822.765,1838.4601095271978,1809.0820317573261,1843.2894523640111,0.02,stop_loss,WEAK,173,31.390219054395402,27.365936485347902,1.147054443804697,98.85769247406483,trail,864.7671010849554,1.5,20.289999999999964,8.610000000000127,15.695109527197701,13.682968242673951,5245.0,2022-12
2023-01-03 06:10:00+00:00,2023-01-05 08:10:00+00:00,HTF,buy,1842.415,1845.1084095842543,1823.1256027716367,1871.3490958425448,0.02,stop_loss,WEAK,576,5.386819168508737,38.57879445672643,0.13963160965413512,78.17766320777707,locked,870.1539202534641,1.5,22.62000000000012,14.889999999999873,2.6934095842543684,19.289397228363214,3000.0,2023-01
2023-01-05 09:40:00+00:00,2023-01-05 15:15:00+00:00,HTF,buy,1849.295,1828.4907938541974,1828.6907938541974,1900.8055153645068,0.02,stop_loss,STRONG,67,-41.60841229160542,41.20841229160533,-1.0097067559208432,3.403188625846734,raw,828.5455079618587,2.5,1.752999999999929,20.6400000000001,-20.80420614580271,20.604206145802664,335.0,2023-01
2023-01-05 16:00:00+00:00,2023-01-06 13:55:00+00:00,HTF,sell,1828.568,1852.6450497797898,1852.4450497797898,1768.8753755505254,0.02,stop_loss,STRONG,251,-48.15409955957966,47.75409955957957,-1.0083762442112647,0.4908479107798245,raw,780.391408402279,2.5,0.2929999999998927,23.906999999999925,-24.07704977978983,23.877049779789786,1315.0,2023-01
2023-01-06 16:10:00+00:00,2023-01-12 13:30:00+00:00,HTF,buy,1862.208,1883.689893143083,1838.7809771436107,1897.3485342845843,0.02,stop_loss,WEAK,1072,42.96378628616594,46.85404571277877,0.9169706827354758,89.69413994888257,trail,823.355194688445,1.5,31.519000000000005,2.4610000000000127,21.48189314308297,23.427022856389385,8480.0,2023-01
2023-01-12 15:40:00+00:00,2023-01-13 16:45:00+00:00,HTF,buy,1887.4950000000001,1909.5779288041351,1865.5714293471176,1920.380355979324,0.02,stop_loss,WEAK,289,44.16585760827002,43.847141305765035,1.0072688046019336,87.75942707795298,trail,867.521052296715,1.5,28.8599999999999,1.3700000000001182,22.08292880413501,21.923570652882518,1505.0,2023-01
2023-01-16 07:45:00+00:00,2023-01-23 08:00:00+00:00,HTF,buy,1916.125,1919.2781487726,1893.7706748493338,1949.6564877259993,0.02,stop_loss,WEAK,1335,6.306297545199868,44.708650301332455,0.14105318551770107,63.5522055392633,locked,873.8273498419148,1.5,21.309999999999945,19.63000000000011,3.153148772599934,22.354325150666227,10095.0,2023-01
2023-01-23 17:10:00+00:00,2023-01-25 20:00:00+00:00,HTF,sell,1920.7549999999999,1944.2307239802813,1944.0307239802812,1885.841414029578,0.02,stop_loss,WEAK,586,-46.951447960562746,46.551447960562655,-1.0085926435701627,10.56895159129719,raw,826.8759018813521,1.5,3.689999999999827,25.730000000000018,-23.475723980281373,23.275723980281327,3050.0,2023-01
2023-01-26 10:45:00+00:00,2023-01-27 15:45:00+00:00,HTF,buy,1936.915,1917.1649714679513,1917.3649714679514,1956.4650285320486,0.02,stop_loss,RANGING,336,-39.50005706409729,39.1000570640972,-1.0102301640978264,27.621443064125483,raw,787.3758448172548,1.0,5.400000000000091,20.389999999999873,-19.750028532048646,19.5500285320486,1740.0,2023-01
2023-01-30 11:55:00+00:00,2023-01-31 13:55:00+00:00,HTF,sell,1922.905,1920.107714801789,1942.8869013214075,1892.9321480178887,0.02,stop_loss,WEAK,300,5.594570396422114,39.96380264281515,0.13999094246422836,74.2004798651578,locked,792.9704152136769,1.5,22.24000000000001,7.363000000000056,2.797285198211057,19.981901321407577,1560.0,2023-01
2023-02-02 08:00:00+00:00,2023-02-02 14:45:00+00:00,HTF,buy,1956.825,1935.4509157558616,1935.6509157558617,1988.5861263662077,0.02,stop_loss,WEAK,81,-42.74816848827686,42.34816848827677,-1.0094455088443983,8.532442989438014,raw,750.2222467254,1.5,2.7100000000000364,24.690000000000055,-21.37408424413843,21.174084244138385,405.0,2023-02
2023-02-02 15:40:00+00:00,2023-02-03 13:30:00+00:00,HTF,buy,1926.598,1903.659900875544,1903.859900875544,1960.7051486866837,0.02,stop_loss,WEAK,250,-45.876198248911805,45.476198248911714,-1.00879581001496,1.3692144256621068,raw,704.3460484764882,1.5,0.4670000000000982,32.58999999999992,-22.938099124455903,22.738099124455857,1310.0,2023-02
2023-02-03 15:55:00+00:00,2023-02-16 01:30:00+00:00,HTF,sell,1872.7849999999999,1841.6449915776725,1903.2449719255744,1827.0950421116381,0.02,stop_loss,WEAK,2311,62.2800168446547,60.91994385114913,1.0223255785794674,92.60240533243578,trail,766.626065321143,1.5,42.309999999999945,17.313000000000102,31.140008422327355,30.459971925574564,17855.0,2023-02
2023-02-16 06:15:00+00:00,2023-02-17 15:05:00+00:00,HTF,sell,1835.2649999999999,1832.8309634411505,1852.8252437256622,1808.9246344115063,0.02,stop_loss,WEAK,382,4.868073117698714,35.12048745132461,0.13861063643964627,62.489641401143416,locked,771.4941384388417,1.5,16.45999999999981,9.893000000000029,2.434036558849357,17.560243725662303,1970.0,2023-02
2023-02-21 08:20:00+00:00,2023-02-22 12:30:00+00:00,HTF,sell,1831.575,1843.9709033516501,1843.77090335165,1813.281144972525,0.02,stop_loss,WEAK,326,-24.791806703300153,24.391806703300063,-1.016398949240032,8.090148291747399,raw,746.7023317355415,1.5,1.4800000000000182,14.029999999999973,-12.395903351650077,12.195903351650031,1690.0,2023-02
2023-02-23 09:05:00+00:00,2023-02-23 13:55:00+00:00,HTF,sell,1826.7949999999998,1825.3037720521793,1843.7072794782064,1809.8827205217933,0.02,stop_loss,RANGING,58,2.982455895641124,33.82455895641306,0.08817427300336335,55.58091688416618,locked,749.6847876311826,1.0,9.399999999999864,1.5900000000001455,1.491227947820562,16.91227947820653,290.0,2023-02
2023-02-23 15:20:00+00:00,2023-02-24 14:50:00+00:00,HTF,sell,1823.925,1813.1754478682212,1841.562239341105,1806.287760658895,0.02,stop_loss,RANGING,270,21.499104263557456,35.274478682209974,0.6094804251324096,85.33081458459735,trail,771.1838918947401,1.0,15.049999999999955,3.7899999999999636,10.749552131778728,17.637239341104987,1410.0,2023-02
2023-02-24 15:55:00+00:00,2023-02-28 16:05:00+00:00,HTF,sell,1810.318,1827.895328791103,1827.695328791103,1792.940671208897,0.02,stop_loss,RANGING,554,-35.154657582206255,34.754657582206164,-1.0115092487691457,32.93946997728748,raw,736.0292343125338,1.0,5.723999999999933,18.039999999999964,-17.577328791103128,17.377328791103082,5770.0,2023-02
2023-03-01 06:30:00+00:00,2023-03-01 15:05:00+00:00,HTF,buy,1834.845,1836.1173967804957,1820.121032195043,1849.568967804957,0.02,stop_loss,RANGING,103,2.5447935609913657,29.44793560991411,0.08641670488217927,64.94852560585157,locked,738.5740278735252,1.0,9.562999999999874,4.519999999999982,1.2723967804956828,14.723967804957056,515.0,2023-03
2023-03-02 08:05:00+00:00,2023-03-03 08:40:00+00:00,HTF,sell,1830.595,1845.5949577041563,1845.3949577041562,1815.7950422958438,0.02,stop_loss,RANGING,283,-29.999915408312518,29.599915408312427,-1.0135135521329146,5.0067710652436075,raw,708.5741124652127,1.0,0.7409999999999854,15.049999999999955,-14.999957704156259,14.799957704156213,1475.0,2023-03
2023-03-03 09:10:00+00:00,2023-03-06 11:35:00+00:00,HTF,buy,1846.755,1848.6186680404583,1832.9972130636122,1867.391680404582,0.02,stop_loss,WEAK,305,3.7273360809163028,27.515573872775807,0.1354627782124569,55.30443742039903,locked,712.301448546129,1.5,11.412999999999784,7.8400000000001455,1.8636680404581512,13.757786936387902,4465.0,2023-03
2023-03-06 12:55:00+00:00,2023-03-07 13:10:00+00:00,HTF,buy,1852.365,1837.3137140866486,1837.5137140866486,1874.6419288700272,0.02,stop_loss,WEAK,279,-30.102571826702846,29.70257182670275,-1.0134668473266848,6.688534172251866,raw,682.1988767194262,1.5,1.490000000000009,15.019999999999982,-15.051285913351421,14.851285913351376,1455.0,2023-03
2023-03-08 08:55:00+00:00,2023-03-09 14:00:00+00:00,HTF,sell,1813.0349999999999,1826.6192125016169,1826.4192125016168,1792.9586812475745,0.02,stop_loss,WEAK,337,-27.16842500323401,26.768425003233915,-1.014942978526072,6.126621195687085,raw,655.0304517161921,1.5,1.2299999999997908,14.313000000000102,-13.584212501617003,13.384212501616958,1745.0,2023-03
2023-03-10 08:35:00+00:00,2023-03-10 16:05:00+00:00,HTF,buy,1835.7150000000001,1861.7382871484347,1820.9592904947826,1857.8485642578264,0.02,stop_loss,WEAK,90,52.04657429686904,29.51141901043502,1.7636079877577475,142.91868960424944,trail,707.0770260130612,1.5,31.63299999999981,4.9370000000001255,26.02328714843452,14.75570950521751,450.0,2023-03
2023-03-10 17:45:00+00:00,2023-03-12 22:20:00+00:00,HTF,buy,1864.2440000000001,1886.5030099222731,1839.3073664075773,1901.6489503886344,0.02,stop_loss,WEAK,55,44.51801984454596,49.873267184845645,0.8926228891231149,80.04288119333347,trail,751.5950458576071,1.5,29.939999999999827,3.4960000000000946,22.25900992227298,24.936633592422822,3155.0,2023-03
2023-03-13 08:45:00+00:00,2023-03-20 01:00:00+00:00,HTF,buy,1881.625,1971.4403841767642,1849.5757683535285,1961.7480791161788,0.02,stop_loss,STRONG,1287,179.6307683535283,64.09846329294305,2.8024192644459984,135.94460073365525,trail,931.2258142111355,2.5,108.923,0.8099999999999454,89.81538417676416,32.049231646471526,9615.0,2023-03
2023-03-20 06:25:00+00:00,2023-03-21 13:05:00+00:00,HTF,buy,1990.2050000000002,1959.2438145427611,1959.4438145427612,2067.1079636430977,0.02,stop_loss,STRONG,356,-61.92237091447805,61.52237091447796,-1.0065017000166676,25.34362666496418,raw,869.3034432966574,2.5,19.48999999999978,31.5300000000002,-30.961185457239026,30.76118545723898,1840.0,2023-03
2023-03-21 16:15:00+00:00,2023-03-22 18:50:00+00:00,HTF,sell,1946.835,1977.1700446495522,1976.9700446495522,1871.4973883761197,0.02,stop_loss,STRONG,307,-60.67008929910435,60.27008929910426,-1.0066367912284815,16.804355390511407,raw,808.6333539975531,2.5,12.660000000000082,31.86999999999989,-30.335044649552174,30.13504464955213,1595.0,2023-03
2023-03-23 06:10:00+00:00,2023-03-27 10:35:00+00:00,HTF,buy,1980.015,1949.9487746931109,1950.148774693111,2054.680563267223,0.02,stop_loss,STRONG,605,-60.132450613778474,59.73245061377839,-1.0066965275305115,31.031708576383455,raw,748.5009033837746,2.5,23.169999999999845,30.310000000000173,-30.066225306889237,29.86622530688919,6025.0,2023-03
2023-03-27 13:45:00+00:00,2023-03-28 17:45:00+00:00,HTF,sell,1946.2849999999999,1973.7350888150302,1973.5350888150301,1905.4098667774545,0.02,stop_loss,WEAK,324,-54.90017763006063,54.500177630060534,-1.0073394256201373,1.4434203719597745,raw,693.600725753714,1.5,0.5899999999999181,27.26000000000022,-27.450088815030313,27.250088815030267,1680.0,2023-03
2023-03-29 08:30:00+00:00,2023-03-30 16:10:00+00:00,HTF,sell,1961.778,1979.3278842531893,1979.1278842531892,1944.4281157468108,0.02,stop_loss,RANGING,368,-35.099768506378496,34.699768506378405,-1.011527454424561,37.890742693523485,raw,658.5009572473355,1.0,6.574000000000069,17.636999999999944,-17.549884253189248,17.349884253189202,1900.0,2023-03
2023-03-31 06:25:00+00:00,2023-03-31 17:55:00+00:00,HTF,buy,1981.905,1966.740386153193,1966.940386153193,1996.869613846807,0.02,stop_loss,RANGING,138,-30.32922769361403,29.929227693613942,-1.0133648620704447,37.287965176532396,raw,628.1717295537214,1.0,5.579999999999927,15.151000000000067,-15.164613846807015,14.96461384680697,690.0,2023-03
2023-04-03 11:55:00+00:00,2023-04-04 01:20:00+00:00,HTF,buy,1978.708,1980.8263688215545,1955.5243117844561,2001.891688215544,0.02,stop_loss,RANGING,149,4.2367376431088815,46.367376431087905,0.09137324492373648,50.28104196201303,locked,632.4084671968303,1.0,11.656999999999925,6.413000000000011,2.1183688215544407,23.183688215543953,805.0,2023-04
2023-04-04 09:10:00+00:00,2023-04-04 14:00:00+00:00,HTF,buy,1982.7640000000001,2001.877448940115,1963.6505510598852,2001.877448940115,0.02,take_profit,RANGING,58,38.2268978802299,38.2268978802299,1.0,108.77680980099922,locked,670.6353650770602,1.0,20.79099999999994,4.34900000000016,19.11344894011495,19.11344894011495,290.0,2023-04
2023-04-04 16:10:00+00:00,2023-04-09 22:00:00+00:00,HTF,buy,2024.558,1993.1409999999998,1996.5813220138052,2052.5346779861948,0.02,stop_gap,RANGING,610,-62.83400000000029,55.95335597238955,-1.1229710695280908,26.48634696248276,raw,607.8013650770599,1.0,7.410000000000082,32.09999999999991,-31.417000000000144,27.976677986194773,7550.0,2023-04
2023-04-10 16:15:00+00:00,2023-04-12 01:35:00+00:00,HTF,sell,1987.695,2011.9817280421137,2011.7817280421136,1951.5649079368295,0.02,stop_loss,WEAK,376,-48.57345608422747,48.17345608422738,-1.0083033278596563,1.513973446410383,raw,559.2279089928325,1.5,0.5470000000000255,24.100000000000136,-24.286728042113737,24.08672804211369,2000.0,2023-04
2023-04-13 06:45:00+00:00,2023-04-13 14:20:00+00:00,HTF,buy,2020.9550000000002,2042.525881235645,2001.5812707854843,2050.015593821774,0.02,stop_loss,WEAK,91,43.141762471289894,38.74745842903167,1.1134088330027287,94.91547271595356,trail,602.3696714641223,1.5,27.582999999999856,0.9910000000002128,21.570881235644947,19.373729214515834,455.0,2023-04
2023-04-13 15:40:00+00:00,2023-04-14 12:45:00+00:00,HTF,buy,2041.8980000000001,2017.970028531713,2018.1700285317131,2077.4899572024306,0.02,stop_loss,WEAK,241,-47.85594293657414,47.45594293657405,-1.0084288705533615,15.27592306620505,raw,554.5137285275482,1.5,5.436999999999898,24.014000000000124,-23.92797146828707,23.727971468287024,1265.0,2023-04
2023-04-17 16:10:00+00:00,2023-05-02 16:00:00+00:00,HTF,sell,1987.825,2015.877390282516,2015.677390282516,1946.0464145762262,0.02,stop_loss,WEAK,3034,-56.10478056503189,55.7047805650318,-1.0071807122466467,44.68796588162132,raw,498.4089479625163,1.5,18.670000000000073,29.77299999999991,-28.052390282515944,27.8523902825159,21590.0,2023-04
2023-05-02 16:50:00+00:00,2023-05-03 18:05:00+00:00,HTF,buy,2015.105,2029.154,1991.4641073817304,2038.7458926182696,0.02,stop_gap,RANGING,291,28.097999999999956,47.281785236539235,0.5942669012904762,88.14810987253341,trail,526.5069479625163,1.0,20.838999999999942,7.691000000000031,14.048999999999978,23.640892618269618,1515.0,2023-05
2023-05-04 09:55:00+00:00,2023-05-05 13:20:00+00:00,HTF,buy,2037.9550000000002,2005.303160066961,2005.503160066961,2119.0845998325976,0.02,stop_loss,STRONG,317,-65.30367986607826,64.90367986607816,-1.0061629787529065,26.587090340032983,raw,461.203268096438,2.5,21.569999999999936,33.55100000000016,-32.65183993303913,32.45183993303908,1645.0,2023-05
2023-05-05 15:00:00+00:00,2023-05-11 13:50:00+00:00,HTF,buy,2009.474,2016.9141082451335,1978.9135670194657,2085.8750824513354,0.02,stop_loss,STRONG,1090,14.880216490267232,61.12086596106837,0.2434555901047828,50.57519967025635,locked,476.08348458670525,2.5,38.6400000000001,0.32999999999992724,7.440108245133615,30.560432980534188,8570.0,2023-05
2023-05-11 16:00:00+00:00,2023-05-18 02:00:00+00:00,HTF,sell,2013.514,1985.6031219713284,2043.5644065710949,1968.4383901433575,0.02,stop_loss,WEAK,1212,55.82175605734301,60.10081314218997,0.9288020101371454,85.58730569080683,trail,531.9052406440483,1.5,38.57899999999995,8.980000000000018,27.910878028671505,30.05040657109498,9240.0,2023-05
2023-05-18 07:25:00+00:00,2023-05-18 14:00:00+00:00,HTF,sell,1977.7849999999999,1960.9732160167482,1992.1023867224933,1956.3089199162596,0.02,stop_loss,WEAK,79,33.62356796650329,28.634773444986877,1.1742215467882393,99.21270509757274,trail,565.5288086105516,1.5,21.30699999999979,1.5490000000002055,16.811783983251644,14.317386722493438,395.0,2023-05
2023-05-18 14:40:00+00:00,2023-05-19 15:15:00+00:00,HTF,sell,1955.635,1972.2429651974564,1972.0429651974564,1931.0230522038155,0.02,stop_loss,WEAK,283,-33.2159303949129,32.81593039491281,-1.012189201865875,15.236502332340187,raw,532.3128782156386,1.5,3.75,19.15000000000009,-16.60796519745645,16.407965197456406,1475.0,2023-05
2023-05-22 09:45:00+00:00,2023-05-23 08:35:00+00:00,HTF,sell,1979.5449999999998,1960.6714117289469,1998.5997057631553,1950.9629413552666,0.02,stop_loss,WEAK,262,37.74717654210599,38.10941152631085,0.9904948680733426,89.08035742446923,trail,570.0600547577446,1.5,25.460999999999785,1.790000000000191,18.873588271052995,19.054705763155425,1370.0,2023-05
2023-05-23 10:40:00+00:00,2023-05-23 17:35:00+00:00,HTF,sell,1955.7949999999998,1975.1525242464186,1974.9525242464185,1927.0587136303718,0.02,stop_loss,WEAK,83,-38.71504849283747,38.31504849283738,-1.0104397623318908,0.0,raw,531.3450062649072,1.5,0.0,19.190000000000055,-19.357524246418734,19.15752424641869,415.0,2023-05
2023-05-24 12:30:00+00:00,2023-05-24 15:45:00+00:00,HTF,buy,1982.4850000000001,1964.8515419416292,1965.0515419416292,1999.918458058371,0.02,stop_loss,RANGING,39,-35.26691611674187,34.86691611674178,-1.011472193257953,0.8030535280557832,raw,496.0780901481653,1.0,0.13999999999987267,17.860000000000127,-17.633458058370934,17.43345805837089,195.0,2023-05
2023-05-24 16:15:00+00:00,2023-05-25 12:55:00+00:00,HTF,sell,1959.635,1943.3603925914426,1980.2169629572122,1939.0530370427878,0.02,stop_loss,RANGING,236,32.549214817114716,41.16392591442445,0.7907218297103432,100.04390758455088,trail,528.62730496528,1.0,20.590999999999894,5.529999999999973,16.274607408557358,20.581962957212227,1240.0,2023-05
2023-05-25 13:35:00+00:00,2023-05-26 01:40:00+00:00,HTF,sell,1946.895,1945.3930983783216,1963.9140162167846,1929.8759837832154,0.02,stop_loss,RANGING,133,3.0038032433567423,34.03803243356924,0.0882484394249037,60.16799014446581,locked,531.6311082086368,1.0,10.240000000000009,4.680000000000064,1.5019016216783712,17.01901621678462,725.0,2023-05
2023-05-26 17:05:00+00:00,2023-05-30 07:55:00+00:00,HTF,sell,1943.578,1941.608534132643,1965.2726586735716,1921.8833413264283,0.02,stop_loss,RANGING,412,3.938931734714061,43.38931734714333,0.0907811409707139,53.8058707243917,locked,535.5700399433508,1.0,11.673000000000002,5.997000000000071,1.9694658673570302,21.694658673571666,5210.0,2023-05
2023-05-31 13:15:00+00:00,2023-05-31 14:00:00+00:00,HTF,buy,1963.915,1965.433867943478,1946.726320565221,1981.103679434779,0.02,stop_loss,RANGING,9,3.037735886955943,34.377358869558066,0.08836443481543683,56.27541101515896,locked,538.6077758303068,1.0,9.673000000000002,4.130999999999858,1.5188679434779715,17.188679434779033,45.0,2023-05
2023-06-01 12:55:00+00:00,2023-06-01 14:05:00+00:00,HTF,buy,1968.4750000000001,1970.0068261761282,1951.1567382387188,1985.7932617612814,0.02,stop_loss,RANGING,14,3.063652352256213,34.636523522562584,0.08845149687902479,51.00396403378041,locked,541.671428182563,1.0,8.832999999999856,2.5300000000002,1.5318261761281065,17.318261761281292,70.0,2023-06
2023-06-01 15:50:00+00:00,2023-06-02 13:50:00+00:00,HTF,buy,1982.7350000000001,1962.4201197579785,1962.6201197579785,2002.8498802420218,0.02,stop_loss,RANGING,252,-40.629760484043345,40.229760484043254,-1.0099428879314045,2.883437500106314,raw,501.04166769851963,1.0,0.5799999999999272,20.310000000000173,-20.314880242021673,20.114880242021627,1320.0,2023-06
2023-06-02 16:40:00+00:00,2023-06-05 14:00:00+00:00,HTF,sell,1954.0249999999999,1951.0593103434219,1975.1295977105203,1922.3681034342192,0.02,stop_loss,WEAK,244,5.931379313155958,42.20919542104093,0.14052339197631838,50.47873207278714,locked,506.9730470116756,1.5,15.97999999999979,7.269000000000233,2.965689656577979,21.104597710520466,4160.0,2023-06
2023-06-05 15:35:00+00:00,2023-06-08 12:30:00+00:00,HTF,sell,1955.625,1953.0015478013213,1974.4480146578576,1927.3904780132136,0.02,stop_loss,WEAK,791,5.246904397357412,37.64602931571517,0.13937470943760633,56.95509917796991,locked,512.219951409033,1.5,16.080999999999904,14.460000000000036,2.623452198678706,18.823014657857584,4135.0,2023-06
2023-06-08 15:25:00+00:00,2023-06-09 14:15:00+00:00,HTF,sell,1966.478,1964.7025531846198,1986.2324681538041,1946.723531846196,0.02,stop_loss,RANGING,262,3.5508936307605836,39.50893630760811,0.08987570819710475,50.63664545215261,locked,515.7708450397936,1.0,10.003000000000156,6.4500000000000455,1.7754468153802918,19.754468153804055,1370.0,2023-06
2023-06-12 07:15:00+00:00,2023-06-12 15:10:00+00:00,HTF,sell,1958.725,1957.5381953741648,1972.5930462583503,1944.8569537416495,0.02,stop_loss,RANGING,95,2.373609251670132,27.736092516700868,0.08557835788299664,69.22388216162328,locked,518.1444542914637,1.0,9.599999999999909,8.1400000000001,1.186804625835066,13.868046258350432,475.0,2023-06
2023-06-13 13:35:00+00:00,2023-06-13 15:25:00+00:00,HTF,buy,1958.7450000000001,1944.3863785136086,1944.5863785136087,1972.9036214863916,0.02,stop_loss,RANGING,22,-28.71724297278297,28.31724297278288,-1.0141256689567042,8.757914753153107,raw,489.42721131868075,1.0,1.2399999999997817,14.410000000000082,-14.358621486391485,14.15862148639144,110.0,2023-06
2023-06-13 17:35:00+00:00,2023-06-15 13:25:00+00:00,HTF,sell,1942.965,1940.8268594306442,1966.3464056935572,1919.5835943064426,0.02,stop_loss,RANGING,502,4.276281138711511,46.76281138711465,0.09144619435541095,77.27080329040402,locked,493.70349245739226,1.0,18.067000000000007,17.24000000000001,2.1381405693557554,23.381405693557326,2630.0,2023-06
2023-06-16 09:20:00+00:00,2023-06-20 01:50:00+00:00,HTF,buy,1963.9950000000001,1945.9881818622557,1946.1881818622558,1981.8018181377445,0.02,stop_loss,RANGING,432,-36.01363627548881,35.613636275488716,-1.0112316528676235,21.508615241493587,raw,457.68985618190345,1.0,3.8299999999999272,18.99000000000001,-18.006818137744403,17.806818137744358,5310.0,2023-06
2023-06-21 07:00:00+00:00,2023-06-21 13:35:00+00:00,HTF,buy,1934.218,1920.6800049086485,1920.8800049086485,1947.5559950913516,0.02,stop_loss,RANGING,79,-27.075990182703208,26.675990182703117,-1.0149947573552285,22.492136032837642,raw,430.61386599920024,1.0,3.0,14.03300000000013,-13.537995091351604,13.337995091351559,395.0,2023-06
2023-06-21 15:55:00+00:00,2023-06-23 12:50:00+00:00,HTF,sell,1931.935,1929.2145511159674,1951.4046592268835,1902.7305111596747,0.02,stop_loss,WEAK,515,5.440897768065042,38.9393184537671,0.1397276065456835,74.88574828196293,locked,436.0547637672653,1.5,21.86999999999989,5.570000000000164,2.720448884032521,19.46965922688355,2695.0,2023-06
2023-06-27 15:05:00+00:00,2023-06-28 13:50:00+00:00,HTF,sell,1915.728,1907.784,1931.8690926758352,1899.586907324165,0.02,stop_gap,RANGING,261,15.887999999999922,32.28218535167025,0.492159989384916,80.74422383753405,trail,451.9427637672652,1.0,13.03300000000013,1.4269999999999072,7.94399999999996,16.141092675835125,1365.0,2023-06
2023-06-28 17:55:00+00:00,2023-06-29 14:10:00+00:00,HTF,sell,1911.415,1909.1058044512815,1928.1429703247895,1886.3230445128156,0.02,stop_loss,WEAK,231,4.61839109743687,33.455940649579134,0.13804397687724163,73.72880925700998,locked,456.5611548647021,1.5,18.5,1.6200000000001182,2.309195548718435,16.727970324789567,1215.0,2023-06
2023-06-29 16:00:00+00:00,2023-07-03 14:00:00+00:00,HTF,sell,1908.975,1930.4526226427893,1930.2526226427892,1877.058566035816,0.02,stop_loss,WEAK,528,-42.95524528557871,42.55524528557862,-1.0093995463383134,26.66337977967647,raw,413.60590957912336,1.5,8.509999999999991,21.960000000000036,-21.477622642789356,21.27762264278931,5640.0,2023-06
2023-07-04 07:20:00+00:00,2023-07-05 13:30:00+00:00,HTF,buy,1926.538,1928.006074549953,1915.417503000314,1943.2187454995292,0.02,stop_loss,WEAK,320,2.9361490999058333,22.240993999372222,0.1320151923060952,50.15962865830026,locked,416.5420586790292,1.5,8.366999999999962,5.79300000000012,1.4680745499529166,11.120496999686111,1810.0,2023-07
2023-07-06 10:45:00+00:00,2023-07-06 12:20:00+00:00,HTF,buy,1924.355,1912.1891230111387,1912.3891230111387,1936.3208769888613,0.02,stop_loss,RANGING,19,-24.331753977722656,23.931753977722565,-1.0167141948881993,26.324856948908486,raw,392.21030470130654,1.0,3.150000000000091,16.220000000000027,-12.165876988861328,11.965876988861282,95.0,2023-07
2023-07-07 08:15:00+00:00,2023-07-07 12:30:00+00:00,HTF,buy,1914.035,1927.4279163214592,1900.642083678541,1927.4279163214592,0.02,take_profit,RANGING,51,26.785832642918194,26.785832642918194,1.0,103.62940876261557,locked,418.99613734422473,1.0,13.878999999999905,0.42000000000007276,13.392916321459097,13.392916321459097,255.0,2023-07
2023-07-07 13:15:00+00:00,2023-07-07 15:05:00+00:00,HTF,buy,1919.458,1931.9802130290857,1906.6340651454293,1932.2819348545709,0.02,stop_loss,RANGING,22,25.04442605817121,25.647869709141556,0.9764719776802647,119.20678148603608,trail,444.04056340239595,1.0,15.286999999999807,0.23400000000015098,12.522213029085606,12.82393485457078,110.0,2023-07
2023-07-10 10:55:00+00:00,2023-07-11 06:45:00+00:00,HTF,buy,1923.654,1934.915,1908.906329816875,1938.401670183125,0.02,stop_gap,RANGING,226,22.521999999999935,29.495340366249824,0.7635782371160847,99.07327610783436,trail,466.5625634023959,1.0,14.611000000000104,11.06899999999996,11.260999999999967,14.74767018312491,1190.0,2023-07
2023-07-11 10:35:00+00:00,2023-07-12 14:00:00+00:00,HTF,buy,1937.778,1953.8719262531145,1921.762631265572,1953.793368734428,0.02,stop_loss,RANGING,317,32.187852506228865,32.03073746885593,1.0049051333122037,121.73931380104726,trail,498.75041590862475,1.0,19.49700000000007,8.52299999999991,16.093926253114432,16.015368734427966,1645.0,2023-07
2023-07-12 15:55:00+00:00,2023-07-18 15:55:00+00:00,HTF,buy,1955.738,1977.3832939184795,1935.7223130615985,1985.7615304076025,0.02,stop_loss,WEAK,1104,43.29058783695882,40.03137387680317,1.0814164902305352,94.78232444241155,trail,542.0410037455836,1.5,28.45699999999988,10.100000000000136,21.64529391847941,20.015686938401586,8640.0,2023-07
2023-07-18 17:00:00+00:00,2023-07-24 18:10:00+00:00,HTF,buy,1977.255,1956.091669460345,1956.291669460345,2008.6999958094827,0.02,stop_loss,WEAK,1118,-42.32666107931027,41.92666107931018,-1.0095404687543192,32.2149828270769,raw,499.7143426662733,1.5,10.129999999999882,22.230000000000018,-21.163330539655135,20.96333053965509,8710.0,2023-07
2023-07-26 11:20:00+00:00,2023-07-26 19:05:00+00:00,HTF,buy,1971.825,1972.8697469693095,1959.377530306906,1984.272469693094,0.02,stop_loss,RANGING,93,2.0894939386189435,24.89493938618807,0.08393247744873855,50.55645970756052,locked,501.80383660489224,1.0,6.292999999999893,8.039999999999964,1.0447469693094718,12.447469693094035,465.0,2023-07
2023-07-27 07:40:00+00:00,2023-07-27 12:40:00+00:00,HTF,buy,1980.895,1965.126655746418,1965.326655746418,1996.463344253582,0.02,stop_loss,RANGING,60,-31.536688507163944,31.136688507163857,-1.0128465812897238,7.57948296093576,raw,470.2671480977283,1.0,1.1800000000000637,18.09999999999991,-15.768344253581972,15.568344253581927,300.0,2023-07
2023-07-27 15:05:00+00:00,2023-07-31 14:25:00+00:00,HTF,buy,1944.7350000000001,1966.4492403774452,1919.5562018872272,1969.913798112773,0.02,stop_loss,RANGING,544,43.42848075489019,50.357596225545876,0.8624017826502087,109.45717057884127,trail,513.6956288526185,1.0,27.559999999999945,2.2100000000000364,21.714240377445094,25.178798112772938,5720.0,2023-07
2023-08-01 07:40:00+00:00,2023-08-01 13:25:00+00:00,HTF,sell,1955.195,1947.29431080898,1968.5415540448998,1941.8484459551,0.02,stop_loss,RANGING,69,15.80137838203973,26.693108089799804,0.5919647247102665,80.69498661428268,trail,529.4970072346582,1.0,10.769999999999982,2.3700000000001182,7.900689191019865,13.346554044899904,345.0,2023-08
2023-08-01 15:10:00+00:00,2023-08-03 12:30:00+00:00,HTF,sell,1942.7649999999999,1932.6596920305165,1957.9384601525821,1927.5915398474176,0.02,stop_loss,RANGING,520,20.21061593896684,30.34692030516453,0.6659857321840772,87.91666413497435,trail,549.707623173625,1.0,13.339999999999918,11.910000000000082,10.10530796948342,15.173460152582265,2720.0,2023-08
2023-08-04 07:10:00+00:00,2023-08-07 06:00:00+00:00,HTF,buy,1933.9950000000001,1935.7905793172745,1920.6911378848372,1953.9507931727444,0.02,stop_loss,WEAK,262,3.59115863454872,26.607724230325857,0.13496677143307645,64.15680844741509,locked,553.2987818081738,1.5,12.802999999999884,9.097000000000207,1.7955793172743597,13.303862115162929,4250.0,2023-08
2023-08-07 15:30:00+00:00,2023-08-08 14:40:00+00:00,HTF,sell,1932.945,1931.66688536377,1947.7261463623,1918.1638536377,0.02,stop_loss,RANGING,266,2.556229272459859,29.56229272459996,0.08646924973896626,69.61571009299455,locked,555.8550110806336,1.0,10.289999999999964,5.0,1.2781146362299296,14.781146362299978,1390.0,2023-08
2023-08-08 17:20:00+00:00,2023-08-10 10:50:00+00:00,HTF,sell,1923.895,1922.4670348776979,1940.1746512230216,1907.6153487769784,0.02,stop_loss,RANGING,474,2.855930244604224,32.55930244604315,0.08771472451957575,63.82200612078864,locked,558.7109413252379,1.0,10.389999999999873,8.360000000000127,1.427965122302112,16.279651223021574,2490.0,2023-08
2023-08-10 11:55:00+00:00,2023-08-10 12:40:00+00:00,HTF,buy,1921.9950000000001,1922.966519228936,1910.2798077106409,1933.7101922893594,0.02,stop_loss,RANGING,9,1.9430384578718076,23.43038457871853,0.0829281504682019,68.28739812718271,locked,560.6539797831097,1.0,7.999999999999773,0.9300000000000637,0.9715192289359038,11.715192289359265,45.0,2023-08
2023-08-10 15:50:00+00:00,2023-08-14 13:30:00+00:00,HTF,buy,1919.505,1904.4806280377964,1904.6806280377964,1934.3293719622038,0.02,stop_loss,RANGING,524,-30.048743924407518,29.648743924407427,-1.0134912966640317,14.233317980549637,raw,530.6052358587021,1.0,2.1099999999999,15.27000000000021,-15.024371962203759,14.824371962203713,5620.0,2023-08
2023-08-14 15:45:00+00:00,2023-08-16 18:00:00+00:00,HTF,buy,1910.358,1895.8260961177207,1896.0260961177207,1924.6899038822792,0.02,stop_loss,RANGING,579,-29.063807764558536,28.66380776455844,-1.0139548800803317,19.306576591134753,raw,501.5414280941436,1.0,2.7670000000000528,14.863000000000056,-14.531903882279266,14.33190388227922,3015.0,2023-08
2023-08-17 09:00:00+00:00,2023-08-18 00:45:00+00:00,HTF,sell,1893.685,1892.6940266234053,1905.5947337659468,1881.775266234053,0.02,stop_loss,RANGING,177,1.981946753189277,23.81946753189368,0.08320701336146576,73.55328147676322,locked,503.5233748473329,1.0,8.759999999999991,9.690000000000055,0.9909733765946385,11.90973376594684,945.0,2023-08
2023-08-18 06:00:00+00:00,2023-08-22 10:25:00+00:00,HTF,buy,1893.255,1901.7479494815857,1880.9697474079285,1905.5402525920717,0.02,stop_loss,RANGING,605,16.985898963171167,24.570505184143258,0.6913125650396936,90.75922465929264,trail,520.509273810504,1.0,11.149999999999864,8.5,8.492949481585583,12.285252592071629,6025.0,2023-08
2023-08-22 11:20:00+00:00,2023-08-22 13:55:00+00:00,HTF,buy,1902.988,1889.286248926808,1889.486248926808,1916.489751073192,0.02,stop_loss,RANGING,31,-27.403502146384202,27.003502146384108,-1.0148128934473655,2.570037013117166,raw,493.10577166411986,1.0,0.34699999999998,13.970000000000027,-13.7017510731921,13.501751073192054,155.0,2023-08
2023-08-22 15:10:00+00:00,2023-08-23 13:40:00+00:00,HTF,buy,1896.775,1908.7725049808735,1881.1125249043675,1912.4374750956326,0.02,stop_loss,RANGING,258,23.995009961746746,31.32495019126509,0.7660031321753774,97.87725060309704,trail,517.1007816258666,1.0,15.329999999999927,1.0270000000000437,11.997504980873373,15.662475095632544,1350.0,2023-08
2023-08-23 14:30:00+00:00,2023-08-24 11:25:00+00:00,HTF,buy,1916.605,1917.5806686924782,1904.848313075219,1928.361686924781,0.02,stop_loss,RANGING,239,1.9513373849563322,23.513373849561958,0.08298840470282765,52.73594542125266,locked,519.0521190108229,1.0,6.2000000000000455,2.3099999999999454,0.9756686924781661,11.756686924780979,1255.0,2023-08
2023-08-24 13:50:00+00:00,2023-08-25 14:40:00+00:00,HTF,buy,1916.525,1905.4534860118247,1905.6534860118247,1932.8322709822633,0.02,stop_loss,WEAK,286,-22.143027976350822,21.74302797635073,-1.0183967017121607,41.0859671571483,raw,496.9090910344721,1.5,6.699999999999818,11.400000000000091,-11.071513988175411,10.871513988175366,1490.0,2023-08
2023-08-29 06:10:00+00:00,2023-08-29 12:25:00+00:00,HTF,buy,1924.815,1914.2123003117981,1914.4123003117982,1935.217699688202,0.02,stop_loss,RANGING,75,-21.205399376403875,20.805399376403784,-1.0192257784992942,0.5767733549781675,raw,475.70369165806824,1.0,0.05999999999994543,10.460000000000036,-10.602699688201938,10.402699688201892,375.0,2023-08
2023-08-30 07:05:00+00:00,2023-08-30 14:00:00+00:00,HTF,buy,1935.828,1945.3421174997807,1925.8517249992688,1950.7924125010968,0.02,stop_loss,WEAK,83,19.02823499956139,19.95255000146244,0.953674342285407,84.91479367511913,trail,494.73192665762963,1.5,12.707000000000107,0.9900000000000091,9.514117499780696,9.97627500073122,415.0,2023-08
2023-08-31 08:10:00+00:00,2023-09-01 13:25:00+00:00,HTF,buy,1945.345,1946.5209691418893,1936.1718723874055,1959.104691418892,0.02,stop_loss,WEAK,339,2.3519382837785088,18.346255225188997,0.12819718546972736,54.94309261630804,locked,497.08386494140814,1.5,7.559999999999945,7.240000000000009,1.1759691418892544,9.173127612594499,1755.0,2023-08
2023-09-04 07:00:00+00:00,2023-09-05 08:20:00+00:00,HTF,buy,1944.545,1933.6428371186798,1933.8428371186799,1960.5982443219805,0.02,stop_loss,WEAK,262,-21.804325762640474,21.404325762640383,-1.0186878112600146,0.0,raw,475.27953917876766,1.5,0.0,10.787000000000035,-10.902162881320237,10.702162881320191,1520.0,2023-09
2023-09-05 11:55:00+00:00,2023-09-06 08:50:00+00:00,HTF,sell,1930.205,1924.7760626734528,1939.3103133672626,1921.0996866327373,0.02,stop_loss,RANGING,239,10.857874653094314,18.21062673452525,0.5962383838502953,83.52266081630036,trail,486.137413831862,1.0,7.605000000000018,4.440000000000055,5.428937326547157,9.105313367262625,1255.0,2023-09
2023-09-06 12:50:00+00:00,2023-09-07 12:00:00+00:00,HTF,sell,1923.528,1922.3362200813247,1932.8065327911702,1909.6102008132448,0.02,stop_loss,WEAK,266,2.383559837350731,18.55706558234033,0.12844486790082937,60.01667280807676,locked,488.5209736692127,1.5,8.353000000000065,5.527000000000044,1.1917799186753655,9.278532791170164,1390.0,2023-09
2023-09-08 10:05:00+00:00,2023-09-12 10:35:00+00:00,HTF,buy,1924.805,1914.9746277834388,1915.1746277834388,1939.250558324842,0.02,stop_loss,WEAK,558,-19.660744433122545,19.260744433122454,-1.020767629277725,39.825390411574254,raw,468.86022923609016,1.5,5.752999999999929,9.911000000000058,-9.830372216561273,9.630372216561227,5790.0,2023-09
2023-09-12 11:25:00+00:00,2023-09-13 12:35:00+00:00,HTF,sell,1912.668,1911.4685705793224,1921.9975294711828,1898.6737057932255,0.02,stop_loss,WEAK,290,2.3988588413549223,18.659058942365846,0.12856269165366402,50.82785808916719,locked,471.2590880774451,1.5,7.112999999999829,2.2870000000000346,1.1994294206774612,9.329529471182923,1510.0,2023-09
2023-09-13 13:50:00+00:00,2023-09-14 15:10:00+00:00,HTF,sell,1912.2749999999999,1911.0521089060576,1921.7609406262816,1898.0460890605773,0.02,stop_loss,WEAK,292,2.4457821878845607,18.971881252563435,0.12891616573628367,79.95692747277567,locked,473.70487026532965,1.5,11.376999999999953,2.3700000000001182,1.2228910939422803,9.485940626281717,1520.0,2023-09
2023-09-14 17:10:00+00:00,2023-09-15 13:25:00+00:00,HTF,sell,1910.085,1925.7615015729261,1925.561501572926,1886.870247640611,0.02,stop_loss,WEAK,231,-31.3530031458522,30.953003145852108,-1.0129228171533233,9.248429476059444,raw,442.35186711947745,1.5,2.1469999999999345,15.519999999999982,-15.6765015729261,15.476501572926054,1215.0,2023-09
2023-09-15 14:05:00+00:00,2023-09-20 15:40:00+00:00,HTF,buy,1929.035,1941.969597108486,1917.9069903616196,1945.727014457571,0.02,stop_loss,WEAK,847,25.869194216971664,22.25601927676098,1.1623459656140505,100.1017584933931,trail,468.2210613364491,1.5,16.708999999999833,6.767000000000053,12.934597108485832,11.12800963838049,7295.0,2023-09
2023-09-21 07:40:00+00:00,2023-09-22 02:05:00+00:00,HTF,sell,1926.305,1924.5806939171537,1939.1337072189772,1907.0619391715345,0.02,stop_loss,WEAK,209,3.4486121656927935,25.65741443795423,0.13440996457504958,64.94289090181388,locked,471.6696735021419,1.5,12.497000000000071,1.0199999999999818,1.7243060828463967,12.828707218977115,1105.0,2023-09
2023-09-22 07:00:00+00:00,2023-09-26 00:35:00+00:00,HTF,buy,1925.895,1914.7532633181418,1914.9532633181418,1936.8367366818582,0.02,stop_loss,RANGING,475,-22.28347336371644,21.883473363716348,-1.0182786339879348,28.514669021172846,raw,449.38620013842547,1.0,3.1200000000001182,10.997000000000071,-11.14173668185822,10.941736681858174,5375.0,2023-09
2023-09-26 06:45:00+00:00,2023-09-26 12:55:00+00:00,HTF,sell,1910.635,1909.9687447881788,1919.2975521182127,1901.9724478817873,0.02,stop_loss,RANGING,74,1.3325104236423613,17.32510423642543,0.07691211582097175,62.914484387823876,locked,450.7187105620678,1.0,5.4500000000000455,4.930000000000064,0.6662552118211806,8.662552118212716,370.0,2023-09
2023-09-26 13:35:00+00:00,2023-09-27 05:35:00+00:00,HTF,sell,1904.865,1897.6655768667472,1914.517884333735,1895.212115666265,0.02,stop_loss,RANGING,180,14.398846266505643,19.305768667470147,0.745831285690656,96.65504814341632,trail,465.11755682857347,1.0,9.329999999999927,4.519999999999982,7.199423133252822,9.652884333735074,960.0,2023-09
2023-09-27 09:05:00+00:00,2023-09-27 18:35:00+00:00,HTF,sell,1895.705,1876.5265279536502,1906.743426512167,1879.1473602317494,0.02,stop_loss,WEAK,114,38.35694409269945,22.076853024334014,1.7374280677785394,140.47895911228449,trail,503.4745009212729,1.5,23.25999999999999,0.5800000000001546,19.178472046349725,11.038426512167007,570.0,2023-09
2023-09-28 08:55:00+00:00,2023-09-29 07:05:00+00:00,HTF,sell,1873.895,1870.9352027862035,1886.534188855186,1842.297027862035,0.02,stop_loss,STRONG,254,5.919594427592983,25.278377710371842,0.23417619973152567,51.68053167683966,locked,509.3940953488659,2.5,16.329999999999927,5.589999999999918,2.9597972137964916,12.639188855185921,1330.0,2023-09
2023-09-29 08:35:00+00:00,2023-10-02 12:20:00+00:00,HTF,sell,1871.835,1838.3756162176692,1886.1582324353387,1836.0269189116534,0.02,stop_loss,STRONG,321,66.91876756466172,28.64646487067739,2.336021839579933,113.99940672410094,trail,576.3128629135276,2.5,40.82100000000014,7.930000000000064,33.45938378233086,14.323232435338696,4545.0,2023-09
2023-10-02 14:10:00+00:00,2023-10-08 22:00:00+00:00,HTF,sell,1827.9479999999999,1847.605,1846.7445856029808,1780.9565359925475,0.02,stop_gap,STRONG,1186,-39.314000000000306,37.59317120596188,-1.0457750367642706,37.581293481725034,raw,536.9988629135273,2.5,17.659999999999854,27.48700000000008,-19.657000000000153,18.79658560298094,9110.0,2023-10
2023-10-09 06:15:00+00:00,2023-10-13 13:20:00+00:00,HTF,buy,1854.1380000000001,1905.6609865397588,1832.329973079518,1908.6580673012058,0.02,stop_loss,STRONG,1189,103.04597307951735,43.61605384096447,2.3625698339251393,118.9653703867778,trail,640.0448359930447,2.5,64.8599999999999,10.003000000000156,51.522986539758676,21.808026920482234,6185.0,2023-10
2023-10-13 14:10:00+00:00,2023-10-16 05:50:00+00:00,HTF,buy,1913.345,1916.402968189391,1891.6252120707268,1945.92468189391,0.02,stop_loss,WEAK,176,6.115936378781953,43.439575858546505,0.1407918069618692,59.94533667822781,locked,646.1607723718266,1.5,19.529999999999973,1.150000000000091,3.0579681893909765,21.719787929273252,3820.0,2023-10
2023-10-16 09:25:00+00:00,2023-10-18 14:25:00+00:00,HTF,buy,1914.045,1952.0966861555241,1893.548372311048,1965.28656922238,0.02,stop_loss,STRONG,612,76.10337231104813,40.993255377904006,1.8564852098101245,94.64971650169038,trail,722.2641446828748,2.5,48.5,1.7300000000000182,38.05168615552407,20.496627688952003,3180.0,2023-10
2023-10-18 15:55:00+00:00,2023-10-20 16:50:00+00:00,HTF,buy,1945.325,1982.3704105524907,1920.7558211049816,2006.7479472375462,0.02,stop_loss,STRONG,563,74.09082110498139,49.138357790036935,1.507800106417144,84.3495832260063,trail,796.3549657878561,2.5,51.809999999999945,0.75,37.045410552490694,24.569178895018467,2935.0,2023-10
2023-10-23 06:25:00+00:00,2023-11-08 19:25:00+00:00,HTF,buy,1976.655,1949.861436333192,1950.061436333192,2043.1389091670198,0.02,stop_loss,STRONG,3456,-53.58712733361608,53.18712733361599,-1.0075206167366606,49.24499839164252,raw,742.7678384542401,2.5,32.74000000000001,27.47699999999986,-26.79356366680804,26.593563666807995,23820.0,2023-10
2023-11-09 12:55:00+00:00,2023-11-09 15:10:00+00:00,HTF,sell,1945.5149999999999,1959.2914076765173,1959.0914076765173,1925.1503884852236,0.02,stop_loss,WEAK,27,-27.55281535303493,27.152815353034836,-1.0147314374144774,3.8792785191446058,raw,715.2150231012051,1.5,0.7899999999999636,15.369000000000142,-13.776407676517465,13.57640767651742,135.0,2023-11
2023-11-10 07:50:00+00:00,2023-11-10 18:45:00+00:00,HTF,sell,1955.465,1937.483555596157,1970.1935186538565,1933.372222019215,0.02,stop_loss,WEAK,131,35.962888807685886,29.457037307713108,1.2208589897215925,102.29587252294046,trail,751.177911908891,1.5,22.59999999999991,1.6100000000001273,17.981444403842943,14.728518653856554,655.0,2023-11
2023-11-13 08:50:00+00:00,2023-11-14 13:30:00+00:00,HTF,sell,1936.485,1951.9240989760988,1951.7240989760987,1913.6263515358517,0.02,stop_loss,WEAK,332,-30.878197952197752,30.47819795219766,-1.0131241355091747,21.74231782686016,raw,720.2997139566933,1.5,4.9699999999998,22.54000000000019,-15.439098976098876,15.23909897609883,1720.0,2023-11
2023-11-14 16:50:00+00:00,2023-11-17 13:40:00+00:00,HTF,buy,1964.758,1986.1100786094926,1944.7749286983083,1994.7326069525377,0.02,stop_loss,WEAK,790,42.704157218985074,39.96614260338356,1.068508353252228,95.33736353991007,trail,763.0038711756783,1.5,28.576999999999998,9.432999999999993,21.352078609492537,19.98307130169178,4130.0,2023-11
2023-11-20 07:20:00+00:00,2023-11-21 13:35:00+00:00,HTF,buy,1980.065,1995.2585334739374,1964.2434449131251,2003.7973326303124,0.02,stop_loss,WEAK,351,30.387066947874704,31.64311017374985,0.9603059490998732,84.86312876921266,trail,793.390938123553,1.5,20.139999999999873,14.710000000000036,15.19353347393735,15.821555086874923,1815.0,2023-11
2023-11-21 14:10:00+00:00,2023-11-28 14:40:00+00:00,HTF,buy,1999.3880000000001,2022.6066079027876,1982.7600263426252,2024.3299604860626,0.02,stop_loss,WEAK,1293,46.43721580557485,33.25594731474985,1.396358232290643,114.21315504015138,trail,839.8281539291279,1.5,28.486999999999853,12.583000000000084,23.218607902787426,16.627973657374923,10110.0,2023-11
2023-11-28 15:40:00+00:00,2023-11-29 01:10:00+00:00,HTF,buy,2030.615,2047.3919837514654,2016.3716125048857,2051.9800812426715,0.02,stop_loss,WEAK,102,33.553967502930846,28.486774990228696,1.177878770567755,99.46135827257281,trail,873.3821214320587,1.5,21.249999999999773,1.59699999999998,16.776983751465423,14.243387495114348,570.0,2023-11
2023-11-29 08:35:00+00:00,2023-12-03 23:15:00+00:00,HTF,buy,2043.665,2086.1914007533596,2026.654439698656,2086.1914007533596,0.02,take_profit,STRONG,716,85.05280150671933,34.021120602687915,2.4999999999999867,131.06916882825206,locked,958.4349229387781,2.5,55.73900000000003,12.406999999999925,42.52640075335967,17.010560301343958,6640.0,2023-11
2023-12-04 06:10:00+00:00,2023-12-04 15:20:00+00:00,HTF,buy,2086.4849999999997,2041.371393855247,2041.5713938552472,2198.769015361881,0.02,stop_loss,STRONG,110,-90.22721228950513,89.82721228950504,-1.0044529935840703,0.7659148964604439,raw,868.2077106492729,2.5,0.8600000000005821,51.09999999999968,-45.113606144752566,44.91360614475252,550.0,2023-12
2023-12-04 16:45:00+00:00,2023-12-22 13:50:00+00:00,HTF,sell,2023.805,2068.858611339509,2068.658611339509,1911.6709716512273,0.02,stop_loss,STRONG,3829,-90.10722267901792,89.70722267901829,-1.0044589497707546,45.36535496769823,raw,778.100487970255,2.5,50.87000000000012,45.32300000000009,-45.05361133950896,44.85361133950914,25745.0,2023-12
2023-12-22 15:05:00+00:00,2023-12-28 12:05:00+00:00,HTF,buy,2069.585,2072.4050696091413,2049.451202605727,2099.7856960914096,0.02,stop_loss,WEAK,792,5.640139218282457,40.267594788546376,0.1400664541276929,62.15088534114622,locked,783.7406271885375,1.5,18.769999999999982,18.570000000000164,2.8200696091412283,20.133797394273188,8460.0,2023-12
2023-12-28 15:30:00+00:00,2023-12-29 13:55:00+00:00,HTF,buy,2077.5649999999996,2058.8687619566863,2059.068761956686,2105.30935706497,0.02,stop_loss,WEAK,257,-37.39247608662663,36.99247608662699,-1.0108130096256043,8.506234238818585,raw,746.3481511019108,1.5,2.360000000000582,19.45999999999958,-18.696238043313315,18.496238043313497,1345.0,2023-12
2024-01-02 17:50:00+00:00,2024-01-03 14:50:00+00:00,HTF,sell,2062.275,2038.6809080535065,2084.9946935116886,2028.1954597324673,0.02,stop_loss,WEAK,240,47.18818389298713,45.439387023377094,1.0384863657758043,89.81928676180505,trail,793.536334994898,1.5,30.610000000000127,3.5599999999999454,23.594091946493563,22.719693511688547,1260.0,2024-01
2024-01-03 17:10:00+00:00,2024-01-05 15:00:00+00:00,HTF,sell,2032.955,2058.713399917027,2058.513399917027,2007.3966000829728,0.02,stop_loss,RANGING,526,-51.51679983405393,51.11679983405429,-1.0078252160013577,34.0396896059359,raw,742.019535160844,1.0,8.699999999999818,26.070000000000164,-25.758399917026964,25.558399917027145,2750.0,2024-01
2024-01-08 07:25:00+00:00,2024-01-08 15:05:00+00:00,HTF,sell,2029.945,2027.9860330059694,2051.5346699403067,2008.3553300596932,0.02,stop_loss,RANGING,92,3.9179339880611224,43.1793398806135,0.09073631044137806,61.79344120075206,locked,745.9374691489052,1.0,13.340999999999894,2.9200000000000728,1.9589669940305612,21.58966994030675,460.0,2024-01
2024-01-08 17:05:00+00:00,2024-01-12 13:30:00+00:00,HTF,sell,2030.2849999999999,2055.208176592517,2055.008176592517,1993.2002351112242,0.02,stop_loss,WEAK,1061,-49.84635318503388,49.44635318503424,-1.00808957535256,46.00271850493365,raw,696.0911159638713,1.5,17.059999999999945,25.240000000000236,-24.92317659251694,24.72317659251712,5545.0,2024-01
2024-01-12 16:25:00+00:00,2024-01-16 13:10:00+00:00,HTF,buy,2055.495,2031.9819873789775,2032.1819873789775,2078.8080126210225,0.02,stop_loss,RANGING,483,-47.02602524204485,46.62602524204476,-1.0085788998295182,12.911244243422825,raw,649.0650907218264,1.0,3.0100000000002183,24.2199999999998,-23.513012621022426,23.31301262102238,5565.0,2024-01
2024-01-16 14:35:00+00:00,2024-01-17 07:40:00+00:00,HTF,sell,2038.845,2022.4977693487779,2053.3208978292596,2017.1311532561108,0.02,stop_loss,WEAK,193,32.694461302444324,28.95179565851913,1.1292723148529098,97.85000442622842,trail,681.7595520242708,1.5,21.24700000000007,3.0699999999999363,16.347230651222162,14.475897829259566,1025.0,2024-01
2024-01-17 09:05:00+00:00,2024-01-18 12:30:00+00:00,HTF,sell,2019.865,2017.1533827039837,2039.275781973443,1990.7488270398358,0.02,stop_loss,WEAK,317,5.423234592032713,38.82156394688582,0.13969644807335882,62.19910846379908,locked,687.1827866163035,1.5,18.1099999999999,9.032999999999902,2.7116172960163567,19.41078197344291,1645.0,2024-01
2024-01-18 13:25:00+00:00,2024-01-19 07:35:00+00:00,HTF,sell,2011.0149999999999,2027.583633153447,2027.383633153447,1986.4620502698294,0.02,stop_loss,WEAK,206,-33.13726630689416,32.73726630689407,-1.012218491191363,15.639668724940863,raw,654.0455203094093,1.5,3.839999999999918,16.820000000000164,-16.56863315344708,16.368633153447036,1090.0,2024-01
2024-01-22 09:30:00+00:00,2024-01-25 13:35:00+00:00,HTF,sell,2022.335,2020.1801698180755,2038.0338678794974,1998.786698180754,0.02,stop_loss,WEAK,877,4.3096603638491615,31.397735758994717,0.13726022783711544,54.69608848597856,locked,658.3551806732585,1.5,12.88000000000011,15.472999999999956,2.1548301819245808,15.698867879497357,4565.0,2024-01
2024-01-26 06:25:00+00:00,2024-01-29 14:20:00+00:00,HTF,buy,2022.755,2033.7413641629473,2007.136820814737,2038.3731791852633,0.02,stop_loss,RANGING,371,21.972728325894423,31.236358370526435,0.7034343781452815,94.18511483002875,trail,680.3279089991529,1.0,14.709999999999809,6.910000000000082,10.986364162947211,15.618179185263216,4795.0,2024-01
2024-01-30 06:15:00+00:00,2024-01-30 15:05:00+00:00,HTF,buy,2035.195,2037.4549756356444,2018.7951624290376,2059.7947563564435,0.02,stop_loss,WEAK,106,4.519951271288846,32.79967514192458,0.13780475726454497,53.874517324349426,locked,684.8478602704417,1.5,13.252999999999929,3.8969999999999345,2.259975635644423,16.39983757096229,530.0,2024-01
2024-01-30 17:00:00+00:00,2024-01-31 20:00:00+00:00,HTF,buy,2035.635,2038.8071741837316,2013.1538387751227,2069.356741837316,0.02,stop_loss,WEAK,312,6.344348367463226,44.96232244975454,0.14110366239539884,60.029520709987786,locked,691.192208637905,1.5,20.243000000000166,4.289999999999964,3.172174183731613,22.48116122487727,1620.0,2024-01
2024-02-01 16:40:00+00:00,2024-02-02 13:30:00+00:00,HTF,buy,2064.298,2041.097099125287,2041.297099125287,2121.8002521867816,0.02,stop_loss,STRONG,238,-46.40180174942543,46.00180174942534,-1.0086953115919006,1.8260154342990214,raw,644.7904068884795,2.5,1.050000000000182,23.952999999999747,-23.200900874712715,23.00090087471267,1250.0,2024-02
2024-02-02 14:45:00+00:00,2024-02-05 13:20:00+00:00,HTF,buy,2034.798,2018.8513234897985,2019.0513234897985,2074.1646912755036,0.02,stop_loss,STRONG,259,-31.893353020403083,31.493353020402992,-1.0127010928223792,18.38102153254314,raw,612.8970538680765,2.5,7.236000000000104,17.069999999999936,-15.946676510201542,15.746676510201496,4235.0,2024-02
2024-02-06 06:25:00+00:00,2024-02-07 14:45:00+00:00,HTF,sell,2026.935,2042.4709354911352,2042.270935491135,2003.9310967632973,0.02,stop_loss,WEAK,376,-31.07187098227041,30.67187098227032,-1.0130412650806764,17.99694581132875,raw,581.825182885806,1.5,4.139999999999873,17.529999999999973,-15.535935491135206,15.33593549113516,1940.0,2024-02
2024-02-08 11:55:00+00:00,2024-02-08 14:25:00+00:00,HTF,sell,2028.745,2027.5412708204904,2042.7822917950964,2014.7077082049034,0.02,stop_loss,RANGING,30,2.407458359019074,28.074583590193015,0.08575223747432696,61.62157292349991,locked,584.2326412448251,1.0,8.649999999999864,0.2800000000002001,1.203729179509537,14.037291795096507,150.0,2024-02
2024-02-09 16:10:00+00:00,2024-02-12 17:50:00+00:00,HTF,sell,2020.935,2019.544464284865,2036.8403571513513,2005.0296428486486,0.02,stop_loss,RANGING,296,2.7810714302700035,31.810714302702763,0.08742562030534827,57.464915204518384,locked,587.0137126750951,1.0,9.139999999999873,6.570000000000164,1.3905357151350017,15.905357151351382,4420.0,2024-02
2024-02-13 12:50:00+00:00,2024-02-13 13:30:00+00:00,HTF,buy,2028.675,2017.9217058784902,2018.1217058784903,2044.5049411822645,0.02,stop_loss,WEAK,8,-21.50658824301945,21.10658824301936,-1.0189514285963477,26.34248574891762,raw,565.5071244320757,1.5,4.170000000000073,14.769999999999982,-10.753294121509725,10.55329412150968,40.0,2024-02
2024-02-13 17:25:00+00:00,2024-02-16 17:55:00+00:00,HTF,sell,1992.595,2014.3511396182,2014.1511396182,1960.2607905727,0.02,stop_loss,WEAK,834,-43.51227923639999,43.1122792363999,-1.0092780991189714,26.309596401690687,raw,521.9948451956757,1.5,8.507000000000062,21.702999999999975,-21.756139618199995,21.55613961819995,4350.0,2024-02
2024-02-19 06:15:00+00:00,2024-02-22 13:30:00+00:00,HTF,buy,2021.375,2023.6698535564879,2004.7426429567477,2046.3235355648785,0.02,stop_loss,WEAK,885,4.589707112975702,33.26471408650468,0.13797524611334994,53.44201452356872,locked,526.5845523086514,1.5,13.333000000000084,8.190000000000055,2.294853556487851,16.63235704325234,4755.0,2024-02
2024-02-23 07:35:00+00:00,2024-02-23 17:15:00+00:00,HTF,buy,2021.405,2036.9784010592718,2009.2070052963593,2033.6029947036407,0.02,stop_loss,RANGING,116,31.146802118543746,24.395989407281377,1.2767181358607853,150.1066400244872,trail,557.7313544271951,1.0,18.309999999999945,5.4500000000000455,15.573401059271873,12.197994703640688,580.0,2024-02
2024-02-26 07:10:00+00:00,2024-02-29 14:30:00+00:00,HTF,buy,2034.405,2047.3839856644659,2021.3349283223304,2047.4750716776696,0.02,stop_loss,RANGING,916,25.957971328931762,26.140143355339205,0.9930309476910258,120.83330825937588,trail,583.6893257561269,1.0,15.792999999999893,10.049999999999955,12.978985664465881,13.070071677669603,4760.0,2024-02
2024-03-01 07:40:00+00:00,2024-03-01 11:50:00+00:00,HTF,buy,2046.9750000000001,2054.5323298494914,2036.061649247456,2057.8883507525443,0.02,stop_loss,RANGING,50,15.11465969898245,21.826701505088295,0.6924848308141697,95.4793833376125,trail,598.8039854551093,1.0,10.419999999999845,8.060000000000173,7.557329849491225,10.913350752544147,250.0,2024-03
2024-03-01 14:10:00+00:00,2024-03-01 21:55:00+00:00,HTF,buy,2054.4249999999997,2082.1565760292997,2038.3302534309976,2078.567119853503,0.02,stop_loss,WEAK,93,55.46315205859992,32.18949313800431,1.7230203601161311,139.96285415299747,trail,654.2671375137093,1.5,33.79000000000042,8.929999999999836,27.73157602929996,16.094746569002155,465.0,2024-03
2024-03-04 06:10:00+00:00,2024-03-05 01:35:00+00:00,HTF,buy,2082.528,2110.349254755003,2064.0165095100065,2128.8067262249833,0.02,stop_loss,STRONG,221,55.642509510006676,37.02298097998664,1.5029181345522964,80.5488893941858,trail,709.9096470237159,2.5,37.277000000000044,1.5799999999999272,27.821254755003338,18.51149048999332,1165.0,2024-03
2024-03-05 17:55:00+00:00,2024-03-08 18:05:00+00:00,HTF,buy,2130.975,2177.6938719969294,2103.4547439938588,2199.775640015353,0.02,stop_loss,STRONG,830,93.43774399385893,55.040512012282306,1.697617637950175,93.18227270225066,trail,803.3473910175749,2.5,64.11000000000013,7.360000000000127,46.718871996929465,27.520256006141153,4330.0,2024-03
2024-03-11 06:45:00+00:00,2024-03-12 19:00:00+00:00,HTF,buy,2178.795,2152.159373497635,2152.359373497635,2244.8840662559132,0.02,stop_loss,STRONG,423,-53.27125300473017,52.871253004730534,-1.007565547954081,10.289145217559746,raw,750.0761380128447,2.5,6.800000000000182,28.340000000000146,-26.635626502365085,26.435626502365267,2175.0,2024-03
2024-03-13 16:20:00+00:00,2024-03-14 15:40:00+00:00,HTF,buy,2173.6349999999998,2153.2390725922564,2153.4390725922563,2224.1248185193585,0.02,stop_loss,STRONG,268,-40.79185481548666,40.39185481548702,-1.0099029866745874,12.10144971635704,raw,709.284283197358,2.5,6.110000000000127,20.9699999999998,-20.39592740774333,20.19592740774351,1400.0,2024-03
2024-03-18 16:45:00+00:00,2024-03-20 19:00:00+00:00,HTF,buy,2159.395,2178.3143400769577,2142.359466923192,2184.948299615212,0.02,stop_loss,WEAK,579,37.83868015391545,34.0710661536159,1.1105810420875162,94.82141392642637,trail,747.1229633512735,1.5,24.230000000000018,12.349999999999909,18.919340076957724,17.03553307680795,3015.0,2024-03
2024-03-21 06:05:00+00:00,2024-03-21 14:25:00+00:00,HTF,buy,2209.575,2177.4273828966657,2177.6273828966655,2257.496425655001,0.02,stop_loss,WEAK,100,-64.29523420666828,63.89523420666865,-1.0062602478098106,4.403040959571118,raw,682.8277291446052,1.5,2.1100000000001273,33.13999999999987,-32.14761710333414,31.947617103334323,500.0,2024-03
2024-03-26 14:45:00+00:00,2024-03-27 12:05:00+00:00,HTF,buy,2182.095,2184.2050000000004,2158.856364443228,2205.3336355567717,0.02,stop_gap,RANGING,244,4.220000000001164,46.47727111354379,0.0907970691672435,66.31198274250542,locked,687.0477291446064,1.0,15.41000000000031,10.499999999999545,2.110000000000582,23.238635556771897,1280.0,2024-03
2024-03-27 13:20:00+00:00,2024-03-28 12:30:00+00:00,HTF,buy,2186.9049999999997,2209.1825838879145,2162.163612959714,2224.0170805604284,0.02,stop_loss,WEAK,266,44.55516777582943,49.48277408057129,0.9004177434208036,80.56675763924001,trail,731.6028969204358,1.5,29.90000000000009,1.5669999999995525,22.277583887914716,24.741387040285645,1390.0,2024-03
2024-03-28 15:00:00+00:00,2024-04-01 08:40:00+00:00,HTF,buy,2214.4249999999997,2256.3872160297115,2186.265720099038,2256.663919851442,0.02,stop_loss,WEAK,200,83.92443205942345,56.318559801923584,1.490173618689677,121.12052149991992,trail,815.5273289798592,1.5,51.16000000000031,2.3399999999996908,41.962216029711726,28.159279900961792,5380.0,2024-03
2024-04-01 15:20:00+00:00,2024-04-07 22:15:00+00:00,HTF,buy,2238.615,2309.131204030532,2204.427408061063,2324.0839798473417,0.02,stop_loss,STRONG,1175,141.03240806106442,68.3751838778735,2.062625649577275,107.32548833956082,trail,956.5597370409237,2.5,91.73000000000047,3.9799999999995634,70.51620403053221,34.18759193893675,9055.0,2024-04
2024-04-08 06:55:00+00:00,2024-04-12 15:15:00+00:00,HTF,buy,2336.258,2407.5570797586815,2289.0021595173625,2454.397601206593,0.02,stop_loss,STRONG,1204,142.59815951736346,94.51168096527454,1.508788734482004,80.52084062282357,trail,1099.1578965582871,2.5,95.12700000000041,17.682999999999538,71.29907975868173,47.25584048263727,6260.0,2024-04
2024-04-16 08:50:00+00:00,2024-04-19 01:40:00+00:00,HTF,sell,2369.025,2413.019387488265,2412.819387488265,2303.333418767603,0.02,stop_loss,WEAK,742,-87.98877497652938,87.58877497652975,-1.0045667952326862,22.20984748165074,raw,1011.1691215817577,1.5,14.590000000000146,46.09999999999991,-43.99438748826469,43.794387488264874,3890.0,2024-04
2024-04-19 06:45:00+00:00,2024-04-22 11:25:00+00:00,HTF,buy,2384.4449999999997,2340.2667803401296,2340.4667803401294,2428.42321965987,0.02,stop_loss,RANGING,332,-88.35643931974028,87.95643931974064,-1.0045477056949241,39.565039545877454,raw,922.8126822620175,1.0,17.400000000000546,45.149999999999636,-44.17821965987014,43.97821965987032,4600.0,2024-04
2024-04-22 15:30:00+00:00,2024-04-23 01:50:00+00:00,HTF,sell,2336.8450000000003,2296.953882287089,2376.7361177129114,2296.953882287089,0.02,take_profit,RANGING,112,79.78223542582236,79.78223542582236,1.0,103.87525438172626,locked,1002.5949176878398,1.0,41.43700000000035,0.9399999999995998,39.89111771291118,39.89111771291118,620.0,2024-04
2024-04-23 06:15:00+00:00,2024-04-26 07:20:00+00:00,HTF,sell,2304.5550000000003,2345.475291235421,2345.2752912354213,2263.8347087645793,0.02,stop_loss,RANGING,841,-81.84058247084158,81.44058247084195,-1.0049115562274231,32.637291131257854,raw,920.7543352169982,1.0,13.290000000000418,42.5329999999999,-40.92029123542079,40.72029123542097,4385.0,2024-04
2024-04-26 09:15:00+00:00,2024-04-29 01:00:00+00:00,HTF,buy,2351.258,2325.0862861365176,2325.2862861365174,2377.229713863482,0.02,stop_loss,RANGING,177,-52.343427726964364,51.94342772696473,-1.007700685486183,0.6545582663264359,raw,868.4109074900339,1.0,0.17000000000007276,27.11299999999983,-26.171713863482182,25.971713863482364,3825.0,2024-04
2024-04-29 06:00:00+00:00,2024-04-30 13:40:00+00:00,HTF,sell,2329.6850000000004,2308.7047351891515,2357.283675945759,2302.0863240542417,0.02,stop_loss,RANGING,368,41.96052962169779,55.197351891517435,0.7601909907592171,97.61337845680445,trail,910.3714371117317,1.0,26.94000000000051,16.899999999999636,20.980264810848894,27.598675945758714,1900.0,2024-04
2024-04-30 16:40:00+00:00,2024-05-01 18:40:00+00:00,HTF,sell,2295.0950000000003,2324.566769676806,2324.366769676806,2265.8232303231944,0.02,stop_loss,RANGING,300,-58.94353935361142,58.54353935361177,-1.0068325216482656,46.392821991766304,raw,851.4278977581203,1.0,13.580000000000382,29.70999999999958,-29.471769676805707,29.27176967680589,1560.0,2024-04
2024-05-02 13:50:00+00:00,2024-05-03 12:30:00+00:00,HTF,sell,2288.815,2318.087611080389,2317.887611080389,2259.742388919611,0.02,stop_loss,RANGING,260,-58.545222160777485,58.145222160777855,-1.006879327056204,4.2651827748496585,raw,792.8826755973428,1.0,1.2399999999997817,31.73299999999972,-29.272611080388742,29.072611080388924,1360.0,2024-05
2024-05-06 12:40:00+00:00,2024-05-10 12:20:00+00:00,HTF,buy,2324.6549999999997,2368.769478099512,2295.493260331706,2368.39760950244,0.02,stop_loss,WEAK,1100,88.22895619902465,58.323479336587305,1.5127519345999842,122.78645606866172,trail,881.1116317963674,1.5,53.710000000000036,21.09999999999991,44.114478099512326,29.16173966829365,5740.0,2024-05
2024-05-10 14:00:00+00:00,2024-05-13 08:25:00+00:00,HTF,buy,2371.4049999999997,2343.5893010988943,2343.789301098894,2412.8285483516584,0.02,stop_loss,WEAK,209,-55.63139780221081,55.23139780221118,-1.0072422574100346,3.5462920451180677,raw,825.4802339941566,1.5,1.4690000000005057,28.186999999999898,-27.815698901105407,27.61569890110559,3985.0,2024-05
2024-05-13 10:40:00+00:00,2024-05-15 10:45:00+00:00,HTF,buy,2343.185,2366.577801409994,2318.5276713666462,2380.1709929500303,0.02,stop_loss,WEAK,553,46.785602819988526,49.3146572667074,0.948715968296382,83.7884764696437,trail,872.2658368141451,1.5,30.990000000000236,11.199999999999818,23.392801409994263,24.6573286333537,2885.0,2024-05
2024-05-15 13:15:00+00:00,2024-05-16 01:45:00+00:00,HTF,buy,2369.045,2390.6650297599963,2347.67843253332,2401.09485120002,0.02,stop_loss,WEAK,138,43.24005951999243,42.733134933359906,1.011862564902459,88.08153218503075,trail,915.5058963341376,1.5,28.230000000000018,17.309999999999945,21.620029759996214,21.366567466679953,750.0,2024-05
2024-05-16 07:45:00+00:00,2024-05-17 20:50:00+00:00,HTF,buy,2390.095,2414.3097992888115,2363.21099762937,2430.4210035559445,0.02,stop_loss,WEAK,433,48.42959857762344,53.76800474125958,0.9007140735587005,80.54356280294583,trail,963.935494911761,1.5,32.48000000000047,19.249999999999545,24.21479928881172,26.884002370629787,2225.0,2024-05
2024-05-20 07:40:00+00:00,2024-05-22 11:40:00+00:00,HTF,buy,2439.305,2405.63515129413,2405.83515129413,2522.9796217646744,0.02,stop_loss,STRONG,600,-67.33969741173951,66.93969741173987,-1.0059755274592783,9.21426334221568,raw,896.5957975000215,2.5,7.710000000000036,33.72699999999986,-33.669848705869754,33.469848705869936,3120.0,2024-05
2024-05-22 16:05:00+00:00,2024-05-23 14:00:00+00:00,HTF,sell,2393.255,2360.6805627928306,2426.5635426427707,2343.292186035844,0.02,stop_loss,WEAK,251,65.14887441433893,66.61708528554118,0.9779604456588119,85.59766075361969,trail,961.7446719143604,1.5,42.76700000000028,1.6599999999998545,32.57443720716947,33.30854264277059,1315.0,2024-05
2024-05-23 16:00:00+00:00,2024-06-07 05:00:00+00:00,HTF,sell,2349.098,2387.578129120173,2387.378129120173,2253.397677199567,0.02,stop_loss,STRONG,2874,-76.96025824034587,76.56025824034623,-1.0052246427741127,36.01137278488248,raw,884.7844136740146,2.5,34.46299999999974,38.4970000000003,-38.48012912017293,38.280129120173115,20940.0,2024-05
2024-06-10 10:35:00+00:00,2024-06-12 12:35:00+00:00,HTF,sell,2296.3950000000004,2328.703427202162,2328.503427202162,2248.232359196758,0.02,stop_loss,WEAK,576,-64.61685440432302,64.21685440432339,-1.0062288943254858,0.9966230920796126,raw,820.1675592696915,1.5,0.48000000000047294,34.00999999999976,-32.30842720216151,32.10842720216169,3000.0,2024-06
2024-06-12 13:40:00+00:00,2024-06-13 01:40:00+00:00,HTF,sell,2328.068,2311.557739184133,2344.931695920665,2311.2043040793355,0.02,stop_loss,RANGING,132,33.02052163173448,33.727391841329336,0.9790416581003261,119.09014544902045,trail,853.188080901426,1.0,20.083000000000084,11.33999999999969,16.51026081586724,16.863695920664668,720.0,2024-06
2024-06-13 12:15:00+00:00,2024-06-14 00:45:00+00:00,HTF,sell,2307.8250000000003,2305.564037271139,2332.4346272886096,2283.215372711391,0.02,stop_loss,RANGING,138,4.521925457722318,49.219254577218635,0.09187309918779861,50.50868854789026,locked,857.7100063591483,1.0,12.430000000000291,18.669999999999618,2.260962728861159,24.609627288609317,750.0,2024-06
2024-06-17 06:30:00+00:00,2024-06-20 04:35:00+00:00,HTF,sell,2317.4750000000004,2339.6593234967827,2339.459323496783,2284.498514754827,0.02,stop_loss,WEAK,775,-44.36864699356465,43.96864699356502,-1.0090973916040258,33.38742718680624,raw,813.3413593655837,1.5,11.010000000000218,22.292999999999665,-22.184323496782326,21.98432349678251,4205.0,2024-06
2024-06-20 06:25:00+00:00,2024-06-20 14:25:00+00:00,HTF,buy,2344.4179999999997,2354.7250000000004,2327.278350707623,2361.5576492923765,0.02,stop_gap,RANGING,96,20.614000000001397,34.27929858475363,0.6013541948367014,84.93172614958198,trail,833.9553593655851,1.0,14.557000000000244,12.942999999999756,10.307000000000698,17.139649292376816,480.0,2024-06
2024-06-20 16:20:00+00:00,2024-06-21 14:25:00+00:00,HTF,buy,2356.115,2329.933184376325,2330.1331843763246,2395.0877234355125,0.02,stop_loss,WEAK,253,-52.363631247349986,51.96363124735035,-1.0076976914506919,31.927458240349427,raw,781.5917281182351,1.5,12.443000000000211,27.61999999999989,-26.181815623674993,25.981815623675175,1325.0,2024-06
2024-06-24 08:05:00+00:00,2024-06-26 10:25:00+00:00,HTF,buy,2330.5649999999996,2307.6583066094327,2307.8583066094325,2364.6250400858503,0.02,stop_loss,WEAK,580,-45.813386781133886,45.41338678113425,-1.0088079755409434,18.945955388587908,raw,735.7783413371012,1.5,6.453000000000429,22.966999999999643,-22.906693390566943,22.706693390567125,3020.0,2024-06
2024-06-26 10:55:00+00:00,2024-06-27 08:40:00+00:00,HTF,sell,2307.9750000000004,2305.9800333344688,2329.9246666553145,2286.0253333446863,0.02,stop_loss,RANGING,249,3.989933331063185,43.89933331062821,0.090888244311838,66.11034339552145,locked,739.7682746681644,1.0,14.511000000000422,9.752999999999702,1.9949666655315923,21.949666655314104,1305.0,2024-06
2024-06-27 11:50:00+00:00,2024-06-28 10:25:00+00:00,HTF,sell,2316.2850000000003,2335.533127474265,2335.333127474265,2287.712808788603,0.02,stop_loss,WEAK,259,-38.496254948528986,38.09625494852935,-1.010499719737283,1.0499719737298765,raw,701.2720197196354,1.5,0.3000000000001819,19.179999999999836,-19.248127474264493,19.048127474264675,1355.0,2024-06
2024-06-28 11:05:00+00:00,2024-07-01 05:40:00+00:00,HTF,buy,2336.305,2318.2024628195345,2318.4024628195343,2354.2075371804654,0.02,stop_loss,RANGING,211,-36.205074360930666,35.80507436093103,-1.0111716008733136,18.600715454086227,raw,665.0669453587047,1.0,3.330000000000382,17.909999999999854,-18.102537180465333,17.902537180465515,3995.0,2024-06
2024-07-03 10:35:00+00:00,2024-07-03 15:00:00+00:00,HTF,buy,2348.558,2360.538610845211,2328.2760542260553,2368.8399457739447,0.02,stop_loss,RANGING,53,23.961221690422462,40.5638915478894,0.5907032283165938,80.0564215138521,trail,689.0281670491272,1.0,16.23700000000008,6.222999999999956,11.980610845211231,20.2819457739447,265.0,2024-07
2024-07-04 07:25:00+00:00,2024-07-05 13:20:00+00:00,HTF,buy,2356.075,2374.2880294547404,2337.585098182468,2383.809852726298,0.02,stop_loss,WEAK,317,36.42605890948107,36.979803635063945,0.985025752677123,86.38949785113286,trail,725.4542259586083,1.5,23.960000000000036,8.559999999999945,18.213029454740536,18.489901817531972,1795.0,2024-07
2024-07-05 15:15:00+00:00,2024-07-08 15:45:00+00:00,HTF,buy,2385.538,2360.2085542022137,2360.4085542022135,2423.2321686966798,0.02,stop_loss,WEAK,282,-50.65889159557264,50.258891595573004,-1.007958790719429,19.305373355112696,raw,674.7953343630356,1.5,7.277000000000044,32.82999999999993,-25.32944579778632,25.129445797786502,4350.0,2024-07
2024-07-10 10:10:00+00:00,2024-07-11 12:30:00+00:00,HTF,buy,2373.528,2400.973219133778,2355.231187244148,2400.973219133778,0.02,take_profit,WEAK,304,54.89043826755642,36.593625511703976,1.5000000000000124,100.26154233228084,raw,729.685772630592,1.5,27.51700000000028,3.742999999999938,27.44521913377821,18.296812755851988,1580.0,2024-07
2024-07-11 15:25:00+00:00,2024-07-12 12:30:00+00:00,HTF,buy,2420.6079999999997,2392.245157060362,2392.445157060362,2462.8522644094564,0.02,stop_loss,WEAK,241,-56.72568587927527,56.325685879275625,-1.007101555777891,8.964530576966352,raw,672.9600867513168,1.5,3.787000000000262,28.642999999999574,-28.36284293963763,28.162842939637812,1265.0,2024-07
2024-07-12 13:15:00+00:00,2024-07-17 00:00:00+00:00,HTF,buy,2404.1549999999997,2460.5783069251675,2381.5856772299326,2460.5783069251675,0.02,tp_gap,STRONG,393,112.84661385033542,45.13864554013435,2.49999999999999,113.62325870943192,locked,785.8067006016522,2.5,64.11000000000013,4.826999999999771,56.42330692516771,22.569322770067174,6405.0,2024-07
2024-07-17 07:45:00+00:00,2024-07-19 00:00:00+00:00,HTF,buy,2471.298,2434.7098664399073,2434.909866439907,2562.2683339002315,0.02,stop_loss,STRONG,459,-73.176267120185,72.77626712018537,-1.005496297293444,13.465928368950175,raw,712.6304334814672,2.5,12.25,40.75999999999976,-36.5881335600925,36.38813356009268,2415.0,2024-07
2024-07-19 10:10:00+00:00,2024-07-26 01:35:00+00:00,HTF,sell,2411.585,2367.823167226482,2440.821334452964,2338.49416386759,0.02,stop_loss,STRONG,1277,87.52366554703622,58.472668905928,1.496830351421893,80.1468461708079,trail,800.1540990285034,2.5,58.57999999999993,20.360000000000127,43.76183277351811,29.236334452964,9565.0,2024-07
2024-07-26 09:55:00+00:00,2024-07-30 17:00:00+00:00,HTF,sell,2373.4480000000003,2404.754139839164,2404.5541398391642,2326.7887902412544,0.02,stop_loss,WEAK,637,-62.61227967832747,62.21227967832783,-1.0064295988198448,8.422774454005076,raw,737.541819350176,1.5,3.930000000000291,37.349999999999454,-31.306139839163734,31.106139839163916,6185.0,2024-07
2024-07-31 09:10:00+00:00,2024-07-31 23:25:00+00:00,HTF,buy,2421.9649999999997,2444.209286807973,2395.9364340398656,2447.9935659601338,0.02,stop_loss,RANGING,159,44.488573615946734,52.05713192026815,0.8546105398984796,110.9665436207208,trail,782.0303929661227,1.0,28.883000000000266,4.739999999999782,22.244286807973367,26.028565960134074,855.0,2024-07
2024-08-01 06:00:00+00:00,2024-08-02 14:30:00+00:00,HTF,buy,2447.6279999999997,2451.9000323799505,2417.8144508003293,2492.348323799505,0.02,stop_loss,WEAK,378,8.54406475990163,59.62709839934087,0.14329164070133718,66.78395293803919,locked,790.5744577260243,1.5,29.86600000000044,17.55299999999943,4.272032379950815,29.813549199670433,1950.0,2024-08
2024-08-05 07:15:00+00:00,2024-08-05 12:20:00+00:00,HTF,buy,2434.3849999999998,2380.200206703179,2380.400206703179,2515.362189945231,0.02,stop_loss,WEAK,61,-108.36958659364156,107.9695865936419,-1.0037047469812503,13.57172310799289,raw,682.2048711323828,1.5,10.990000000000236,67.65999999999985,-54.18479329682077,53.98479329682095,305.0,2024-08
2024-08-05 17:30:00+00:00,2024-08-12 17:35:00+00:00,HTF,sell,2401.255,2466.2515959170696,2466.05159591707,2304.0601061243956,0.02,stop_loss,WEAK,1381,-129.993191834139,129.59319183413936,-1.0030865818978483,23.033102982397725,raw,552.2116792982438,1.5,22.38700000000017,65.65299999999979,-64.9965959170695,64.79659591706968,10085.0,2024-08
2024-08-13 12:15:00+00:00,2024-08-14 15:45:00+00:00,HTF,buy,2465.975,2443.325540100738,2443.525540100738,2499.649189848893,0.02,stop_loss,WEAK,318,-45.29891979852346,44.89891979852382,-1.0089089002985945,40.80276336760002,raw,506.9127594997203,1.5,13.740000000000236,24.027000000000044,-22.64945989926173,22.44945989926191,1650.0,2024-08
2024-08-15 07:45:00+00:00,2024-08-15 13:10:00+00:00,HTF,buy,2455.975,2433.053006440236,2433.253006440236,2490.057990339646,0.02,stop_loss,WEAK,65,-45.84398711952781,45.443987119528174,-1.0088020445685706,40.988187541015215,raw,461.0687723801925,1.5,13.970000000000255,23.960000000000036,-22.921993559763905,22.721993559764087,325.0,2024-08
2024-08-16 09:00:00+00:00,2024-08-16 13:00:00+00:00,HTF,buy,2462.395,2487.220040368391,2438.170201841955,2486.619798158045,0.02,stop_loss,RANGING,48,49.650080736782,48.44959631608981,1.0247780066702747,124.21156124269892,trail,510.7188531169745,1.0,30.090000000000146,1.3299999999999272,24.825040368391,24.224798158044905,240.0,2024-08
2024-08-16 13:30:00+00:00,2024-08-18 22:00:00+00:00,HTF,buy,2489.095,2503.9197354100543,2465.3186770502693,2512.8713229497303,0.02,stop_loss,RANGING,90,29.64947082010895,47.55264589946091,0.6235083297530049,87.91519211862496,trail,540.3683239370835,1.0,20.903000000000247,11.779999999999745,14.824735410054473,23.776322949730456,3390.0,2024-08
2024-08-19 08:10:00+00:00,2024-08-20 12:35:00+00:00,HTF,buy,2504.935,2522.610160647256,2476.29580323628,2533.57419676372,0.02,stop_loss,RANGING,329,35.35032129451247,57.27839352744013,0.6171667729748275,82.41502090554502,trail,575.7186452315959,1.0,23.603000000000065,19.420000000000073,17.675160647256234,28.639196763720065,1705.0,2024-08
2024-08-20 13:20:00+00:00,2024-08-20 16:00:00+00:00,HTF,buy,2526.725,2502.398142025873,2502.5981420258727,2550.851857974127,0.02,stop_loss,RANGING,32,-48.6537159482541,48.25371594825447,-1.0082895170276334,20.03161789729445,raw,527.0649292833418,1.0,4.833000000000084,26.039999999999964,-24.32685797412705,24.126857974127233,160.0,2024-08
2024-08-20 16:55:00+00:00,2024-08-22 14:10:00+00:00,HTF,buy,2509.134,2478.034140603635,2478.234140603635,2540.033859396365,0.02,stop_loss,RANGING,519,-62.19971879272998,61.79971879273035,-1.00647252136116,34.50177511569563,raw,464.86521049061184,1.0,10.661000000000058,34.246000000000095,-31.09985939636499,30.899859396365173,2715.0,2024-08
2024-08-23 06:55:00+00:00,2024-08-23 14:15:00+00:00,HTF,buy,2493.0049999999997,2513.054525373468,2470.65262686734,2515.357373132659,0.02,stop_loss,RANGING,88,40.09905074693688,44.704746265319045,0.8969752452894435,110.63702208812427,trail,504.9642612375487,1.0,24.730000000000473,1.449999999999818,20.04952537346844,22.352373132659523,440.0,2024-08
2024-08-23 15:30:00+00:00,2024-08-28 01:50:00+00:00,HTF,buy,2515.9649999999997,2517.9770774103267,2493.8442258967307,2538.0857741032687,0.02,stop_loss,RANGING,664,4.024154820654076,44.24154820653803,0.09095872508501827,58.42019786319532,locked,508.9884160582028,1.0,12.92300000000023,14.29699999999957,2.012077410327038,22.120774103269014,6380.0,2024-08
2024-08-28 11:10:00+00:00,2024-08-29 15:05:00+00:00,HTF,sell,2503.945,2525.2666835325476,2525.066683532548,2482.8233164674525,0.02,stop_loss,RANGING,323,-42.643367065094935,42.2433670650953,-1.0094689421745964,49.38053344056637,raw,466.34504899310787,1.0,10.430000000000291,21.552999999999884,-21.321683532547468,21.12168353254765,1675.0,2024-08
2024-08-29 16:20:00+00:00,2024-08-30 16:55:00+00:00,HTF,buy,2523.008,2496.314740726994,2496.5147407269938,2549.501259273006,0.02,stop_loss,RANGING,283,-53.386518546011764,52.98651854601212,-1.0075490900511286,20.948724891901342,raw,412.9585304470961,1.0,5.550000000000182,26.522999999999683,-26.69325927300588,26.49325927300606,1475.0,2024-08
2024-09-02 16:50:00+00:00,2024-09-04 02:35:00+00:00,HTF,sell,2499.3750000000005,2496.256884836911,2521.495767753929,2466.1938483691074,0.02,stop_loss,WEAK,351,6.236230326178884,44.24153550785741,0.14095872248989447,78.74952711307472,locked,419.194760773275,1.5,26.130000000000564,6.789999999999509,3.118115163089442,22.120767753928703,2025.0,2024-09
2024-09-04 06:40:00+00:00,2024-09-05 08:10:00+00:00,HTF,sell,2487.175,2509.4016870158657,2509.201687015866,2454.1349694762016,0.02,stop_loss,WEAK,294,-44.45337403173107,44.05337403173144,-1.0090798947592872,46.782644431477536,raw,374.7413867415439,1.5,15.457000000000335,22.179999999999836,-22.226687015865537,22.02668701586572,1530.0,2024-09
2024-09-05 08:40:00+00:00,2024-09-06 16:15:00+00:00,HTF,buy,2515.225,2494.201610196434,2494.401610196434,2546.460084705349,0.02,stop_loss,WEAK,367,-42.04677960713161,41.646779607131975,-1.0096045841664822,44.50123997140859,raw,332.6946071344123,1.5,13.900000000000091,22.277000000000044,-21.023389803565806,20.823389803565988,1895.0,2024-09
2024-09-09 09:00:00+00:00,2024-09-11 01:35:00+00:00,HTF,sell,2493.7050000000004,2520.695966154221,2520.495966154221,2453.5185507686692,0.02,stop_loss,WEAK,463,-53.98193230844117,53.58193230844154,-1.007465202966124,1.7667647019855224,raw,278.71267482597113,1.5,0.7100000000004911,27.249999999999545,-26.990966154220587,26.79096615422077,2435.0,2024-09
2024-09-11 06:05:00+00:00,2024-09-11 12:35:00+00:00,HTF,buy,2523.085,2505.4383548014853,2505.638354801485,2540.531645198515,0.02,stop_loss,RANGING,78,-35.29329039702952,34.89329039702989,-1.011463521939269,33.244213623911364,raw,243.4193844289416,1.0,5.800000000000182,18.085000000000036,-17.64664519851476,17.446645198514943,390.0,2024-09
2024-09-11 15:15:00+00:00,2024-09-12 12:55:00+00:00,HTF,buy,2513.265,2530.051422068125,2488.532110340624,2537.9978896593757,0.02,stop_loss,RANGING,248,33.57284413624984,49.46577931875163,0.6787084849085345,88.67948833340454,trail,276.99222856519145,1.0,21.932999999999993,3.5899999999996908,16.78642206812492,24.732889659375815,1300.0,2024-09
2024-09-12 13:45:00+00:00,2024-09-13 00:45:00+00:00,HTF,buy,2546.984,2558.494131046025,2527.5796552301226,2566.388344769877,0.02,stop_loss,RANGING,120,23.02026209204996,38.808689539754596,0.5931728786788488,80.34798487091062,trail,300.0124906572414,1.0,15.59100000000035,5.28899999999976,11.51013104602498,19.404344769877298,660.0,2024-09
2024-09-13 07:05:00+00:00,2024-09-17 10:35:00+00:00,HTF,buy,2567.5049999999997,2570.946652250496,2543.227318330027,2603.9215225049584,0.02,stop_loss,WEAK,594,6.883304500992381,48.55536333994496,0.1417619811183599,60.43959852839652,locked,306.8957951582338,1.5,22.01000000000022,3.9209999999998217,3.4416522504961904,24.27768166997248,5970.0,2024-09
2024-09-17 11:55:00+00:00,2024-09-18 18:40:00+00:00,HTF,buy,2579.9449999999997,2582.9987986561055,2558.253008959295,2612.4829865610564,0.02,stop_loss,WEAK,357,6.10759731221151,43.38398208140916,0.1407800072559206,61.6202848396194,locked,313.0033924704453,1.5,20.050000000000182,18.960999999999785,3.053798656105755,21.69199104070458,1845.0,2024-09
2024-09-19 09:00:00+00:00,2024-09-25 06:10:00+00:00,HTF,buy,2586.098,2653.2577449671844,2552.3174899343685,2670.5492751640786,0.02,stop_loss,STRONG,1070,134.3194899343689,67.56102013126292,1.9881211040538216,99.76166711078359,trail,447.3228824048142,2.5,84.25,16.472999999999956,67.15974496718445,33.78051006563146,8470.0,2024-09
2024-09-25 13:05:00+00:00,2024-09-30 10:35:00+00:00,HTF,buy,2664.225,2639.327398642606,2639.527398642606,2725.969003393485,0.02,stop_loss,STRONG,798,-49.79520271478759,49.395202714787956,-1.0080979523924474,34.3029263344384,raw,397.5276796900266,2.5,21.18000000000029,25.360000000000127,-24.897601357393796,24.697601357393978,7050.0,2024-09
2024-09-30 13:40:00+00:00,2024-10-01 13:30:00+00:00,HTF,sell,2631.585,2662.700898931251,2662.500898931251,2554.2952526718727,0.02,stop_loss,STRONG,274,-62.23179786250148,61.831797862501844,-1.0064691633403438,9.117638811888675,raw,335.29588182752514,2.5,7.0470000000000255,33.82999999999993,-31.11589893125074,30.915898931250922,1430.0,2024-09
2024-10-01 16:35:00+00:00,2024-10-02 15:05:00+00:00,HTF,buy,2671.428,2641.987350774173,2642.187350774173,2715.2889738387403,0.02,stop_loss,WEAK,258,-58.8812984516535,58.48129845165386,-1.0068397934141342,3.3742980843092956,raw,276.41458337587164,1.5,1.4800000000000182,29.462999999999738,-29.440649225826746,29.240649225826928,1350.0,2024-10
2024-10-04 07:50:00+00:00,2024-10-04 12:30:00+00:00,HTF,buy,2661.765,2639.828546139424,2640.0285461394237,2683.501453860576,0.02,stop_loss,RANGING,56,-43.87290772115193,43.472907721152296,-1.009201132865677,3.1743908386616906,raw,232.5416756547197,1.0,0.6900000000000546,24.31999999999971,-21.936453860575966,21.736453860576148,280.0,2024-10
2024-10-07 16:30:00+00:00,2024-10-08 15:45:00+00:00,HTF,sell,2643.2050000000004,2611.3497476239877,2675.778738119938,2610.6312618800625,0.02,stop_loss,RANGING,267,63.71050475202538,65.14747623987569,0.9779427911749133,118.59246813418484,trail,296.2521804067451,1.0,38.63000000000011,9.679999999999836,31.855252376012686,32.57373811993784,1395.0,2024-10
2024-10-09 07:10:00+00:00,2024-10-11 02:25:00+00:00,HTF,sell,2611.525,2639.958120101402,2639.7581201014023,2569.175319847897,0.02,stop_loss,WEAK,483,-56.866240202803965,56.46624020280433,-1.0070838787665515,23.119419001122985,raw,239.38594020394112,1.5,9.791000000000167,28.909999999999854,-28.433120101401983,28.233120101402164,2595.0,2024-10
2024-10-11 07:45:00+00:00,2024-10-21 14:40:00+00:00,HTF,buy,2645.025,2726.8552785717575,2620.719557143514,2705.788607141215,0.02,stop_loss,STRONG,1739,163.66055714351478,48.61088571297205,3.3667470720419557,156.99035078399208,trail,403.0464973474559,2.5,95.39300000000003,9.0,81.83027857175739,24.305442856486025,14815.0,2024-10
2024-10-21 16:55:00+00:00,2024-10-23 11:00:00+00:00,HTF,buy,2723.585,2749.2482260367183,2695.162420122394,2766.218869816409,0.02,stop_loss,WEAK,481,51.32645207343649,56.84515975521208,0.9029168410197038,81.51500239048042,trail,454.3729494208924,1.5,34.753000000000156,9.420000000000073,25.663226036718243,28.42257987760604,2525.0,2024-10
2024-10-23 11:55:00+00:00,2024-10-23 14:10:00+00:00,HTF,buy,2749.9849999999997,2727.540530203609,2727.7405302036086,2783.3517046945863,0.02,stop_loss,WEAK,27,-44.88893959278175,44.48893959278212,-1.0089909987439785,1.1088898450927172,raw,409.48400982811063,1.5,0.3700000000003456,24.139999999999418,-22.444469796390877,22.24446979639106,135.0,2024-10
2024-10-24 08:55:00+00:00,2024-10-30 12:15:00+00:00,HTF,buy,2736.875,2776.247877986317,2713.2807559726334,2795.8606100684165,0.02,stop_loss,STRONG,1144,78.74575597263356,47.18848805473317,1.6687492907443362,89.50149017491955,trail,488.2297658007442,2.5,52.79300000000012,19.98999999999978,39.37287798631678,23.594244027366585,8840.0,2024-10
2024-10-30 13:10:00+00:00,2024-10-31 13:35:00+00:00,HTF,buy,2787.125,2763.6701546785125,2763.8701546785123,2822.0072679822315,0.02,stop_loss,WEAK,281,-46.909690642974965,46.50969064297533,-1.008600358215026,8.256343886432894,raw,441.3200751577692,1.5,2.880000000000109,23.40000000000009,-23.454845321487483,23.254845321487664,1465.0,2024-10
2024-11-01 08:45:00+00:00,2024-11-05 02:35:00+00:00,HTF,buy,2753.6549999999997,2729.5663497298956,2729.7663497298954,2789.4879754051562,0.02,stop_loss,WEAK,466,-48.17730054020831,47.77730054020867,-1.008372176650353,23.422559542159156,raw,393.1427746175609,1.5,8.393000000000029,27.249999999999545,-24.088650270104154,23.888650270104336,5390.0,2024-11
2024-11-05 08:10:00+00:00,2024-11-06 06:40:00+00:00,HTF,sell,2732.0750000000003,2706.1421754365592,2755.5608771827983,2708.589122817202,0.02,stop_loss,RANGING,258,51.8656491268821,46.9717543655961,1.1041880344343806,131.2703790454182,trail,445.008423744443,1.0,30.830000000000382,17.799999999999727,25.932824563441045,23.48587718279805,1350.0,2024-11
2024-11-06 08:15:00+00:00,2024-11-06 12:00:00+00:00,HTF,sell,2731.665,2704.4270001767513,2773.125000883758,2690.204999116242,0.02,stop_loss,RANGING,45,54.475999646497264,82.92000176751571,0.6569705557801674,86.17944823536511,trail,499.48442339094026,1.0,35.73000000000002,1.9329999999999927,27.23799982324863,41.46000088375786,225.0,2024-11
2024-11-06 12:30:00+00:00,2024-11-06 14:45:00+00:00,HTF,sell,2693.915,2662.3476681593997,2740.4283407969992,2647.4016592030007,0.02,stop_loss,RANGING,27,63.13466368120044,93.02668159399855,0.678672641003605,89.47970471879098,trail,562.6190870721407,1.0,41.61999999999989,9.220000000000255,31.567331840600218,46.51334079699927,135.0,2024-11
2024-11-07 06:30:00+00:00,2024-11-07 15:30:00+00:00,HTF,sell,2655.8250000000003,2700.229229565687,2700.0292295656873,2545.3144260857825,0.02,stop_loss,STRONG,108,-88.80845913137364,88.408459131374,-1.004524453925899,0.8324995223662577,raw,473.81062794076706,2.5,0.9200000000000728,44.21299999999974,-44.40422956568682,44.204229565687,540.0,2024-11
2024-11-08 06:10:00+00:00,2024-11-12 13:05:00+00:00,HTF,sell,2690.3050000000003,2607.728528978121,2724.012057956243,2606.0373551093935,0.02,stop_loss,STRONG,635,165.15294204375823,67.41411591248561,2.4498273070606364,119.61530446335726,trail,638.9635699845253,2.5,100.79700000000003,13.629999999999654,82.57647102187912,33.70705795624281,6175.0,2024-11
2024-11-12 15:30:00+00:00,2024-11-18 01:25:00+00:00,HTF,sell,2601.6150000000002,2593.2108338524176,2636.031664590329,2515.5733385241783,0.02,stop_loss,STRONG,935,16.8083322951652,68.83332918065753,0.2441888616349014,75.48784959045862,locked,655.7719022796905,2.5,64.95100000000002,17.01299999999992,8.4041661475826,34.416664590328764,7795.0,2024-11
2024-11-18 07:20:00+00:00,2024-11-19 13:30:00+00:00,HTF,buy,2584.6949999999997,2629.1493582644644,2551.8428608815466,2633.9732086776794,0.02,stop_loss,WEAK,350,88.90871652892929,65.70427823690625,1.3531648001421779,110.8603609301751,trail,744.6806188086198,1.5,54.630000000000564,3.149999999999636,44.454358264464645,32.852139118453124,1810.0,2024-11
2024-11-19 15:45:00+00:00,2024-11-21 01:55:00+00:00,HTF,buy,2624.6949999999997,2651.521168784843,2596.148895949477,2667.514156075784,0.02,stop_loss,WEAK,386,53.652337569687006,57.092208101045806,0.9397488616087387,83.1170047747103,trail,798.3329563783068,1.5,35.590000000000146,5.989999999999782,26.826168784843503,28.5461040505229,2050.0,2024-11
2024-11-21 06:45:00+00:00,2024-11-22 03:40:00+00:00,HTF,buy,2661.025,2682.945937263134,2636.9281242104466,2697.1703136843303,0.02,stop_loss,WEAK,239,43.84187452626793,48.1937515791069,0.9097003883232528,81.20001463073153,trail,842.1748309045747,1.5,29.34999999999991,1.1199999999998909,21.920937263133965,24.09687578955345,1255.0,2024-11
2024-11-22 06:35:00+00:00,2024-11-22 13:25:00+00:00,HTF,buy,2687.915,2691.783730093333,2660.7901327111135,2728.6023009333294,0.02,stop_loss,WEAK,82,7.737460186665886,54.24973457777287,0.1426266920361315,54.36585738691766,locked,849.9122910912406,1.5,22.11999999999989,0.5,3.8687300933329425,27.124867288886435,410.0,2024-11
2024-11-22 16:15:00+00:00,2024-11-25 03:25:00+00:00,HTF,buy,2704.2149999999997,2669.3980640153277,2669.5980640153275,2756.1404039770077,0.02,stop_loss,WEAK,122,-69.633871969344,69.23387196934436,-1.005777518844775,32.681498265308385,raw,780.2784191218966,1.5,16.970000000000255,45.39099999999962,-34.816935984672,34.61693598467218,3550.0,2024-11
2024-11-26 06:50:00+00:00,2024-12-09 14:30:00+00:00,HTF,sell,2622.5950000000003,2670.6815414903167,2670.481541490317,2502.8786462742087,0.02,stop_loss,STRONG,2519,-96.1730829806329,95.77308298063326,-1.0041765388306496,9.962715726640607,raw,684.1053361412637,2.5,11.927000000000135,48.09999999999991,-48.08654149031645,47.88654149031663,19180.0,2024-11
2024-12-10 07:00:00+00:00,2024-12-10 15:30:00+00:00,HTF,buy,2669.115,2685.689637776621,2643.7381888831046,2694.491811116895,0.02,stop_loss,RANGING,102,33.14927555324266,50.75362223379034,0.653141078296729,88.73849395918668,trail,717.2546116945064,1.0,22.519000000000233,8.05099999999993,16.57463777662133,25.37681111689517,510.0,2024-12
2024-12-10 16:10:00+00:00,2024-12-12 01:15:00+00:00,HTF,buy,2689.3979999999997,2717.1362574605437,2660.1688582018105,2733.241712697283,0.02,stop_loss,WEAK,373,55.47651492108798,58.45828359637836,0.9489932223142606,83.72238056900375,trail,772.7311266155943,1.5,36.707000000000335,15.052999999999429,27.73825746054399,29.229141798189175,1985.0,2024-12
2024-12-12 06:45:00+00:00,2024-12-12 14:35:00+00:00,HTF,buy,2715.7839999999997,2682.1085292024236,2682.3085292024234,2765.997206196364,0.02,stop_loss,WEAK,94,-67.35094159515211,66.95094159515247,-1.0059745238897222,9.02352258145282,raw,705.3801850204422,1.5,4.531000000000404,35.05899999999974,-33.675470797576054,33.475470797576236,470.0,2024-12
2024-12-13 13:40:00+00:00,2024-12-18 19:25:00+00:00,HTF,sell,2662.6850000000004,2623.758535969496,2690.9634532316527,2620.267320152522,0.02,stop_loss,WEAK,897,77.85292806100915,56.55690646330459,1.3765414859018483,112.24093390112803,trail,783.2331130814514,1.5,47.61000000000013,1.7299999999995634,38.926464030504576,28.278453231652293,7545.0,2024-12
2024-12-19 10:45:00+00:00,2024-12-19 15:35:00+00:00,HTF,buy,2623.545,2587.182190201517,2587.382190201517,2713.9520244962077,0.02,stop_loss,STRONG,58,-72.72561959696577,72.32561959696613,-1.0055305437026136,0.1139292002740186,raw,710.5074934844856,2.5,0.10300000000006548,36.43000000000029,-36.362809798482886,36.16280979848307,290.0,2024-12
2024-12-19 17:15:00+00:00,2024-12-20 15:35:00+00:00,HTF,sell,2592.0950000000003,2628.763021263639,2628.5630212636393,2500.9249468409025,0.02,stop_loss,STRONG,256,-73.33604252727764,72.936042527278,-1.0054842569755555,2.873750655194062,raw,637.171450957208,2.5,2.6200000000003456,36.802999999999884,-36.66802126363882,36.468021263639,1340.0,2024-12
2024-12-23 16:00:00+00:00,2024-12-26 15:10:00+00:00,HTF,sell,2609.5550000000003,2634.8076898057056,2634.607689805706,2571.9759652914418,0.02,stop_loss,WEAK,503,-50.50537961141072,50.10537961141108,-1.00798317472299,3.991587361499824,raw,586.6660713457973,1.5,1.5000000000004547,25.342999999999847,-25.25268980570536,25.05268980570554,4270.0,2024-12
2024-12-26 15:50:00+00:00,2024-12-27 13:20:00+00:00,HTF,buy,2638.758,2620.9432435602284,2621.1432435602283,2665.180134659657,0.02,stop_loss,WEAK,245,-35.629512879542744,35.22951287954311,-1.0113541166852724,0.4920117230293274,raw,551.0365584662545,1.5,0.13000000000010914,18.442999999999756,-17.814756439771372,17.614756439771554,1290.0,2024-12
2024-12-27 16:05:00+00:00,2024-12-30 15:45:00+00:00,HTF,sell,2617.2740000000003,2603.776370255035,2638.3308512751787,2596.217148724822,0.02,stop_loss,RANGING,272,26.995259489930508,42.11370255035672,0.6410089318945871,85.0507028138226,trail,578.031817956185,1.0,17.90900000000056,10.710999999999785,13.497629744965252,21.05685127517836,4300.0,2024-12
2024-12-31 06:05:00+00:00,2024-12-31 15:50:00+00:00,HTF,sell,2603.795,2625.442268242099,2625.2422682420993,2571.6240976368513,0.02,stop_loss,WEAK,117,-43.294536484198034,42.8945364841984,-1.0093251969314785,0.0,raw,534.737281471987,1.5,0.0,22.09999999999991,-21.647268242099017,21.4472682420992,585.0,2024-12
2025-01-02 07:00:00+00:00,2025-01-02 13:20:00+00:00,HTF,buy,2634.335,2636.2355058942103,2613.329941057899,2655.340058942101,0.02,stop_loss,RANGING,76,3.80101178842051,42.01011788420237,0.09047848422843525,56.79584157742168,locked,538.5382932604075,1.0,11.929999999999836,3.349999999999909,1.900505894210255,21.005058942101186,380.0,2025-01
2025-01-02 13:55:00+00:00,2025-01-03 01:35:00+00:00,HTF,buy,2642.964,2657.5386363491048,2620.082181745523,2665.845818254477,0.02,stop_loss,RANGING,128,29.149272698209643,45.76363650895382,0.6369527188361983,84.56932829721265,trail,567.6875659586171,1.0,19.351000000000113,2.8289999999997235,14.574636349104821,22.88181825447691,700.0,2025-01
2025-01-03 06:40:00+00:00,2025-01-06 04:20:00+00:00,HTF,buy,2659.2479999999996,2635.6391055339946,2635.8391055339944,2694.3613416990074,0.02,stop_loss,WEAK,248,-47.21778893201008,46.817788932010444,-1.0085437610174313,2.6115429509982584,raw,520.4697770266071,1.5,0.9170000000003711,24.30299999999943,-23.60889446600504,23.408894466005222,4180.0,2025-01
2025-01-07 11:55:00+00:00,2025-01-07 15:00:00+00:00,HTF,buy,2648.455,2650.567887350089,2625.32612649911,2671.5838735008897,0.02,stop_loss,RANGING,37,4.22577470017859,46.257747001779535,0.0913527997811053,67.63407651219262,locked,524.6955517267857,1.0,15.643000000000029,1.9099999999998545,2.112887350089295,23.128873500889767,185.0,2025-01
2025-01-07 16:45:00+00:00,2025-01-08 17:35:00+00:00,HTF,buy,2654.198,2656.626176507051,2627.9162349294925,2680.4797650705073,0.02,stop_loss,RANGING,286,4.856353014101842,52.56353014101478,0.092390161031298,59.53177025221057,locked,529.5519047408875,1.0,15.646000000000186,9.10299999999961,2.428176507050921,26.28176507050739,1490.0,2025-01
2025-01-09 09:35:00+00:00,2025-01-10 13:30:00+00:00,HTF,buy,2663.835,2667.1038148664447,2640.7095675570367,2698.523148664445,0.02,stop_loss,WEAK,323,6.5376297328894,46.2508648859266,0.14135151308010882,55.07068187694995,locked,536.0895344737769,1.5,19.103000000000065,1.287000000000262,3.2688148664447,23.1254324429633,1675.0,2025-01
2025-01-13 06:10:00+00:00,2025-01-13 15:55:00+00:00,HTF,buy,2688.335,2660.652396188784,2660.852396188784,2757.04150952804,0.02,stop_loss,STRONG,117,-55.365207622431626,54.96520762243199,-1.0072773308298464,4.220851881314921,raw,480.72432685134527,2.5,2.900000000000091,27.485999999999876,-27.682603811215813,27.482603811215995,585.0,2025-01
2025-01-13 17:40:00+00:00,2025-01-15 13:30:00+00:00,HTF,sell,2659.965,2690.9743572856655,2690.7743572856657,2582.9416067858365,0.02,stop_loss,STRONG,502,-62.01871457133075,61.61871457133111,-1.0064915343135987,4.349327990115527,raw,418.7056122800145,2.5,3.350000000000364,33.103999999999814,-31.009357285665374,30.809357285665556,2630.0,2025-01
2025-01-16 07:35:00+00:00,2025-01-16 18:25:00+00:00,HTF,buy,2697.355,2718.2322409943586,2676.9124699811946,2728.018795028208,0.02,stop_loss,WEAK,130,41.75448198871709,40.885060037610856,1.0212650281131161,88.73657019611989,trail,460.4600942687316,1.5,27.210000000000036,1.400000000000091,20.877240994358544,20.442530018805428,650.0,2025-01
2025-01-17 07:05:00+00:00,2025-01-19 23:20:00+00:00,HTF,buy,2714.278,2694.3682296050038,2694.5682296050036,2743.8426555924943,0.02,stop_loss,WEAK,182,-39.81954078999206,39.419540789992425,-1.0101472516417844,9.832686840898429,raw,420.64055347873955,1.5,2.907000000000153,21.928999999999633,-19.90977039499603,19.709770394996212,3855.0,2025-01
2025-01-20 06:35:00+00:00,2025-01-22 06:15:00+00:00,HTF,buy,2709.585,2751.367874002935,2686.5612466764496,2744.1206299853256,0.02,stop_loss,WEAK,518,83.56574800586986,46.04750664710082,1.8147724836938857,141.56394431134893,trail,504.2063014846094,1.5,48.88999999999987,8.086999999999989,41.78287400293493,23.02375332355041,2860.0,2025-01
2025-01-22 07:15:00+00:00,2025-01-27 02:20:00+00:00,HTF,buy,2749.915,2755.5406952714843,2726.6122189140633,2808.1719527148416,0.02,stop_loss,STRONG,769,11.251390542968693,46.605562171873316,0.241417333439204,61.64071123969348,locked,515.4576920275781,2.5,35.91000000000031,14.25,5.6256952714843464,23.302781085936658,6905.0,2025-01
2025-01-28 10:20:00+00:00,2025-01-30 09:15:00+00:00,HTF,sell,2743.2980000000002,2767.820151589255,2767.6201515892553,2706.814772616118,0.02,stop_loss,WEAK,407,-49.044303178509836,48.6443031785102,-1.0082229567259244,6.833277039250513,raw,466.41338884906827,1.5,2.493000000000393,25.07199999999966,-24.522151589254918,24.3221515892551,2815.0,2025-01
2025-01-30 11:00:00+00:00,2025-01-30 18:10:00+00:00,HTF,buy,2774.79,2794.1719559009803,2755.0497795048996,2794.5302204951004,0.02,stop_loss,RANGING,86,38.7639118019606,39.480440990200805,0.9818510338215815,119.19826329113414,trail,505.1773006510289,1.0,23.5300000000002,3.230000000000018,19.3819559009803,19.740220495100402,430.0,2025-01
2025-01-31 07:05:00+00:00,2025-01-31 20:20:00+00:00,HTF,buy,2796.1099999999997,2799.194938616042,2774.2104092263876,2828.959386160418,0.02,stop_loss,WEAK,159,6.169877232084218,43.79918154722418,0.14086740925585264,64.29343883889295,locked,511.3471778831131,1.5,21.120000000000346,5.089999999999691,3.084938616042109,21.89959077361209,795.0,2025-01
2025-02-03 11:50:00+00:00,2025-02-03 16:50:00+00:00,HTF,sell,2797.15,2828.8907856999012,2828.6907856999014,2749.8388214501483,0.02,stop_loss,WEAK,60,-63.481571399802306,63.08157139980267,-1.0063409961280845,8.750574656764375,raw,447.8656064833108,1.5,4.139999999999873,32.190000000000055,-31.740785699901153,31.540785699901335,300.0,2025-02
2025-02-04 08:00:00+00:00,2025-02-05 12:50:00+00:00,HTF,buy,2814.98,2867.6018063110687,2784.0193543702276,2861.4209684446587,0.02,stop_loss,WEAK,334,105.24361262213733,61.92129125954489,1.6996353028396272,133.9119361262001,trail,553.1092191054481,1.5,62.190000000000055,7.789999999999964,52.62180631106867,30.960645629772443,1730.0,2025-02
2025-02-05 17:05:00+00:00,2025-02-06 16:55:00+00:00,HTF,buy,2873.47,2843.241727555813,2843.441727555813,2948.5406811104667,0.02,stop_loss,STRONG,274,-60.45654488837317,60.056544888373544,-1.006660389816682,12.015343229305463,raw,492.65267421707495,2.5,9.019999999999982,32.32999999999993,-30.228272444186587,30.02827244418677,1430.0,2025-02
2025-02-07 11:30:00+00:00,2025-02-11 04:35:00+00:00,HTF,buy,2868.77,2929.401990002056,2842.8139800041126,2933.6600499897186,0.02,stop_loss,STRONG,469,121.26398000411245,51.91203999177469,2.335950966737704,113.74625233251425,trail,613.9166542211874,2.5,73.80999999999995,16.38000000000011,60.63199000205623,25.956019995887345,5345.0,2025-02
2025-02-11 06:20:00+00:00,2025-02-12 15:15:00+00:00,HTF,buy,2919.37,2875.814186010766,2876.014186010766,3027.7595349730846,0.02,stop_loss,STRONG,383,-87.11162797846737,86.71162797846773,-1.0046129914675224,9.124497122767632,raw,526.80502624272,2.5,9.890000000000327,45.56999999999971,-43.555813989233684,43.355813989233866,1975.0,2025-02
2025-02-13 06:30:00+00:00,2025-02-14 19:40:00+00:00,HTF,buy,2917.89,2886.3523868196653,2886.552386819665,2964.896419770502,0.02,stop_loss,WEAK,434,-63.07522636066915,62.67522636066951,-1.0063821069859056,47.16377062588478,raw,463.7297998820509,1.5,22.170000000000073,32.179999999999836,-31.537613180334574,31.337613180334756,2230.0,2025-02
2025-02-17 09:05:00+00:00,2025-02-19 13:55:00+00:00,HTF,buy,2898.64,2934.982618286524,2860.848727621746,2955.3269085673805,0.02,stop_loss,WEAK,580,72.68523657304831,75.58254475650756,0.9616669669856572,85.39890642026802,trail,536.4150364550992,1.5,48.41000000000031,6.6599999999998545,36.34261828652416,37.79127237825378,3170.0,2025-02
2025-02-19 14:40:00+00:00,2025-02-20 15:45:00+00:00,HTF,buy,2936.1699999999996,2938.600927601715,2909.860723982849,2962.4792760171504,0.02,stop_loss,RANGING,289,4.861855203430423,52.6185520343015,0.09239811844805286,71.22963014179417,locked,541.2768916585296,1.0,18.740000000000236,17.55999999999949,2.4309276017152115,26.30927601715075,1505.0,2025-02
2025-02-21 15:30:00+00:00,2025-02-25 17:35:00+00:00,HTF,sell,2928.9300000000003,2908.1099999999997,2962.3037032015195,2895.556296798481,0.02,stop_gap,RANGING,577,41.64000000000124,66.74740640303844,0.6238444644360852,85.0969394331621,trail,582.9168916585309,1.0,28.40000000000009,27.249999999999545,20.82000000000062,33.37370320151922,5885.0,2025-02
2025-02-26 06:20:00+00:00,2025-02-26 17:25:00+00:00,HTF,sell,2914.21,2910.4771989785845,2953.5380102141526,2874.8819897858475,0.02,stop_loss,RANGING,133,7.465602042831051,78.65602042830506,0.09491456600751809,59.601286391969474,locked,590.3824937013619,1.0,23.440000000000055,6.809999999999945,3.7328010214155256,39.32801021415253,665.0,2025-02
2025-02-27 06:35:00+00:00,2025-02-28 11:05:00+00:00,HTF,sell,2901.15,2860.324044712649,2931.3968157088298,2855.7797764367556,0.02,stop_loss,WEAK,330,81.65191057470201,60.493631417659344,1.3497604402513375,110.42484710299534,trail,672.0344042760639,1.5,50.09999999999991,0.8600000000001273,40.82595528735101,30.246815708829672,1710.0,2025-02
2025-03-03 06:35:00+00:00,2025-03-14 15:35:00+00:00,HTF,buy,2866.81,2986.230897783371,2829.971795566742,2958.905511083145,0.02,stop_loss,STRONG,2604,238.8417955667419,73.67640886651589,3.2417676056859173,149.88787007802756,trail,910.8761998428058,2.5,138.03999999999996,7.980000000000018,119.42089778337095,36.83820443325794,16380.0,2025-03
2025-03-17 08:00:00+00:00,2025-03-18 11:30:00+00:00,HTF,buy,2986.33,3020.385485155271,2960.0149505175696,3025.8025742236455,0.02,stop_loss,WEAK,318,68.11097031054214,52.630098964860736,1.2941448268227167,106.78300270254648,trail,978.987170153348,1.5,42.15000000000009,3.2899999999999636,34.05548515527107,26.315049482430368,1650.0,2025-03
2025-03-18 12:50:00+00:00,2025-03-19 10:35:00+00:00,HTF,buy,3024.56,3028.305984015459,2998.2534398969383,3064.019840154592,0.02,stop_loss,WEAK,249,7.491968030918543,52.61312020612331,0.14239733362262366,52.61045133145126,locked,986.4791381842665,1.5,20.76000000000022,2.150000000000091,3.745984015459271,26.306560103061656,1305.0,2025-03
2025-03-19 11:45:00+00:00,2025-03-20 12:15:00+00:00,HTF,buy,3029.7,3033.34068055968,3004.0954629354646,3068.1068055968026,0.02,stop_loss,WEAK,282,7.281361119360554,51.209074129070366,0.14218888435686577,71.75811570826049,locked,993.7604993036271,1.5,27.5600000000004,3.7199999999998,3.640680559680277,25.60453706453518,1470.0,2025-03
2025-03-20 14:15:00+00:00,2025-03-21 15:55:00+00:00,HTF,buy,3037.0699999999997,3005.9038266013185,3006.1038266013184,3083.5192600980217,0.02,stop_loss,WEAK,296,-62.332346797362334,61.932346797362705,-1.0064586604687917,22.217792012664646,raw,931.4281525062647,1.5,10.320000000000164,32.86999999999989,-31.166173398681167,30.96617339868135,1540.0,2025-03
2025-03-24 07:00:00+00:00,2025-03-28 10:25:00+00:00,HTF,buy,3019.31,3069.447184820781,2989.284369641561,3094.3740758960967,0.02,stop_loss,STRONG,1145,100.27436964156186,60.05126071687755,1.6698128972566184,88.79080865826772,trail,1031.7025221478266,2.5,66.65000000000009,16.84999999999991,50.13718482078093,30.025630358438775,5965.0,2025-03
2025-03-28 13:05:00+00:00,2025-04-01 08:55:00+00:00,HTF,buy,3075.75,3133.032831913408,3044.135663826815,3154.7858404329627,0.02,stop_loss,STRONG,490,114.5656638268156,63.22867234637033,1.8119258174395667,92.73008245185135,trail,1146.2681859746422,2.5,73.28999999999996,8.510000000000218,57.28283191340779,31.614336173185166,5510.0,2025-03
2025-04-01 09:55:00+00:00,2025-04-03 13:55:00+00:00,HTF,buy,3133.8399999999997,3095.622072552473,3095.822072552473,3228.8848186188166,0.02,stop_loss,STRONG,600,-76.43585489505313,76.03585489505349,-1.0052606760396359,35.65686219668457,raw,1069.832331079589,2.5,33.89000000000033,44.84999999999991,-38.21792744752656,38.017927447526745,3120.0,2025-04
2025-04-03 14:50:00+00:00,2025-04-04 17:15:00+00:00,HTF,buy,3094.89,3041.6353657081586,3041.8353657081584,3227.5265857296035,0.02,stop_loss,STRONG,305,-106.50926858368257,106.10926858368292,-1.0037696989654037,31.431749973563367,raw,963.3230624959065,2.5,41.690000000000055,53.19999999999982,-53.254634291841285,53.05463429184147,1585.0,2025-04
2025-04-07 06:50:00+00:00,2025-04-10 17:05:00+00:00,HTF,sell,3019.0600000000004,3139.0707329627626,3138.8707329627628,2719.5331675930947,0.02,stop_loss,STRONG,951,-240.02146592552438,239.62146592552475,-1.0016692995281313,20.96640207334971,raw,723.3015965703821,2.5,62.80000000000018,123.69999999999982,-120.01073296276218,119.81073296276236,4935.0,2025-04
2025-04-11 09:25:00+00:00,2025-04-17 10:15:00+00:00,HTF,buy,3202.89,3318.042072387154,3137.514144774308,3366.3296380642296,0.02,stop_loss,STRONG,1114,230.30414477430804,130.7517104513836,1.7613853308629586,94.68939226308215,trail,953.6057413446902,2.5,154.76000000000022,9.319999999999709,115.15207238715402,65.3758552256918,8690.0,2025-04
2025-04-17 13:05:00+00:00,2025-04-21 16:30:00+00:00,HTF,buy,3323.0099999999998,3405.697999152941,3268.736663843137,3404.4200042352936,0.02,stop_loss,WEAK,317,165.3759983058826,108.54667231372514,1.523547380871405,124.41959799835996,trail,1118.9817396505728,1.5,101.29000000000042,39.16999999999962,82.6879991529413,54.27333615686257,5965.0,2025-04
2025-04-21 17:10:00+00:00,2025-04-22 08:30:00+00:00,HTF,buy,3426.6899999999996,3475.3308582732466,3372.792860910821,3507.535708633767,0.02,stop_loss,WEAK,172,97.28171654649395,107.79427817835676,0.9024756989933298,84.2097881885159,trail,1216.2634561970667,1.5,68.08000000000038,20.639999999999418,48.64085827324698,53.89713908917838,920.0,2025-04
2025-04-23 06:55:00+00:00,2025-05-21 04:00:00+00:00,HTF,sell,3338.71,3311.1207297546557,3449.867080981376,3060.8172975465595,0.02,stop_loss,STRONG,5484,55.17854049068865,222.31416196275222,0.2482007444039196,78.42235441087658,locked,1271.4419966877554,2.5,217.92999999999984,99.13999999999987,27.589270245344323,111.15708098137611,40145.0,2025-04
2025-05-21 12:30:00+00:00,2025-05-27 08:45:00+00:00,HTF,buy,3311.27,3319.1146271423872,3257.639152384087,3391.7162714238693,0.02,stop_loss,WEAK,1014,15.689254284774506,107.2616952318258,0.14627080292610667,67.87138674496659,locked,1287.1312509725299,1.5,54.59999999999991,31.90000000000009,7.844627142387253,53.6308476159129,8415.0,2025-05
2025-05-27 12:00:00+00:00,2025-05-29 02:45:00+00:00,HTF,sell,3299.57,3259.2081542365863,3342.9607711829335,3256.179228817067,0.02,stop_loss,RANGING,438,80.72369152682768,86.7815423658667,0.9301942478332613,113.48035229059845,trail,1367.8549424993575,1.0,49.24000000000024,25.86999999999989,40.36184576341384,43.39077118293335,2325.0,2025-05
2025-05-29 16:25:00+00:00,2025-06-03 03:40:00+00:00,HTF,buy,3319.1899999999996,3374.9308179452073,3268.1260598173567,3395.785910273964,0.02,stop_loss,WEAK,675,111.48163589041542,102.12788036528582,1.0915886581771164,95.37062715061242,trail,1479.336578389773,1.5,73.05000000000018,47.369999999999436,55.74081794520771,51.06394018264291,6435.0,2025-05
2025-06-03 11:20:00+00:00,2025-06-05 17:05:00+00:00,HTF,buy,3362.83,3369.413179698811,3317.6088020079274,3430.661796988109,0.02,stop_loss,WEAK,621,13.166359397621818,90.44239598414515,0.14557729540833841,59.70651198743806,locked,1492.5029377873948,1.5,40.5,29.63000000000011,6.583179698810909,45.221197992072575,3225.0,2025-06
2025-06-06 11:00:00+00:00,2025-06-06 21:10:00+00:00,HTF,buy,3360.1699999999996,3316.141080003298,3316.341080003298,3403.9989199967013,0.02,stop_loss,RANGING,122,-88.05783999340292,87.65783999340329,-1.004563197085734,17.134805056947297,raw,1404.4450977939919,1.0,7.510000000000218,46.429999999999836,-44.02891999670146,43.82891999670164,610.0,2025-06
2025-06-09 13:25:00+00:00,2025-06-11 15:35:00+00:00,HTF,sell,3316.6600000000003,3359.2479293849115,3359.0479293849116,3274.272070615089,0.02,stop_loss,RANGING,578,-85.1758587698223,84.77585876982266,-1.0047183243650257,34.72686732662171,raw,1319.2692390241696,1.0,14.720000000000255,44.01999999999953,-42.58792938491115,42.38792938491133,3010.0,2025-06
2025-06-12 08:10:00+00:00,2025-06-13 03:15:00+00:00,HTF,buy,3371.0299999999997,3401.2254535807547,3324.107267903773,3417.9527320962266,0.02,stop_loss,RANGING,217,60.39090716150986,93.84546419245362,0.6435143955137053,88.12359841963557,trail,1379.6601461856794,1.0,41.350000000000364,32.35999999999967,30.19545358075493,46.92273209622681,1145.0,2025-06
2025-06-13 07:45:00+00:00,2025-06-17 17:35:00+00:00,HTF,buy,3428.0299999999997,3372.4932329073035,3372.6932329073034,3483.366767092696,0.02,stop_loss,RANGING,670,-111.07353418539243,110.67353418539278,-1.0036142335468352,41.92510914332456,raw,1268.586612000287,1.0,23.200000000000273,61.879999999999654,-55.53676709269621,55.33676709269639,6350.0,2025-06
2025-06-19 16:30:00+00:00,2025-06-20 16:30:00+00:00,HTF,sell,3365.6600000000003,3361.628912049479,3407.9708795052143,3323.3491204947863,0.02,stop_loss,RANGING,246,8.062175901042792,84.62175901042792,0.0952730833691284,59.77186079737231,locked,1276.6487879013298,1.0,25.29000000000042,9.789999999999509,4.031087950521396,42.31087950521396,1440.0,2025-06
2025-06-23 08:20:00+00:00,2025-06-24 03:35:00+00:00,HTF,sell,3354.82,3350.7770253542103,3397.2497464578973,3312.390253542103,0.02,stop_loss,RANGING,219,8.085949291579709,84.85949291579436,0.09528632582807624,50.7191340899342,locked,1284.7347371929095,1.0,21.519999999999982,38.710000000000036,4.0429746457898545,42.42974645789718,1155.0,2025-06
2025-06-24 07:30:00+00:00,2025-06-24 15:50:00+00:00,HTF,sell,3348.3,3317.338303135867,3400.191515679336,3296.4084843206642,0.02,stop_loss,RANGING,100,61.9233937282661,103.7830313586719,0.5966620257434975,84.17561026723753,trail,1346.6581309211756,1.0,43.68000000000029,1.2300000000000182,30.961696864133046,51.89151567933595,500.0,2025-06
2025-06-25 13:50:00+00:00,2025-06-26 15:50:00+00:00,HTF,buy,3325.2599999999998,3328.476218195012,3291.09781804988,3359.4221819501195,0.02,stop_loss,RANGING,300,6.432436390024122,68.3243639002394,0.09414557301135128,73.2388816280301,locked,1353.0905673111997,1.0,25.020000000000437,13.279999999999745,3.216218195012061,34.1621819501197,1560.0,2025-06
2025-06-26 17:05:00+00:00,2025-06-27 08:15:00+00:00,HTF,sell,3321.82,3298.7762930811773,3358.9014654058888,3284.7385345941116,0.02,stop_loss,RANGING,170,46.08741383764573,74.16293081177719,0.6214346349743635,87.67183185494493,trail,1399.1779811488454,1.0,32.51000000000022,14.569999999999709,23.043706918822863,37.08146540588859,910.0,2025-06
2025-06-27 10:10:00+00:00,2025-06-27 20:50:00+00:00,HTF,sell,3287.2400000000002,3281.764947152868,3325.073685647548,3230.489471528679,0.02,stop_loss,WEAK,128,10.950105694264494,75.66737129509511,0.14471370561506872,55.241776322564284,locked,1410.12808684311,1.5,31.350000000000364,3.7899999999999636,5.475052847132247,37.833685647547554,640.0,2025-06
2025-06-30 07:00:00+00:00,2025-07-01 08:10:00+00:00,HTF,sell,3280.63,3326.5070649477752,3326.3070649477754,3212.114402578337,0.02,stop_loss,WEAK,290,-91.75412989555025,91.35412989555061,-1.004378565046342,8.742534875870943,raw,1318.3739569475597,1.5,5.9900000000002365,48.01999999999998,-45.877064947775125,45.67706494777531,1510.0,2025-06
2025-07-01 12:15:00+00:00,2025-07-07 04:20:00+00:00,HTF,buy,3340.52,3306.599720654326,3306.799720654326,3391.1004190185113,0.02,stop_loss,WEAK,772,-67.84055869134772,67.44055869134809,-1.005931148966756,49.86119231390679,raw,1250.533398256212,1.5,25.2199999999998,33.84999999999991,-33.92027934567386,33.720279345674044,8165.0,2025-07
2025-07-07 14:05:00+00:00,2025-07-08 01:00:00+00:00,HTF,sell,3305.59,3340.8133621289717,3340.613362128972,3270.5666378710284,0.02,stop_loss,RANGING,119,-70.44672425794306,70.04672425794342,-1.0057104740333989,16.760241288041893,raw,1180.086673998269,1.0,5.870000000000346,36.2199999999998,-35.22336212897153,35.02336212897171,655.0,2025-07
2025-07-09 11:30:00+00:00,2025-07-10 01:15:00+00:00,HTF,sell,3285.6000000000004,3319.4376823825705,3319.2376823825707,3251.96231761743,0.02,stop_loss,RANGING,153,-67.67536476514033,67.2753647651407,-1.0059457128385114,8.413183666502453,raw,1112.4113092331286,1.0,2.830000000000382,34.179999999999836,-33.837682382570165,33.63768238257035,825.0,2025-07
2025-07-10 08:35:00+00:00,2025-07-11 14:25:00+00:00,HTF,buy,3321.6499999999996,3341.9698115137,3291.349057568498,3351.950942431501,0.02,stop_loss,RANGING,346,40.639623027400376,60.60188486300285,0.6705999841303726,88.14907345004647,trail,1153.050932260529,1.0,26.71000000000049,11.529999999999745,20.319811513700188,30.300942431501426,1790.0,2025-07
2025-07-11 16:10:00+00:00,2025-07-14 04:30:00+00:00,HTF,buy,3356.68,3359.791638447951,3323.5636155204907,3389.796384479509,0.02,stop_loss,RANGING,136,6.223276895902018,66.23276895901836,0.09396069338053314,52.11921612602328,locked,1159.274209156431,1.0,17.26000000000022,7.460000000000036,3.111638447951009,33.11638447950918,3620.0,2025-07
2025-07-14 06:15:00+00:00,2025-07-14 15:20:00+00:00,HTF,buy,3356.14,3359.5360174937714,3320.1798250622887,3392.100174937711,0.02,stop_loss,RANGING,109,6.792034987543048,71.92034987542229,0.09443829179513107,52.22444004382684,locked,1166.066244143974,1.0,18.7800000000002,2.400000000000091,3.3960174937715237,35.960174937711145,545.0,2025-07
2025-07-15 06:05:00+00:00,2025-07-15 19:05:00+00:00,HTF,buy,3354.0499999999997,3324.9203923197674,3325.1203923197672,3397.4444115203487,0.02,stop_loss,WEAK,156,-58.25921536046462,57.85921536046499,-1.0069133326041084,29.220352473392225,raw,1107.8070287835094,1.5,12.680000000000291,30.129999999999654,-29.12960768023231,28.929607680232493,780.0,2025-07
2025-07-17 08:10:00+00:00,2025-07-17 16:15:00+00:00,HTF,sell,3339.9900000000002,3317.459460240288,3375.987301201441,3303.9926987985596,0.02,stop_loss,RANGING,97,45.06107951942431,71.99460240288136,0.625895247914042,83.58959976365085,trail,1152.8681083029337,1.0,30.090000000000146,1.2899999999999636,22.530539759712156,35.99730120144068,485.0,2025-07
2025-07-18 07:10:00+00:00,2025-07-18 16:30:00+00:00,HTF,buy,3335.73,3355.172618680592,3306.393093402961,3365.066906597039,0.02,stop_loss,RANGING,112,38.88523736118441,58.67381319407832,0.6627358142304771,86.95531655874846,trail,1191.7533456641181,1.0,25.509999999999764,3.9299999999998363,19.442618680592204,29.33690659703916,560.0,2025-07
2025-07-21 08:10:00+00:00,2025-07-21 16:30:00+00:00,HTF,buy,3363.0699999999997,3383.646846341916,3338.404231709578,3387.735768290421,0.02,stop_loss,RANGING,100,41.15369268383256,49.33153658084302,0.8342268564124521,107.72013945463894,trail,1232.9070383479507,1.0,26.570000000000164,0.33999999999969077,20.57684634191628,24.66576829042151,500.0,2025-07
2025-07-21 17:15:00+00:00,2025-07-22 16:55:00+00:00,HTF,buy,3394.89,3413.9618840999356,3366.2994204996767,3423.480579500323,0.02,stop_loss,RANGING,270,38.143768199871374,57.18115900064641,0.6670688189345755,88.3507800172944,trail,1271.050806547822,1.0,25.26000000000022,11.629999999999654,19.071884099935687,28.5905795003232,1420.0,2025-07
2025-07-23 06:10:00+00:00,2025-07-23 19:00:00+00:00,HTF,buy,3424.85,3393.845939319745,3394.045939319745,3471.0560910203826,0.02,stop_loss,WEAK,154,-62.008121360509904,61.60812136051027,-1.0064926505007183,19.456309333837645,raw,1209.0426851873121,1.5,8.990000000000236,39.29999999999973,-31.004060680254952,30.804060680255134,770.0,2025-07
2025-07-24 15:05:00+00:00,2025-07-28 17:25:00+00:00,HTF,sell,3363.23,3312.16503621943,3396.8134540647684,3312.8548189028475,0.02,stop_loss,WEAK,576,102.12992756114,67.16690812953675,1.5205393609033524,121.9449710394632,trail,1311.1726127484521,1.5,61.429999999999836,14.159999999999854,51.06496378057,33.583454064768375,5900.0,2025-07
2025-07-29 06:25:00+00:00,2025-07-31 10:45:00+00:00,HTF,sell,3315.01,3307.302330499485,3346.6406780020598,3235.9333049948514,0.02,stop_loss,STRONG,600,15.41533900103059,63.26135600411909,0.24367702456499452,59.23363387525274,locked,1326.5879517494827,2.5,46.840000000000146,19.129999999999654,7.707669500515294,31.63067800205954,3140.0,2025-07
2025-07-31 14:40:00+00:00,2025-08-05 12:00:00+00:00,HTF,buy,3305.5,3364.5301698316994,3269.9603396633984,3394.349150841504,0.02,stop_loss,STRONG,790,118.06033966339872,71.07932067320326,1.6609660664343857,89.89393735735092,trail,1444.6482914128815,2.5,79.86999999999989,23.909999999999854,59.03016983169937,35.53966033660163,7040.0,2025-07
2025-08-05 15:55:00+00:00,2025-08-06 10:20:00+00:00,HTF,buy,3366.2799999999997,3370.3131730113855,3338.0588465907617,3408.6117301138565,0.02,stop_loss,WEAK,207,8.06634602277154,56.44230681847603,0.1429131174371327,56.93128992172119,locked,1452.714637435653,1.5,24.100000000000364,0.32999999999992724,4.03317301138577,28.221153409238013,1105.0,2025-08
2025-08-06 14:00:00+00:00,2025-08-07 11:05:00+00:00,HTF,buy,3361.21,3387.468325409762,3332.637751365874,3404.0683729511893,0.02,stop_loss,WEAK,239,52.51665081952434,57.14449726825206,0.9190150115941464,84.53424034846539,trail,1505.2312882551773,1.5,36.23000000000002,0.9600000000000364,26.258325409762165,28.572248634126026,1265.0,2025-08
2025-08-07 12:15:00+00:00,2025-08-08 04:15:00+00:00,HTF,buy,3378.0099999999998,3382.5151357492236,3346.642428338508,3425.061357492237,0.02,stop_loss,WEAK,178,9.010271498447764,62.73514332298328,0.14362398842479115,65.52414562127505,locked,1514.241559753625,1.5,30.830000000000382,6.269999999999982,4.505135749223882,31.36757166149164,960.0,2025-08
2025-08-08 07:05:00+00:00,2025-08-11 12:15:00+00:00,HTF,buy,3396.73,3354.436223664897,3354.636223664897,3459.8706645026546,0.02,stop_loss,WEAK,336,-84.5875526702057,84.18755267020606,-1.0047512962108138,11.894078181080959,raw,1429.6540070834194,1.5,7.5099999999997635,42.36999999999989,-42.29377633510285,42.09377633510303,4630.0,2025-08
2025-08-11 14:30:00+00:00,2025-08-20 15:55:00+00:00,HTF,sell,3351.11,3344.940073270741,3393.576178195059,3287.4107327074116,0.02,stop_loss,WEAK,1935,12.339853458518519,84.932356390118,0.14529036968947534,62.104325028245356,locked,1441.993860541938,1.5,39.559999999999945,23.699999999999818,6.1699267292592594,42.466178195059,13045.0,2025-08
2025-08-20 16:35:00+00:00,2025-08-22 17:20:00+00:00,HTF,buy,3342.39,3363.1727493994363,3320.803746997181,3363.976253002819,0.02,stop_loss,RANGING,557,41.565498798872795,43.17250600563784,0.9627770691246139,117.20422250538935,trail,1483.5593593408107,1.0,25.300000000000182,20.949999999999818,20.782749399436398,21.58625300281892,2925.0,2025-08
2025-08-25 08:00:00+00:00,2025-08-26 10:20:00+00:00,HTF,buy,3365.06,3367.650727007238,3337.152729927623,3392.967270072377,0.02,stop_loss,RANGING,302,5.181454014476003,55.814540144753664,0.09283340866086197,76.61086141550784,locked,1488.7408133552867,1.0,21.38000000000011,13.769999999999982,2.5907270072380015,27.907270072376832,1580.0,2025-08
2025-08-26 11:35:00+00:00,2025-08-28 15:30:00+00:00,HTF,buy,3379.18,3401.304827116424,3348.20413558212,3410.1558644178795,0.02,stop_loss,RANGING,595,44.249654232848115,61.95172883575925,0.7142602000689722,95.46141990127005,trail,1532.9904675881348,1.0,29.570000000000164,11.889999999999873,22.124827116424058,30.97586441787962,3115.0,2025-08
2025-08-29 06:45:00+00:00,2025-08-29 17:15:00+00:00,HTF,buy,3412.6099999999997,3432.2954247215293,3388.487123607645,3436.7328763923542,0.02,stop_loss,RANGING,126,39.37084944305934,48.24575278470911,0.816047987037264,102.4338872284402,trail,1572.3613170311942,1.0,24.71000000000049,8.249999999999545,19.68542472152967,24.122876392354556,630.0,2025-08
2025-08-29 17:55:00+00:00,2025-09-01 06:05:00+00:00,HTF,buy,3441.1,3476.6388845989513,3414.8296153298384,3480.5055770052422,0.02,stop_loss,WEAK,132,71.07776919790285,52.5407693403231,1.3528117324950033,114.04477085571278,trail,1643.439086229097,1.5,44.940000000000055,3.980000000000018,35.53888459895143,26.270384670161548,3610.0,2025-08
2025-09-01 07:25:00+00:00,2025-09-02 10:20:00+00:00,HTF,buy,3474.29,3480.204408397642,3433.527277349055,3535.4340839764172,0.02,stop_loss,WEAK,280,11.828816795284183,81.5254453018897,0.1450935563918962,56.26055337302601,locked,1655.2679030243812,1.5,34.40000000000009,7.889999999999873,5.914408397642092,40.76272265094485,1615.0,2025-09
2025-09-02 13:40:00+00:00,2025-09-04 02:05:00+00:00,HTF,buy,3483.5299999999997,3558.6282367880717,3444.2664735761427,3581.6888160596422,0.02,stop_loss,STRONG,409,150.19647357614394,78.527052847714,1.9126717243217706,96.7106204116395,trail,1805.4643766005252,2.5,94.93000000000029,9.499999999999545,75.09823678807197,39.263526423857,2185.0,2025-09
2025-09-04 11:00:00+00:00,2025-09-09 17:05:00+00:00,HTF,buy,3543.5,3644.004360921093,3495.448721842185,3663.628195394537,0.02,stop_loss,STRONG,895,201.00872184218588,96.10255631562995,2.091606399958938,108.7338401871471,trail,2006.473098442711,2.5,130.6199999999999,8.429999999999836,100.50436092109294,48.05127815781498,7565.0,2025-09
2025-09-10 07:35:00+00:00,2025-09-17 21:00:00+00:00,HTF,buy,3641.54,3652.7831268289574,3595.767492684172,3755.97126828957,0.02,stop_loss,STRONG,1541,22.486253657914858,91.54501463165616,0.24563056490177387,53.76152944868409,locked,2028.959352100626,2.5,61.51999999999998,28.029999999999745,11.243126828957429,45.77250731582808,10885.0,2025-09
2025-09-18 13:15:00+00:00,2025-09-22 09:45:00+00:00,HTF,sell,3665.6200000000003,3717.625806523425,3717.4258065234253,3587.9112902148627,0.02,stop_loss,WEAK,510,-104.01161304684956,103.61161304684994,-1.003860571110101,48.69467026878538,raw,1924.9477390537763,1.5,37.840000000000146,54.07999999999947,-52.00580652342478,51.80580652342496,5550.0,2025-09
2025-09-22 10:35:00+00:00,2025-09-23 05:05:00+00:00,HTF,buy,3714.52,3747.2295710040094,3679.451903346698,3767.1221449799527,0.02,stop_loss,WEAK,205,65.41914200801875,70.13619330660367,0.932744406615225,85.22466149828134,trail,1990.366881061795,1.5,44.82999999999993,2.4899999999997817,32.709571004009376,35.068096653301836,1110.0,2025-09
2025-09-23 07:30:00+00:00,2025-09-24 05:30:00+00:00,HTF,buy,3745.7599999999998,3751.387298494719,3706.911343368541,3804.0329849471877,0.02,stop_loss,WEAK,252,11.254596989438141,77.6973132629173,0.14485181683636977,77.94349309746808,locked,2001.6214780512332,1.5,45.42000000000007,2.5799999999999272,5.627298494719071,38.84865663145865,1320.0,2025-09
2025-09-24 06:15:00+00:00,2025-09-30 10:40:00+00:00,HTF,buy,3760.9199999999996,3846.2769492776883,3713.893898555377,3878.485253611557,0.02,stop_loss,STRONG,1157,170.71389855537745,94.05220288924556,1.815097289708435,94.19449760716886,trail,2172.3353766066107,2.5,110.74000000000024,43.4399999999996,85.35694927768873,47.02610144462278,8905.0,2025-09
2025-09-30 15:15:00+00:00,2025-10-01 15:40:00+00:00,HTF,buy,3815.31,3874.1584713532657,3753.071571177551,3908.6676432336735,0.02,stop_loss,WEAK,281,117.69694270653144,124.47685764489779,0.9455327273949363,85.72410059633322,trail,2290.032319313142,1.5,80.0300000000002,6.2199999999998,58.84847135326572,62.238428822448896,1465.0,2025-09
2025-10-02 06:15:00+00:00,2025-10-07 10:20:00+00:00,HTF,buy,3869.3799999999997,3946.9696498929316,3818.519299785862,3996.5317505353432,0.02,stop_loss,STRONG,877,155.1792997858638,101.72140042827505,1.5255324752954276,85.0165251715921,trail,2445.211619099006,2.5,108.10000000000036,50.099999999999454,77.5896498929319,50.86070021413752,7445.0,2025-10
2025-10-07 12:10:00+00:00,2025-10-09 19:50:00+00:00,HTF,buy,3958.98,3971.5465195781803,3907.913921687279,4086.6451957818026,0.02,stop_loss,STRONG,644,25.13303915636061,102.13215662544191,0.24608350579076851,78.54137487195432,locked,2470.3446582553665,2.5,100.26999999999998,4.869999999999891,12.566519578180305,51.06607831272095,3340.0,2025-10
2025-10-13 06:45:00+00:00,2025-10-14 08:35:00+00:00,HTF,buy,4051.5099999999998,4148.732929838599,3957.3864327953297,4192.695350807005,0.02,stop_loss,WEAK,298,194.44585967719922,188.2471344093401,1.0329286567219669,90.72470994182314,trail,2664.7905179325658,1.5,128.0900000000006,3.119999999999891,97.22292983859961,94.12356720467005,1550.0,2025-10
2025-10-14 10:55:00+00:00,2025-10-17 04:15:00+00:00,HTF,buy,4126.5,4334.7195440444075,4037.9790880888145,4347.802279777964,0.02,stop_loss,STRONG,748,416.439088088815,177.04182382237104,2.3522073999115327,114.17867012193368,trail,3081.2296060213807,2.5,252.6800000000003,28.779999999999745,208.21954404440748,88.52091191118552,3920.0,2025-10
2025-10-17 06:15:00+00:00,2025-10-17 17:00:00+00:00,HTF,buy,4360.84,4249.220765776849,4249.420765776848,4639.388085557879,0.02,stop_loss,STRONG,129,-223.23846844630316,222.83846844630352,-1.001795022209534,6.343608488498644,raw,2857.9911375750776,2.5,17.670000000000073,123.8100000000004,-111.61923422315158,111.41923422315176,645.0,2025-10
2025-10-20 10:10:00+00:00,2025-10-21 17:25:00+00:00,HTF,buy,4254.88,4133.579457489885,4133.779457489884,4557.631356275289,0.02,stop_loss,STRONG,363,-242.60108502023107,242.2010850202314,-1.00165152026452,41.83300830032876,raw,2615.3900525548465,2.5,126.64999999999964,124.30000000000018,-121.30054251011552,121.1005425101157,1875.0,2025-10
2025-10-22 07:50:00+00:00,2025-11-10 14:10:00+00:00,HTF,sell,4128.570000000001,4090.0460292965136,4283.465882813948,3741.330292965132,0.02,stop_loss,STRONG,3641,77.04794140697413,309.7917656278951,0.24870881009639198,62.480679435648476,locked,2692.4379939618207,2.5,241.95000000000073,32.6899999999996,38.523970703487066,154.89588281394754,27740.0,2025-10
2025-11-10 17:25:00+00:00,2025-11-11 04:30:00+00:00,HTF,buy,4089.45,4129.917817253386,4035.08908626693,4143.81091373307,0.02,stop_loss,RANGING,121,80.93563450677175,108.72182746613998,0.7444285696170634,94.8107683639718,trail,2773.3736284685924,1.0,51.539999999999964,11.289999999999964,40.467817253385874,54.36091373306999,665.0,2025-11
2025-11-11 10:45:00+00:00,2025-11-12 20:00:00+00:00,HTF,buy,4135.24,4190.974989667721,4084.389965559068,4211.515051661398,0.02,stop_loss,WEAK,387,111.46997933544299,101.70006888186344,1.0960659177618497,93.33327011829373,trail,2884.8436078040354,1.5,71.19000000000051,38.07999999999993,55.73498966772149,50.85003444093172,1995.0,2025-11
2025-11-13 08:55:00+00:00,2025-11-14 13:50:00+00:00,HTF,buy,4210.51,4140.846832995107,4141.046832995107,4314.70475050734,0.02,stop_loss,WEAK,335,-139.32633400978557,138.92633400978593,-1.002879223747252,33.47577476808025,raw,2745.51727379425,1.5,34.88000000000011,74.67000000000007,-69.66316700489278,69.46316700489297,1735.0,2025-11
2025-11-14 15:55:00+00:00,2025-11-25 01:45:00+00:00,HTF,sell,4055.73,4141.748320042811,4141.548320042812,3927.0025199357824,0.02,stop_loss,WEAK,1762,-172.03664008562282,171.63664008562318,-1.002330504720904,44.56701861279348,raw,2573.480633708627,1.5,57.36999999999989,85.87999999999965,-86.01832004281141,85.81832004281159,14990.0,2025-11
2025-11-25 11:45:00+00:00,2025-11-28 07:05:00+00:00,HTF,buy,4129.099999999999,4177.443170994795,4065.1658549739695,4193.034145026029,0.02,stop_loss,RANGING,771,96.6863419895908,127.86829005205982,0.7561401028372733,99.94659344233749,trail,2670.166975698218,1.0,63.900000000000546,17.56999999999971,48.3431709947954,63.93414502602991,4040.0,2025-11
2025-11-28 11:45:00+00:00,2025-12-01 01:05:00+00:00,HTF,buy,4163.05,4218.834360639237,4123.164535464122,4222.8781968038165,0.02,stop_loss,WEAK,121,111.56872127847419,79.77092907175575,1.3986137879642295,113.57520973399183,trail,2781.735696976692,1.5,67.94999999999982,2.2799999999997453,55.78436063923709,39.88546453587787,3680.0,2025-11
2025-12-01 08:50:00+00:00,2025-12-02 17:50:00+00:00,HTF,buy,4239.28,4175.975196193784,4176.175196193783,4333.937205709324,0.02,stop_loss,WEAK,384,-126.60960761243223,126.20960761243258,-1.0031693308264453,26.780845483486736,raw,2655.1260893642598,1.5,25.350000000000364,67.97999999999956,-63.304803806216114,63.104803806216296,1980.0,2025-12
2025-12-05 12:10:00+00:00,2025-12-05 17:45:00+00:00,HTF,buy,4224.41,4250.433783439618,4182.07891719809,4266.74108280191,0.02,stop_loss,RANGING,67,52.0475668792369,84.66216560382054,0.6147677242606249,81.94923848826059,trail,2707.1736562434967,1.0,34.69000000000051,4.369999999999891,26.023783439618455,42.33108280191027,335.0,2025-12
2025-12-08 11:55:00+00:00,2025-12-11 05:10:00+00:00,HTF,buy,4208.16,4212.898709716254,4158.772902837457,4257.547097162543,0.02,stop_loss,RANGING,747,9.477419432509123,98.77419432508577,0.09595035927417465,79.91965972427279,locked,2716.651075676006,1.0,39.470000000000255,37.88999999999942,4.7387097162545615,49.38709716254289,3915.0,2025-12
2025-12-11 12:40:00+00:00,2025-12-11 18:45:00+00:00,HTF,sell,4215.12,4266.005551603299,4265.805551603299,4164.434448396701,0.02,stop_loss,RANGING,73,-101.77110320659813,101.3711032065985,-1.003945897670507,19.23625114373886,raw,2614.8799724694077,1.0,9.75,60.710000000000036,-50.885551603299064,50.685551603299245,365.0,2025-12
2025-12-12 07:45:00+00:00,2025-12-12 14:45:00+00:00,HTF,buy,4278.63,4327.474469104,4223.052345519998,4334.207654480002,0.02,stop_loss,RANGING,84,97.68893820799894,111.15530896000382,0.878850854016785,109.03662734058828,trail,2712.5689106774066,1.0,60.599999999999454,1.9700000000002547,48.84446910399947,55.57765448000191,420.0,2025-12
2025-12-12 15:40:00+00:00,2025-12-12 17:55:00+00:00,HTF,buy,4340.11,4285.293408468152,4285.493408468152,4422.034887297772,0.02,stop_loss,WEAK,27,-109.63318306369547,109.23318306369583,-1.0036618909087944,16.356446059297678,raw,2602.935727613711,1.5,13.400000000000546,56.960000000000036,-54.816591531847735,54.61659153184792,135.0,2025-12
2025-12-15 13:50:00+00:00,2025-12-16 05:10:00+00:00,HTF,buy,4342.75,4284.556783581468,4284.756783581468,4429.739824627798,0.02,stop_loss,WEAK,168,-116.3864328370637,115.98643283706407,-1.0034486792137278,6.483516921814826,raw,2486.5492947766475,1.5,5.640000000000327,61.82999999999993,-58.19321641853185,57.99321641853203,920.0,2025-12
2025-12-16 16:00:00+00:00,2025-12-17 18:25:00+00:00,HTF,buy,4315.73,4320.9257246732195,4261.772753267805,4369.687246732195,0.02,stop_loss,RANGING,299,10.391449346439913,107.91449346439003,0.09629336164997074,61.71552852812792,locked,2496.9407441230874,1.0,33.30000000000018,24.42999999999938,5.1957246732199565,53.95724673219502,1585.0,2025-12
2025-12-18 06:05:00+00:00,2025-12-18 19:05:00+00:00,HTF,buy,4331.33,4339.2062278325975,4277.488481116016,4412.092278325976,0.02,stop_loss,WEAK,156,15.752455665195159,107.68303776796711,0.14628539454039347,53.614138800333336,locked,2512.6931997882825,1.5,43.30000000000018,22.710000000000036,7.8762278325975785,53.841518883983554,780.0,2025-12
2025-12-22 08:15:00+00:00,2025-12-23 03:20:00+00:00,HTF,buy,4404.01,4471.768626366166,4354.938754553889,4477.616868169167,0.02,stop_loss,WEAK,207,135.51725273233205,98.14249089222176,1.3808214107909138,112.326474494174,trail,2648.2104525206146,1.5,82.67999999999938,4.130000000000109,67.75862636616603,49.07124544611088,1145.0,2025-12
2025-12-23 08:55:00+00:00,2025-12-29 02:20:00+00:00,HTF,buy,4481.67,4494.400495817145,4429.9480167314205,4610.9749581714495,0.02,stop_loss,STRONG,678,25.460991634290618,103.44396653715921,0.24613317225364229,52.782198737890006,locked,2673.671444154905,2.5,68.25,51.039999999999964,12.73049581714531,51.721983268579606,8245.0,2025-12
2025-12-29 16:40:00+00:00,2026-01-06 05:10:00+00:00,HTF,sell,4373.37,4463.96028829861,4463.76028829861,4147.394279253474,0.02,stop_loss,STRONG,1232,-181.18057659722035,180.78057659722072,-1.002212627083776,43.756913208792355,raw,2492.490867557685,2.5,98.88000000000011,92.23000000000047,-90.59028829861018,90.39028829861036,10830.0,2025-12
2026-01-06 07:35:00+00:00,2026-01-12 03:05:00+00:00,HTF,buy,4463.88,4580.595555388623,4395.9651846287425,4565.752223056887,0.02,stop_loss,WEAK,1050,233.43111077724643,135.8296307425153,1.7185580900219692,134.7668637046782,trail,2725.9219783349313,1.5,137.28999999999996,56.150000000000546,116.71555538862322,67.91481537125765,8370.0,2026-01
2026-01-12 07:40:00+00:00,2026-01-12 23:40:00+00:00,HTF,buy,4581.92,4590.050080900414,4498.619190995863,4665.220809004137,0.02,stop_loss,RANGING,192,16.260161800828428,166.60161800827336,0.09759906293359621,57.8745879858213,locked,2742.1821401357597,1.0,48.210000000000036,12.13000000000011,8.130080900414214,83.30080900413668,960.0,2026-01
2026-01-13 09:35:00+00:00,2026-01-15 03:30:00+00:00,HTF,buy,4585.25,4595.4955223696015,4515.613184202659,4689.705223696012,0.02,stop_loss,WEAK,479,20.491044739203062,139.27363159468223,0.14712795598549938,55.20068595880231,locked,2762.6731848749628,1.5,57.659999999999854,15.670000000000073,10.245522369601531,69.63681579734111,2515.0,2026-01
2026-01-15 11:35:00+00:00,2026-01-20 17:25:00+00:00,HTF,buy,4609.25,4726.107699925689,4534.94233308563,4720.711500371555,0.02,stop_loss,WEAK,866,233.7153998513786,148.6153338287404,1.5726196875532696,127.29956041055617,trail,2996.3885847263414,1.5,141.89000000000033,72.39999999999964,116.8576999256893,74.3076669143702,7550.0,2026-01
2026-01-21 08:15:00+00:00,2026-01-21 21:35:00+00:00,HTF,buy,4875.45,4789.4321492161425,4789.632149216142,5089.994626959644,0.02,stop_loss,STRONG,160,-172.03570156771457,171.63570156771493,-1.0023305174642925,6.050023337308752,raw,2824.352883158627,2.5,12.980000000000473,102.46000000000004,-86.01785078385728,85.81785078385747,800.0,2026-01
2026-01-22 12:40:00+00:00,2026-01-26 15:30:00+00:00,HTF,buy,4828.38,5055.127632563911,4718.895265127822,5102.091837180445,0.02,stop_loss,STRONG,586,453.49526512782177,218.9694697443556,2.0710433543875886,103.26553754913516,trail,3277.8481482864486,2.5,282.64999999999964,17.68000000000029,226.74763256391088,109.4847348721778,5930.0,2026-01
2026-01-26 16:25:00+00:00,2026-01-28 13:00:00+00:00,HTF,buy,5078.57,5261.559665710958,4978.969331421916,5327.57167144521,0.02,stop_loss,STRONG,511,365.97933142191687,199.20133715616794,1.8372333069983358,93.56965302591037,trail,3643.8274797083654,2.5,232.9900000000007,88.71000000000004,182.98966571095843,99.60066857808397,2675.0,2026-01
2026-01-28 14:20:00+00:00,2026-01-29 01:35:00+00:00,HTF,buy,5267.76,5562.227676371498,5149.972929451401,5562.227676371498,0.02,take_profit,STRONG,123,588.9353527429957,235.57414109719866,2.499999999999996,112.15832042065416,locked,4232.762832451361,2.5,330.2699999999995,32.530000000000655,294.4676763714979,117.78707054859933,675.0,2026-01
2026-01-29 06:35:00+00:00,2026-01-29 17:15:00+00:00,HTF,buy,5563.74,5340.600757815418,5340.8007578154175,6121.088105461456,0.02,stop_loss,STRONG,128,-446.2784843691643,445.8784843691647,-1.00089710540881,5.705590400037586,raw,3786.4843480821964,2.5,31.800000000000182,284.1399999999994,-223.13924218458214,222.93924218458233,640.0,2026-01
2026-01-30 07:20:00+00:00,2026-01-30 19:40:00+00:00,HTF,buy,5231.71,4864.672412025697,4864.872412025697,6148.803969935759,0.02,stop_loss,STRONG,148,-734.0751759486066,733.6751759486069,-1.000545200400821,0.8734110421161432,raw,3052.40917213359,2.5,8.010000000000218,393.3100000000004,-367.0375879743033,366.83758797430346,740.0,2026-01
2026-02-02 09:20:00+00:00,2026-02-04 04:00:00+00:00,HTF,sell,4548.2300000000005,5055.386828633819,5055.1868286338195,3280.837928415453,0.02,stop_loss,STRONG,488,-1014.3136572676376,1013.913657267638,-1.000394510910404,1.8455220388712983,raw,2038.0955148659523,2.5,23.390000000000327,515.6199999999999,-507.1568286338188,506.956828633819,2560.0,2026-02
2026-02-04 09:25:00+00:00,2026-02-04 18:45:00+00:00,HTF,buy,5089.66,4864.727199494521,4864.927199494521,5651.492001263697,0.02,stop_loss,STRONG,112,-449.86560101095716,449.46560101095747,-1.0008899457469047,0.40581526058883627,raw,1588.2299138549952,2.5,2.2799999999997453,235.1199999999999,-224.93280050547855,224.73280050547874,560.0,2026-02
2026-02-05 13:55:00+00:00,2026-02-06 04:30:00+00:00,HTF,sell,4868.13,4832.324568651372,5108.166208990856,4508.075686513716,0.02,stop_loss,WEAK,163,71.61086269725638,480.0724179817116,0.14916679237336314,59.11885846858729,locked,1659.8407765522516,1.5,212.85999999999967,38.779999999999745,35.80543134862819,240.0362089908558,875.0,2026-02
2026-02-09 16:15:00+00:00,2026-02-11 15:30:00+00:00,HTF,buy,5015.76,5030.795354861717,4863.406451382831,5168.11354861717,0.02,stop_loss,RANGING,543,30.070709723433538,304.707097234339,0.0986872639212183,67.84876423177096,locked,1689.911486275685,1.0,103.36999999999989,28.079999999999927,15.035354861716769,152.3535486171695,2835.0,2026-02
2026-02-12 09:10:00+00:00,2026-02-12 18:10:00+00:00,HTF,buy,5063.3099999999995,4953.8618751419,4954.0618751419,5150.708499886479,0.02,stop_loss,DRY,108,-218.89624971619926,218.4962497161996,-1.001830695037188,23.46722200797525,raw,1471.0152365594859,0.8,20.51000000000022,114.88999999999942,-109.44812485809962,109.2481248580998,540.0,2026-02
2026-02-17 11:50:00+00:00,2026-02-18 05:00:00+00:00,HTF,sell,4927.42,4911.115614421782,5037.4492371881215,4762.376144217818,0.02,stop_loss,WEAK,194,32.60877115643598,220.0584743762429,0.14818230131271126,52.07100839513874,locked,1503.6240077159218,1.5,85.94000000000051,17.100000000000364,16.30438557821799,110.02923718812144,1030.0,2026-02
2026-02-18 14:45:00+00:00,2026-02-20 14:25:00+00:00,HTF,buy,4931.49,5012.773609179428,4844.06869726476,5062.6219541028595,0.02,stop_loss,WEAK,548,162.56721835885583,174.8426054704796,0.9297917857115418,84.7924525800807,trail,1666.1912260747777,1.5,111.19000000000051,1.6700000000000728,81.28360917942791,87.4213027352398,2860.0,2026-02
2026-02-20 16:40:00+00:00,2026-02-23 02:00:00+00:00,HTF,buy,5053.23,5155.771065671283,4973.685328356417,5132.774671643582,0.02,stop_loss,RANGING,100,205.08213134256766,159.08934328716532,1.2891003703018797,149.16146807625015,trail,1871.2733574173453,1.0,118.65000000000055,63.82999999999993,102.54106567128383,79.54467164358266,3440.0,2026-02
2026-02-23 17:20:00+00:00,2026-02-24 16:10:00+00:00,HTF,buy,5194.38,5102.774159604969,5102.974159604969,5331.488760592547,0.02,stop_loss,WEAK,262,-183.21168079006202,182.81168079006238,-1.002188043992982,40.391292110484265,raw,1688.0616766272833,1.5,55.38000000000011,100.23999999999978,-91.60584039503101,91.40584039503119,1370.0,2026-02
2026-02-25 06:45:00+00:00,2026-03-02 01:00:00+00:00,HTF,buy,5181.22,5347.221170004434,5070.552553330378,5347.221170004434,0.02,tp_gap,WEAK,706,332.00234000886667,221.33489333924445,1.5,110.59560604006411,locked,2020.06401663615,1.5,183.59000000000015,50.57000000000062,166.00117000443333,110.66744666962222,6855.0,2026-02
2026-03-02 06:00:00+00:00,2026-03-03 11:25:00+00:00,HTF,buy,5360.37,5232.628591151416,5232.828591151416,5487.911408848584,0.02,stop_loss,RANGING,341,-255.48281769716777,255.08281769716814,-1.001568118164958,46.173239367234814,raw,1764.5811989389822,1.0,58.89000000000033,134.07999999999993,-127.74140884858389,127.54140884858407,1765.0,2026-03
2026-03-03 12:40:00+00:00,2026-03-03 13:35:00+00:00,HTF,sell,5260.64,5117.84,5397.292970925635,5055.660543611548,0.02,stop_gap,WEAK,11,285.60000000000036,273.3059418512694,1.0449827693662852,90.4285742902589,trail,2050.1811989389826,1.5,185.36000000000058,3.4600000000000364,142.80000000000018,136.6529709256347,55.0,2026-03
2026-03-03 15:45:00+00:00,2026-03-03 18:05:00+00:00,HTF,sell,5151.75,5122.0361826716,5351.175448855998,4852.611826716003,0.02,stop_loss,WEAK,28,59.427634656800365,398.85089771199637,0.14899711896778048,52.07626906650411,locked,2109.608833595783,1.5,155.77999999999975,23.850000000000364,29.713817328400182,199.42544885599818,140.0,2026-03
2026-03-04 09:00:00+00:00,2026-03-16 01:20:00+00:00,HTF,buy,5167.37,4969.414126385469,4969.614126385469,5464.0038104217965,0.02,stop_loss,WEAK,2094,-395.9117472290618,395.51174722906217,-1.0010113479632452,23.99591600795146,raw,1713.6970863667211,1.5,71.18000000000029,199.75,-197.9558736145309,197.75587361453108,16820.0,2026-03
2026-03-16 07:35:00+00:00,2026-03-18 15:35:00+00:00,HTF,sell,5011.900000000001,4869.59488372906,5129.316279096867,4835.775581354701,0.02,stop_loss,WEAK,648,284.6102325418815,234.83255819373335,1.2119709240108107,100.91161768881942,trail,1998.3073189086026,1.5,177.73000000000047,32.6299999999992,142.30511627094074,117.41627909686667,3360.0,2026-03
2026-03-19 06:50:00+00:00,2026-03-19 10:20:00+00:00,HTF,sell,4849.33,4734.488250179267,4959.59083393089,4683.938749103665,0.02,stop_loss,WEAK,42,229.6834996414655,220.52166786177986,1.0415461748884838,89.55733704005878,trail,2227.990818550068,1.5,148.1199999999999,4.480000000000473,114.84174982073273,110.26083393088993,210.0,2026-03
2026-03-19 11:30:00+00:00,2026-03-19 14:50:00+00:00,HTF,sell,4719.87,4570.908382111622,4851.397940372074,4522.578089441889,0.02,stop_loss,WEAK,40,297.923235776756,263.05588074414845,1.1325473315174428,95.60452806525122,trail,2525.914054326824,1.5,188.6199999999999,1.8400000000001455,148.961617888378,131.52794037207423,200.0,2026-03
2026-03-20 09:30:00+00:00,2026-03-20 20:45:00+00:00,HTF,buy,4687.08,4518.064840495045,4518.264840495045,5109.117898762387,0.02,stop_loss,STRONG,135,-338.03031900990936,337.6303190099097,-1.0011847277257937,11.323627603147166,raw,2187.8837353169147,2.5,47.789999999999964,176.64000000000033,-169.01515950495468,168.81515950495486,675.0,2026-03
2026-03-24 07:05:00+00:00,2026-03-31 01:30:00+00:00,HTF,sell,4325.820000000001,4622.643122974698,4622.443122974698,3584.2621925632575,0.02,stop_loss,STRONG,1335,-593.6462459493941,593.2462459493945,-1.0006742562683384,0.597391053748454,raw,1594.2374893675205,2.5,4.430000000000291,297.1799999999994,-296.82312297469707,296.62312297469725,9745.0,2026-03
2026-03-31 08:00:00+00:00,2026-03-31 22:45:00+00:00,HTF,buy,4598.80009765625,4696.347749920721,4458.538358978602,4739.061836333897,0.02,stop_loss,RANGING,165,195.0953045289425,280.52347735529474,0.6954687228614599,90.6161622447899,trail,1789.332793896463,1.0,127.09980468750018,39.90019531249982,97.54765226447125,140.26173867764737,885.0,2026-03
2026-04-01 06:50:00+00:00,2026-04-02 05:45:00+00:00,HTF,buy,4753.7,4631.873439898922,4632.073439898922,4936.139840151617,0.02,stop_loss,WEAK,263,-243.6531202021561,243.25312020215642,-1.0016443776740345,39.574635827211964,raw,1545.679673694307,1.5,72.19990234375018,136.40019531249982,-121.82656010107803,121.62656010107821,1375.0,2026-04
2026-04-02 07:05:00+00:00,2026-04-08 01:15:00+00:00,HTF,buy,4634.4998046875,4830.924329537602,4468.581228667005,4883.377668718242,0.02,stop_loss,WEAK,757,392.849049700204,331.83715204098917,1.1838609609682236,101.85726894585825,trail,1938.528723394511,1.5,253.50019531250018,28.999804687499818,196.424524850102,165.91857602049458,8290.0,2026-04
2026-04-08 07:55:00+00:00,2026-04-12 22:10:00+00:00,HTF,buy,4839.9001953125,4688.5001953125,4700.540481113761,4979.259909511238,0.02,stop_gap,RANGING,709,-302.7999999999993,278.7194283974768,-1.0863971763323998,4.377021524887285,raw,1635.7287233945117,1.0,6.099804687500182,152.00029296874982,-151.39999999999964,139.3597141987384,6615.0,2026-04
2026-04-13 08:25:00+00:00,2026-04-14 14:45:00+00:00,HTF,buy,4755.09990234375,4820.764304746003,4656.420449511265,4853.779355176234,0.02,stop_loss,RANGING,352,131.32880480450694,197.35890566496892,0.6654313589853763,88.06301125703384,trail,1767.0575281990186,1.0,86.90009765625018,32.59990234374982,65.66440240225347,98.67945283248446,1820.0,2026-04
2026-04-14 17:10:00+00:00,2026-04-17 20:40:00+00:00,HTF,buy,4851.30009765625,4860.226826581887,4760.0328083998875,4942.567386912612,0.02,stop_loss,RANGING,870,17.85345785127356,182.5345785127247,0.09780863437898686,72.7534456181094,locked,1784.9109860502922,1.0,66.40009765625018,65.40019531249982,8.92672892563678,91.26728925636235,4530.0,2026-04
2026-04-20 14:20:00+00:00,2026-04-21 19:40:00+00:00,HTF,buy,4845.9001953125,4698.231082324376,4698.431082324376,4993.369308300624,0.02,stop_loss,RANGING,339,-295.3382259762475,294.93822597624785,-1.0013562161997673,6.034897202993885,raw,1489.5727600740447,1.0,8.899609375000182,160.10039062499982,-147.66911298812374,147.46911298812392,1760.0,2026-04
2026-04-22 09:10:00+00:00,2026-04-23 17:40:00+00:00,HTF,buy,4779.59990234375,4691.833554341442,4692.033554341442,4867.1662503460575,0.02,stop_loss,RANGING,378,-175.532696004615,175.13269600461535,-1.0022839824266114,1.7132098651192424,raw,1314.0400640694297,1.0,1.500195312500182,91.59990234374982,-87.7663480023075,87.56634800230768,1950.0,2026-04
2026-04-24 06:50:00+00:00,2026-04-28 12:15:00+00:00,HTF,sell,4689.5998046875,4597.069146938423,4775.8302944822435,4560.254069995385,0.02,stop_loss,WEAK,615,185.06131549815473,172.46097958948667,1.07306195255681,94.32062628245859,trail,1499.1013795675844,1.5,121.99970703125018,67.50029296874982,92.53065774907736,86.23048979474333,6085.0,2026-04
2026-04-28 14:00:00+00:00,2026-05-01 14:10:00+00:00,HTF,sell,4579.19990234375,4668.6016390051,4668.4016390051,4445.397297351725,0.02,stop_loss,WEAK,830,-178.80347332269957,178.40347332269994,-1.0022421088140818,42.59984851165442,raw,1320.2979062448849,1.5,56.99970703125018,93.80009765624982,-89.40173666134979,89.20173666134997,4330.0,2026-04
2026-05-01 15:10:00+00:00,2026-05-04 10:30:00+00:00,HTF,sell,4647.3,4560.030317630436,4730.0677254347875,4523.148411847819,0.02,stop_loss,WEAK,218,174.53936473912836,165.53545086957456,1.0543926622500215,90.4539375383153,trail,1494.8372709840132,1.5,112.30000000000018,13.999804687499818,87.26968236956418,82.76772543478728,4040.0,2026-05
2026-05-04 14:10:00+00:00,2026-05-06 03:10:00+00:00,HTF,sell,4570.8,4656.400942777267,4656.200942777267,4442.6985858340995,0.02,stop_loss,WEAK,420,-171.20188555453387,170.80188555453424,-1.0023418945212517,47.384256246491844,raw,1323.6353854294794,1.5,60.69990234375018,89.40019531249982,-85.60094277726694,85.40094277726712,2220.0,2026-05
2026-05-06 06:30:00+00:00,2026-05-06 12:10:00+00:00,HTF,buy,4675.09990234375,4685.8822814214245,4601.8840418259215,4784.923693120492,0.02,stop_loss,WEAK,68,21.56475815534941,146.43172103565666,0.14726835143935998,54.17787429451998,locked,1345.2001435848288,1.5,59.50019531250018,6.599902343749818,10.782379077674705,73.21586051782833,340.0,2026-05
2026-05-06 13:55:00+00:00,2026-05-12 03:55:00+00:00,HTF,buy,4713.7,4726.819636292738,4624.90242471508,4846.896362927379,0.02,stop_loss,WEAK,981,26.239272585477014,177.59515056983946,0.1477476862475386,52.32868286482528,locked,1371.4394161703058,1.5,69.69990234375018,58.59990234374982,13.119636292738505,88.79757528491973,8040.0,2026-05
2026-05-12 07:40:00+00:00,2026-05-15 00:35:00+00:00,HTF,buy,4708.30009765625,4624.4252741518185,4624.625274151818,4833.812332912898,0.02,stop_loss,WEAK,743,-167.74964700886267,167.34964700886303,-1.0023902052209197,21.113246032997115,raw,1203.689769161443,1.5,26.499707031250182,84.69999999999982,-83.87482350443133,83.67482350443152,3895.0,2026-05
2026-05-15 09:00:00+00:00,2026-05-18 03:40:00+00:00,HTF,sell,4561.69990234375,4548.16214293526,4653.284965067019,4424.322308258847,0.02,stop_loss,WEAK,210,27.075518816980548,183.17012544653699,0.14781623777881425,56.923330812898584,locked,1230.7652879784237,1.5,78.19990234375018,15.300097656249818,13.537759408490274,91.58506272326849,4000.0,2026-05
2026-05-18 06:20:00+00:00,2026-05-20 14:30:00+00:00,HTF,sell,4546.69990234375,4530.555715896419,4655.6611453259575,4383.258037870439,0.02,stop_loss,WEAK,650,32.288372894661734,217.92248596441462,0.14816448496248444,56.10551656348974,locked,1263.0536608730854,1.5,91.69990234375018,46.50029296874982,16.144186447330867,108.9612429822073,3370.0,2026-05
2026-05-21 07:30:00+00:00,2026-05-28 14:10:00+00:00,HTF,sell,4517.8,4497.582731010592,4599.46907595763,4313.627310105927,0.02,stop_loss,STRONG,1112,40.43453797881557,163.338151915259,0.24755109265466219,59.851247689957276,locked,1303.488198851901,2.5,122.19990234375018,43.40019531249982,20.217268989407785,81.6690759576295,10480.0,2026-05
2026-05-28 16:00:00+00:00,2026-06-05 13:50:00+00:00,HTF,buy,4511.09990234375,4407.6451135468715,4407.845113546871,4769.236874335946,0.02,stop_loss,STRONG,1628,-206.9095775937567,206.50957759375706,-1.001936956167653,44.9374587519401,raw,1096.5786212581443,2.5,116.00019531250018,104.30009765624982,-103.45478879687835,103.25478879687853,11390.0,2026-05
2026-06-08 08:30:00+00:00,2026-06-10 12:30:00+00:00,HTF,sell,4315.69990234375,4187.904154545378,4418.047084161677,4162.179129616859,0.02,stop_loss,WEAK,599,255.59149559674373,204.6943636358537,1.2486494061528475,106.6304575179333,trail,1352.170116854888,1.5,163.69990234375018,72.90019531249982,127.79574779837185,102.34718181792687,3120.0,2026-06
2026-06-10 17:15:00+00:00,2026-06-11 22:55:00+00:00,HTF,sell,4136.3,4262.494201077497,4262.294201077497,3821.3144973062585,0.02,stop_loss,STRONG,332,-252.38840215499297,251.9884021549933,-1.0015873746433521,28.604506574935566,raw,1099.781714699895,2.5,90.10004882812518,131.49980468749982,-126.19420107749647,125.99420107749665,1780.0,2026-06
2026-06-12 11:00:00+00:00,2026-06-15 01:40:00+00:00,HTF,sell,4226.69990234375,4340.570793569264,4340.370793569265,3942.522674279964,0.02,stop_loss,STRONG,162,-227.74178245102848,227.34178245102888,-1.0017594653991322,10.275243566383162,raw,872.0399322488665,2.5,29.199902343750182,114.00029296874982,-113.87089122551424,113.67089122551442,3760.0,2026-06
2026-06-15 14:10:00+00:00,2026-06-17 18:30:00+00:00,HTF,buy,4379.2,4290.103686291036,4290.303686291036,4601.44078427241,0.02,stop_loss,STRONG,604,-178.19262741792772,177.7926274179281,-1.002249812074937,10.97912686734487,raw,693.8473048309388,2.5,24.400097656250182,90.90019531249982,-89.09631370896386,88.89631370896404,3140.0,2026-06
2026-06-18 14:50:00+00:00,2026-06-23 09:35:00+00:00,HTF,sell,4265.90009765625,4138.101188114006,4362.237391369602,4121.394157086223,0.02,stop_loss,WEAK,561,255.59781908448892,192.6745874267035,1.326577741767437,109.13039403202166,trail,949.4451239154278,1.5,157.69990234375018,8.399707031249818,127.79890954224447,96.33729371335176,6885.0,2026-06
2026-06-23 12:10:00+00:00,2026-06-24 13:35:00+00:00,HTF,sell,4131.5998046875,4019.4790526831102,4254.530305818702,3947.2040529906976,0.02,stop_loss,WEAK,293,224.24150400877986,245.86100226240345,0.9120661753808786,82.05164949144472,trail,1173.6866279242076,1.5,151.29975585937518,31.900195312499818,112.12075200438994,122.93050113120171,1525.0,2026-06
2026-06-24 14:45:00+00:00,2026-07-01 14:35:00+00:00,HTF,sell,4028.19990234375,4128.9622779158335,4128.762277915834,3877.356338985625,0.02,stop_loss,WEAK,1376,-201.5247511441667,201.12475114416702,-1.0019888153880818,48.261920084161666,raw,972.161876780041,1.5,72.80000000000018,102.80009765624982,-100.76237557208333,100.56237557208351,10070.0,2026-06
2026-07-02 08:10:00+00:00,2026-07-05 23:30:00+00:00,HTF,buy,4082.09990234375,4189.976298165091,4002.3539040398873,4201.718899799544,0.02,stop_loss,WEAK,244,215.7527916426825,159.491996607725,1.352749957562651,110.35052802652187,trail,1187.9146684227235,1.5,132.00019531250018,12.399951171874818,107.87639582134125,79.7459983038625,5240.0,2026-07
2026-07-06 07:20:00+00:00,2026-07-08 08:40:00+00:00,HTF,buy,4166.30009765625,4076.43704756849,4076.63704756849,4300.79467278789,0.02,stop_loss,WEAK,568,-179.7261001755196,179.32610017551997,-1.0022305732384083,19.405841954557896,raw,1008.1885682472039,1.5,26.099804687500182,94.80009765624982,-89.8630500877598,89.66305008775998,2960.0,2026-07
2026-07-08 10:40:00+00:00,2026-07-12 22:45:00+00:00,HTF,buy,4067.7,4080.7333063602555,3979.4779575982966,4200.033063602555,0.02,stop_loss,WEAK,683,26.06661272051133,176.44408480340644,0.1477329928603426,60.982418261034034,locked,1034.2551809677152,1.5,80.69990234375018,35.19999999999982,13.033306360255665,88.22204240170322,6485.0,2026-07
2026-07-13 06:50:00+00:00,2026-07-14 12:30:00+00:00,HTF,sell,4061.69990234375,4051.386578365433,4131.788728865864,3956.5666625605795,0.02,stop_loss,WEAK,344,20.62664795663477,140.17765304422755,0.14714647812035234,67.81870333973444,locked,1054.88182892435,1.5,71.30000000000018,50.80009765624982,10.313323978317385,70.08882652211378,1780.0,2026-07
2026-07-15 06:25:00+00:00,2026-07-17 15:45:00+00:00,HTF,sell,4032.3,4022.698419503262,4097.643869978253,3934.284195032621,0.02,stop_loss,WEAK,663,19.20316099347656,130.68773995650554,0.14693926913012348,70.70288309427653,locked,1074.0849899178265,1.5,69.30000000000018,56.80009765624982,9.60158049673828,65.34386997825277,3440.0,2026-07
2026-07-21 06:45:00+00:00,2026-07-22 04:00:00+00:00,HTF,buy,4087.59990234375,4132.276183170119,4024.980818194342,4150.218986493157,0.02,stop_loss,RANGING,243,89.35256165273859,125.23816829881527,0.7134611026851296,93.26245896044946,trail,1163.4375515705651,1.0,58.40009765625018,39.19999999999982,44.67628082636929,62.61908414940763,1275.0,2026-07
2026-07-22 09:00:00+00:00,2026-07-22 22:00:00+00:00,HTF,buy,4124.2,4125.8,4064.706647466348,4213.440028800478,0.02,stop_gap,WEAK,144,3.200000000000728,118.98670506730377,0.026893760930607132,52.89095373252189,locked,1166.6375515705658,1.5,47.19990234375018,49.59990234374982,1.6000000000003638,59.49335253365189,780.0,2026-07
2026-07-23 12:45:00+00:00,2026-07-29 07:30:00+00:00,HTF,sell,4068.600048828125,4058.8997965697245,4134.601730550795,3969.5975262441207,0.02,stop_loss,WEAK,1036,19.400504516801448,132.00336344533935,0.14696977418181403,59.89746367289137,locked,1186.0380560873673,1.5,59.30000000000018,50.69975585937482,9.700252258400724,66.00168172266967,8325.0,2026-07
2026-07-30 07:15:00+00:00,2026-07-31 08:20:00+00:00,HTF,buy,4107.30009765625,4116.8950617392775,4009.35045682598,4205.24973848652,0.02,stop_loss,RANGING,289,19.189928166055324,195.8992816605396,0.09795813442189254,74.42610002273864,locked,1205.2279842534226,1.0,72.90009765625018,14.300097656249818,9.594964083027662,97.9496408302698,1505.0,2026-07
2026-07-31 09:10:00+00:00,2026-07-31 20:55:00+00:00,HTF,sell,4113.19990234375,4107.2,4182.989461020738,4008.515564328268,0.02,open_at_window_end,WEAK,141,11.999804687500728,139.57911735397647,0.08597134668124383,35.153300577358216,raw,1217.2277889409233,1.5,36.80000000000018,4.199999999999818,5.999902343750364,69.78955867698824,705.0,2026-07
