entry_ts,exit_ts,path,side,entry,exit,sl0,tp0,lot,reason,regime,bars,pnl,risk_usd,r,max_fav_pct,stage,balance,rr,mfe_pts,mae_pts,pts,stop_pts,mins,month
2022-03-01 14:40:00+00:00,2022-03-01 19:20:00+00:00,HTF,buy,1921.517,1937.2398891729267,1895.0264458646338,1948.0075541353663,0.02,stop_loss,RANGING,56,31.44577834585334,52.98110827073243,0.5935281343147076,80.10779952567663,trail,1031.4457783458533,1.0,21.221000000000004,3.6340000000000146,15.72288917292667,26.49055413536621,280.0,2022-03
2022-03-03 08:00:00+00:00,2022-03-04 01:50:00+00:00,HTF,buy,1932.468,1934.6077965710008,1909.070034289992,1955.8659657100081,0.02,stop_loss,RANGING,202,4.279593142001431,46.79593142001613,0.09145224835018266,78.78890083215525,locked,1035.7253714878548,1.0,18.434999999999945,9.25,2.1397965710007156,23.397965710008066,1070.0,2022-03
2022-03-07 08:20:00+00:00,2022-03-08 15:10:00+00:00,HTF,buy,1997.208,2048.358,1960.476652386088,2052.305021420868,0.02,stop_gap,WEAK,358,102.3000000000002,73.46269522782404,1.3925435172606355,120.13353588462918,trail,1138.025371487855,1.5,66.19000000000005,36.330000000000155,51.15000000000009,36.73134761391202,1850.0,2022-03
2022-03-08 16:15:00+00:00,2022-03-09 14:05:00+00:00,HTF,buy,2059.048,1979.2155755250426,1979.4155755250426,2178.4966367124352,0.02,stop_loss,WEAK,250,-159.66484894991436,159.26484894991427,-1.0025115397568103,9.468504883172892,raw,978.3605225379406,1.5,11.3100000000004,83.03999999999974,-79.83242447495718,79.63242447495713,1310.0,2022-03
2022-03-09 17:15:00+00:00,2022-03-15 15:50:00+00:00,HTF,sell,1993.348,1922.3828603930913,2023.8177207861822,1917.1736980345443,0.02,stop_loss,STRONG,1099,141.93027921381736,60.93944157236456,2.3290380671650484,113.42407842369389,trail,1120.290801751758,2.5,86.39999999999986,15.713999999999942,70.96513960690868,30.46972078618228,8555.0,2022-03
2022-03-16 13:20:00+00:00,2022-03-16 14:40:00+00:00,HTF,sell,1917.648,1915.1970533842828,1935.3209774381146,1891.1385338428279,0.02,stop_loss,WEAK,16,4.901893231434315,35.34595487622937,0.13868328776515537,51.868264409692735,locked,1125.1926949831923,1.5,13.75,2.1950000000001637,2.4509466157171573,17.672977438114685,80.0,2022-03
2022-03-18 16:40:00+00:00,2022-03-23 08:55:00+00:00,HTF,sell,1928.6879999999999,1926.1913966154416,1946.6653558970556,1901.7219661544164,0.02,stop_loss,WEAK,735,4.9932067691165685,35.95471179411152,0.13887489344120763,67.41814574625457,locked,1130.1859017523088,1.5,18.179999999999836,12.480000000000018,2.4966033845582842,17.97735589705576,6735.0,2022-03
2022-03-23 16:50:00+00:00,2022-03-24 15:30:00+00:00,HTF,buy,1934.573,1958.6191861246007,1914.110287082002,1965.2670693769971,0.02,stop_loss,WEAK,260,48.09237224920116,40.925425835996066,1.175122097493275,101.30621527591653,trail,1178.27827400151,1.5,31.0949999999998,0.7300000000000182,24.04618612460058,20.462712917998033,1360.0,2022-03
2022-03-24 16:25:00+00:00,2022-03-28 07:25:00+00:00,HTF,buy,1965.458,1932.1551968738665,1932.3551968738666,2015.1122046892003,0.02,stop_loss,WEAK,444,-66.60560625226708,66.20560625226699,-1.0060417844143885,0.39271598693503734,raw,1111.672667749243,1.5,0.19499999999993634,33.92000000000007,-33.30280312613354,33.102803126133495,5220.0,2022-03
2022-03-28 08:00:00+00:00,2022-03-29 10:15:00+00:00,HTF,sell,1933.8129999999999,1915.6345261744345,1960.8956308721718,1906.730369127828,0.02,stop_loss,RANGING,303,36.35694765113067,54.16526174434375,0.6712225969244443,89.47062829445335,trail,1148.0296154003736,1.0,24.230999999999767,11.710000000000036,18.178473825565334,27.082630872171876,1575.0,2022-03
2022-03-31 17:30:00+00:00,2022-04-01 14:30:00+00:00,HTF,buy,1947.978,1918.9087049436894,1919.1087049436894,1991.281942584466,0.02,stop_loss,WEAK,240,-58.138590112621394,57.7385901126213,-1.0069277756734252,1.0968978149585453,raw,1089.8910252877522,1.5,0.47499999999990905,29.347999999999956,-29.069295056310693,28.869295056310648,1260.0,2022-03
2022-04-01 17:30:00+00:00,2022-04-11 08:20:00+00:00,HTF,sell,1920.138,1954.026569859421,1953.826569859421,1886.449430140579,0.02,stop_loss,RANGING,1546,-67.77713971884214,67.37713971884205,-1.0059367316818324,15.138665788668652,raw,1022.1138855689101,1.0,5.099999999999909,35.25999999999999,-33.88856985942107,33.68856985942102,13850.0,2022-04
2022-04-11 12:05:00+00:00,2022-04-14 13:50:00+00:00,HTF,buy,1963.3980000000001,1966.6613203779466,1940.3091974803567,1998.0312037794652,0.02,stop_loss,WEAK,849,6.526640755892914,46.177605039286846,0.14133779242860686,52.21578724034285,locked,1028.640526324803,1.5,18.083999999999833,22.660000000000082,3.2633203779464566,23.088802519643423,4425.0,2022-04
2022-04-18 07:45:00+00:00,2022-04-19 04:45:00+00:00,HTF,buy,1992.238,1974.366195538117,1974.566195538117,2036.4175111547079,0.02,stop_loss,STRONG,240,-35.74360892376626,35.34360892376617,-1.0113174633881579,13.648860846115108,raw,992.8969174010367,2.5,6.029999999999973,17.820000000000164,-17.87180446188313,17.671804461883085,1260.0,2022-04
2022-04-20 06:25:00+00:00,2022-04-20 19:55:00+00:00,HTF,sell,1939.6879999999999,1958.0699931788058,1957.8699931788058,1894.2330170529851,0.02,stop_loss,STRONG,162,-36.763986357611884,36.36398635761179,-1.010999894127844,1.1615888198995994,raw,956.1329310434248,2.5,0.5279999999997926,18.38000000000011,-18.381993178805942,18.181993178805897,810.0,2022-04
2022-04-21 07:05:00+00:00,2022-04-21 11:55:00+00:00,HTF,sell,1951.088,1940.3243075528262,1958.0726151056522,1933.6264622358694,0.02,stop_loss,STRONG,58,21.527384894347506,13.96923021130442,1.5410573502415863,82.7876685047488,trail,977.6603159377723,2.5,14.455999999999904,1.19399999999996,10.763692447173753,6.98461510565221,290.0,2022-04
2022-04-21 14:10:00+00:00,2022-04-22 12:35:00+00:00,HTF,sell,1941.548,1939.5759285730524,1956.0284761796515,1919.8272857305228,0.02,stop_loss,WEAK,257,3.944142853895301,28.960952359303064,0.13618829950626027,55.707191991394645,locked,981.6044587916676,1.5,12.099999999999909,13.933999999999969,1.9720714269476503,14.480476179651532,1345.0,2022-04
2022-04-22 14:45:00+00:00,2022-04-25 13:15:00+00:00,HTF,sell,1933.408,1898.974576059429,1958.0799201980958,1896.400119702856,0.02,stop_loss,WEAK,258,68.8668478811419,49.34384039619181,1.3956523717691176,113.58391689146264,trail,1050.4713066728095,1.5,42.034999999999854,7.310000000000173,34.43342394057095,24.671920198095904,4230.0,2022-04
2022-04-25 13:55:00+00:00,2022-05-04 18:55:00+00:00,HTF,sell,1896.463,1888.6227028226774,1928.6241887092906,1816.0600282267733,0.02,stop_loss,STRONG,1992,15.680594354645109,64.32237741858125,0.24378132438424682,57.40459460898818,locked,1066.1519010274546,2.5,46.15499999999997,23.375,7.8402971773225545,32.16118870929063,13260.0,2022-04
2022-05-05 11:40:00+00:00,2022-05-05 15:50:00+00:00,HTF,buy,1897.1680000000001,1876.5591139249404,1876.7591139249405,1927.7813291125894,0.02,stop_loss,WEAK,50,-41.217772150119345,40.817772150119254,-1.0097996529190514,40.71755787864918,raw,1024.9341288773353,1.5,12.464999999999918,22.854000000000042,-20.608886075059672,20.408886075059627,250.0,2022-05
2022-05-09 10:10:00+00:00,2022-05-11 02:50:00+00:00,HTF,sell,1862.243,1839.4746167651363,1896.276083825681,1828.2099161743188,0.02,stop_loss,RANGING,464,45.536766469727354,68.06616765136232,0.6690073503619085,89.33953842013148,trail,1070.4708953470627,1.0,30.404999999999973,9.205000000000155,22.768383234863677,34.03308382568116,2440.0,2022-05
2022-05-11 15:15:00+00:00,2022-05-12 16:55:00+00:00,HTF,buy,1849.474,1824.82994247637,1825.02994247637,1886.1400862854448,0.02,stop_loss,WEAK,296,-49.28811504725991,48.88811504725982,-1.0081819476904237,25.184034991118544,raw,1021.1827802998027,1.5,9.234000000000151,25.56600000000003,-24.644057523629954,24.44405752362991,1540.0,2022-05
2022-05-13 13:10:00+00:00,2022-05-19 12:35:00+00:00,HTF,sell,1802.668,1840.6935686606437,1840.4935686606436,1745.9296470090344,0.02,stop_loss,WEAK,1097,-76.05113732128757,75.65113732128748,-1.0052874287705855,28.252494397488846,raw,945.1316429785152,1.5,16.029999999999973,38.450000000000045,-38.025568660643785,37.82556866064374,8605.0,2022-05
2022-05-19 13:10:00+00:00,2022-05-22 22:15:00+00:00,HTF,buy,1840.6380000000001,1843.5224082082223,1820.0752786118521,1871.4820820822222,0.02,stop_loss,WEAK,373,5.768816416444224,41.12544277629604,0.14027366095057012,55.829186143701435,locked,950.9004593949594,1.5,17.2199999999998,8.460000000000036,2.884408208222112,20.56272138814802,4865.0,2022-05
2022-05-23 08:05:00+00:00,2022-05-25 02:50:00+00:00,HTF,buy,1857.8780000000002,1859.5064314569988,1845.688456953342,1876.1623145699873,0.02,stop_loss,WEAK,489,3.256862913997338,24.379086093316346,0.13359249405539547,63.961927340698544,locked,954.1573223089567,1.5,11.694999999999936,10.930000000000064,1.628431456998669,12.189543046658173,2565.0,2022-05
2022-05-25 13:45:00+00:00,2022-06-01 12:25:00+00:00,HTF,sell,1851.238,1834.4333233254938,1869.9024110849796,1823.241383372531,0.02,stop_loss,WEAK,1334,33.60935334901251,37.32882216995904,0.9003593308138227,81.72416083145977,trail,987.7666756579692,1.5,22.88000000000011,12.644999999999982,16.804676674506254,18.66441108497952,10000.0,2022-05
2022-06-02 12:25:00+00:00,2022-06-02 14:25:00+00:00,HTF,buy,1855.8980000000001,1865.9484909377954,1844.899636459318,1872.3955453110234,0.02,stop_loss,WEAK,24,20.100981875590605,21.996727081364497,0.9138169420040695,82.13343103198616,trail,1007.8676575335598,1.5,13.549999999999955,5.150000000000091,10.050490937795303,10.998363540682249,120.0,2022-06
2022-06-02 15:45:00+00:00,2022-06-06 15:10:00+00:00,HTF,buy,1868.9080000000001,1843.8206401243156,1844.0206401243156,1906.239039813527,0.02,stop_loss,WEAK,545,-50.17471975136913,49.77471975136905,-1.0080362079786311,13.541010443990292,raw,957.6929377821907,1.5,5.054999999999836,26.420000000000073,-25.08735987568457,24.887359875684524,5725.0,2022-06
2022-06-08 09:00:00+00:00,2022-06-08 15:05:00+00:00,HTF,sell,1848.0829999999999,1858.1442293000164,1857.9442293000163,1838.2217706999834,0.02,stop_loss,RANGING,73,-20.122458600033042,19.72245860003295,-1.0202814470605315,36.55730832659746,raw,937.5704791821577,1.0,3.604999999999791,10.980000000000246,-10.061229300016521,9.861229300016475,365.0,2022-06
2022-06-09 13:45:00+00:00,2022-06-09 16:00:00+00:00,HTF,sell,1847.503,1846.4013325732028,1860.519674267971,1834.486325732029,0.02,stop_loss,RANGING,27,2.2033348535942423,26.03334853594197,0.08463509219923401,58.33287246561353,locked,939.7738140357519,1.0,7.592999999999847,1.990000000000009,1.1016674267971212,13.016674267970984,135.0,2022-06
2022-06-10 06:55:00+00:00,2022-06-10 11:40:00+00:00,HTF,sell,1844.0739999999998,1835.4798635887848,1852.6681364112148,1835.4798635887848,0.02,take_profit,RANGING,57,17.188272822430008,17.188272822430008,1.0,100.02168442174528,locked,956.9620868581819,1.0,8.595999999999776,3.4090000000001055,8.594136411215004,8.594136411215004,285.0,2022-06
2022-06-10 17:05:00+00:00,2022-06-13 22:00:00+00:00,HTF,buy,1872.498,1812.9129033435988,1813.1129033435989,1931.8830966564012,0.02,stop_loss,RANGING,323,-119.17019331280245,118.77019331280235,-1.0033678483535564,10.549784967512657,raw,837.7918935453795,1.0,6.264999999999873,63.34500000000003,-59.58509665640122,59.385096656401174,4615.0,2022-06
2022-06-14 14:15:00+00:00,2022-06-15 11:20:00+00:00,HTF,sell,1814.608,1830.2217311170575,1830.0217311170575,1791.4874033244137,0.02,stop_loss,WEAK,241,-31.227462234115137,30.82746223411505,-1.012975443679481,41.71605142952223,raw,806.5644313112643,1.5,9.644999999999982,17.860000000000127,-15.613731117057569,15.413731117057523,1265.0,2022-06
2022-06-15 12:20:00+00:00,2022-06-16 22:50:00+00:00,HTF,buy,1830.3780000000002,1850.9958153011264,1810.1540510037553,1860.7139234943675,0.02,stop_loss,WEAK,390,41.23563060225251,40.44789799248974,1.0194752421969873,89.13524589096636,trail,847.8000619135169,1.5,27.039999999999736,17.410000000000082,20.617815301126257,20.22394899624487,2070.0,2022-06
2022-06-17 08:15:00+00:00,2022-06-23 18:20:00+00:00,HTF,buy,1850.228,1822.9083868050152,1823.1083868050152,1877.347613194985,0.02,stop_loss,RANGING,1195,-54.63922638996974,54.239226389969645,-1.0073747364522527,10.048078416191562,raw,793.1608355235471,1.0,2.724999999999909,27.660000000000082,-27.319613194984868,27.119613194984822,9245.0,2022-06
2022-06-24 06:10:00+00:00,2022-06-26 22:00:00+00:00,HTF,sell,1823.228,1837.576,1837.1869553494703,1809.2690446505298,0.02,stop_gap,RANGING,178,-28.695999999999916,27.917910698940435,-1.0278706135802995,45.347232952073284,raw,764.4648355235472,1.0,6.330000000000155,16.13499999999999,-14.347999999999956,13.958955349470216,3830.0,2022-06
2022-06-27 17:05:00+00:00,2022-06-29 10:35:00+00:00,HTF,sell,1822.9379999999999,1821.750650271958,1836.8114972804192,1809.0645027195806,0.02,stop_loss,RANGING,474,2.3746994560838175,27.74699456083863,0.08558402427610683,78.9995469669242,locked,766.839534979631,1.0,10.959999999999809,6.47400000000016,1.1873497280419087,13.873497280419315,2490.0,2022-06
2022-06-30 07:30:00+00:00,2022-06-30 11:45:00+00:00,HTF,sell,1816.463,1805.0617697976734,1825.8768489883666,1807.0491510116333,0.02,stop_loss,RANGING,51,22.802460404653175,18.82769797673336,1.211112502061149,146.96432901246735,trail,789.6419953842842,1.0,13.835000000000036,0.5,11.401230202326587,9.41384898836668,255.0,2022-06
2022-07-01 06:40:00+00:00,2022-07-01 13:05:00+00:00,HTF,sell,1796.358,1795.0006823335273,1811.931176664727,1780.784823335273,0.02,stop_loss,RANGING,77,2.714635332945363,31.146353329454087,0.0871574050493488,76.8051391023609,locked,792.3566307172296,1.0,11.961000000000013,2.0779999999999745,1.3573176664726816,15.573176664727043,385.0,2022-07
2022-07-05 14:10:00+00:00,2022-07-06 19:15:00+00:00,HTF,sell,1774.113,1740.4790796722139,1812.3883983610692,1735.837601638931,0.02,stop_loss,RANGING,337,67.2678406555724,76.55079672213833,0.8787346903747989,109.69186944558122,trail,859.624471372802,1.0,41.98500000000013,1.68100000000004,33.6339203277862,38.275398361069165,1745.0,2022-07
2022-07-07 06:40:00+00:00,2022-07-12 01:30:00+00:00,HTF,sell,1744.4289999999999,1740.5997785980999,1760.5458856076,1704.1367859809995,0.02,stop_loss,STRONG,766,7.658442803799971,32.23377121520025,0.23759065461718404,53.06484272598515,locked,867.2829141766019,2.5,21.380999999999858,7.958000000000084,3.8292214018999857,16.116885607600125,6890.0,2022-07
2022-07-14 08:00:00+00:00,2022-07-14 15:50:00+00:00,HTF,sell,1717.084,1713.730332353262,1740.7751176449217,1681.5473235326176,0.02,stop_loss,WEAK,94,6.707335293476263,47.382235289843265,0.1415580175237961,55.283729242469136,locked,873.9902494700782,1.5,19.645999999999958,1.683999999999969,3.3536676467381312,23.691117644921633,470.0,2022-07
2022-07-15 08:35:00+00:00,2022-07-18 03:15:00+00:00,HTF,sell,1702.184,1716.0950340390027,1715.8950340390027,1667.9064149024932,0.02,stop_loss,STRONG,212,-27.822068078005486,27.422068078005395,-1.0145867918809859,9.44057170537155,raw,846.1681813920727,2.5,3.2359999999998763,14.928000000000111,-13.911034039002743,13.711034039002698,4000.0,2022-07
2022-07-18 07:10:00+00:00,2022-07-19 00:15:00+00:00,HTF,buy,1716.4840000000002,1705.2463895829073,1705.4463895829074,1733.0404156256393,0.02,stop_loss,WEAK,193,-22.47522083418562,22.07522083418553,-1.018119864032375,44.17622851091901,raw,823.6929605578871,1.5,7.313999999999851,11.256000000000085,-11.23761041709281,11.037610417092765,1025.0,2022-07
2022-07-20 08:00:00+00:00,2022-07-20 18:20:00+00:00,HTF,sell,1707.961,1702.0618103166407,1717.270051583203,1698.651948416797,0.02,stop_loss,RANGING,124,11.798379366718564,18.618103166405945,0.633704693827633,90.20252949453281,trail,835.4913399246057,1.0,8.396999999999935,6.4500000000000455,5.899189683359282,9.309051583202972,620.0,2022-07
2022-07-21 07:10:00+00:00,2022-07-21 12:55:00+00:00,HTF,sell,1687.888,1706.6613752671462,1706.4613752671462,1669.3146247328536,0.02,stop_loss,RANGING,69,-37.54675053429264,37.14675053429255,-1.0107681020344115,38.44212426283951,raw,797.944589390313,1.0,7.139999999999873,19.170000000000073,-18.77337526714632,18.573375267146275,345.0,2022-07
2022-07-22 09:05:00+00:00,2022-07-22 12:00:00+00:00,HTF,buy,1718.928,1727.235702221018,1705.5915111050904,1732.2644888949098,0.02,stop_loss,RANGING,35,16.615404442035924,26.67297778981947,0.622930239471713,83.79266903049141,trail,814.5599938323489,1.0,11.174999999999955,0.2600000000002183,8.307702221017962,13.336488894909735,175.0,2022-07
2022-07-22 15:25:00+00:00,2022-07-28 16:30:00+00:00,HTF,buy,1732.368,1750.4568719995932,1703.0023599979668,1761.733640002033,0.02,stop_loss,RANGING,1117,36.17774399918653,58.73128000406632,0.6159876644384684,83.11414291774437,trail,850.7377378315355,1.0,24.407000000000153,21.052999999999884,18.088871999593266,29.36564000203316,8705.0,2022-07
2022-07-29 06:30:00+00:00,2022-07-29 13:15:00+00:00,HTF,buy,1765.894,1754.5217834091432,1754.7217834091432,1782.6523248862852,0.02,stop_loss,WEAK,81,-22.744433181713703,22.34443318171361,-1.0179015505449225,9.905524634855384,raw,827.9933046498218,1.5,1.6600000000000819,11.205999999999904,-11.372216590856851,11.172216590856806,405.0,2022-07
2022-07-29 17:45:00+00:00,2022-08-02 13:00:00+00:00,HTF,buy,1766.1380000000001,1783.6703112101989,1752.6123707006625,1786.4264439490066,0.02,stop_loss,WEAK,495,35.06462242039743,27.051258598675304,1.2962288720316524,107.40104098060716,trail,863.0579270702192,1.5,21.789999999999964,7.930000000000064,17.532311210198714,13.525629299337652,5475.0,2022-07
2022-08-05 16:25:00+00:00,2022-08-09 08:05:00+00:00,HTF,sell,1772.298,1791.135309264085,1790.935309264085,1744.3420361038725,0.02,stop_loss,WEAK,452,-37.67461852816996,37.27461852816987,-1.0107311628071471,6.199035048260325,raw,825.3833085420492,1.5,1.7329999999999472,19.163999999999987,-18.83730926408498,18.637309264084934,5260.0,2022-08
2022-08-09 13:10:00+00:00,2022-08-10 12:55:00+00:00,HTF,buy,1796.464,1797.8872635222947,1780.231364777051,1812.6966352229488,0.02,stop_loss,RANGING,273,2.846527044589493,32.46527044589766,0.08767914160250535,69.63749166259277,locked,828.2298355866387,1.0,11.304000000000087,8.985999999999876,1.4232635222947465,16.23263522294883,1425.0,2022-08
2022-08-10 16:30:00+00:00,2022-08-15 09:30:00+00:00,HTF,buy,1799.48,1781.4296154941574,1781.6296154941574,1817.3303845058426,0.02,stop_loss,RANGING,744,-36.100769011685315,35.700769011685225,-1.0112042404428085,17.187304839264364,raw,792.1290665749534,1.0,3.0679999999999836,19.3420000000001,-18.050384505842658,17.850384505842612,6780.0,2022-08
2022-08-16 11:45:00+00:00,2022-08-17 12:40:00+00:00,HTF,sell,1775.3139999999999,1770.747,1783.6983878907074,1762.7374181639384,0.02,stop_gap,WEAK,287,9.13399999999956,16.768775781415115,0.5447028524361808,84.95949169083701,trail,801.263066574953,1.5,10.684999999999945,6.880000000000109,4.56699999999978,8.384387890707558,1495.0,2022-08
2022-08-17 14:20:00+00:00,2022-08-17 18:00:00+00:00,HTF,sell,1768.6779999999999,1767.400430947661,1778.5284603489256,1753.9023094766112,0.02,stop_loss,WEAK,44,2.555138104677553,19.700920697851416,0.12969638038064976,60.667215422593515,locked,803.8182046796305,1.5,8.963999999999942,0.3300000000001546,1.2775690523387766,9.850460348925708,220.0,2022-08
2022-08-18 14:10:00+00:00,2022-08-19 05:40:00+00:00,HTF,sell,1765.5539999999999,1755.2229639930592,1776.783879976864,1748.7091800347036,0.02,stop_loss,WEAK,174,20.662072013881243,22.45975995372828,0.9199596102740794,82.51794930807642,trail,824.4802766935118,1.5,13.899999999999864,0.790000000000191,10.331036006940622,11.22987997686414,930.0,2022-08
2022-08-19 07:45:00+00:00,2022-08-22 09:50:00+00:00,HTF,sell,1753.9579999999999,1736.2118791137793,1766.237597045931,1735.5386044311033,0.02,stop_loss,WEAK,301,35.49224177244105,24.559194091862082,1.4451712723017134,121.41549333879445,trail,859.9725184659528,1.5,22.363999999999805,4.040000000000191,17.746120886220524,12.279597045931041,4445.0,2022-08
2022-08-22 10:55:00+00:00,2022-08-23 13:45:00+00:00,HTF,sell,1734.248,1746.5292256709015,1746.3292256709015,1716.126161493648,0.02,stop_loss,WEAK,310,-24.5624513418029,24.162451341802807,-1.0165546117130948,36.30978169071377,raw,835.4100671241499,1.5,6.580000000000155,14.099999999999909,-12.28122567090145,12.081225670901404,1610.0,2022-08
2022-08-25 08:00:00+00:00,2022-08-26 14:00:00+00:00,HTF,buy,1762.0040000000001,1742.3056401406684,1742.5056401406684,1791.2515397889977,0.02,stop_loss,WEAK,348,-39.39671971866346,38.99671971866337,-1.0102572729933654,11.50182211655727,raw,796.0133474054865,1.5,3.3639999999998054,20.68600000000015,-19.69835985933173,19.498359859331686,1800.0,2022-08
2022-08-29 08:15:00+00:00,2022-08-29 14:15:00+00:00,HTF,sell,1721.7179999999998,1745.2955562276152,1745.0955562276151,1686.6516656585768,0.02,stop_loss,WEAK,72,-47.155112455230665,46.755112455230574,-1.0085552141572347,2.7490754825239634,raw,748.8582349502558,1.5,0.9639999999999418,23.700000000000045,-23.577556227615332,23.377556227615287,360.0,2022-08
2022-08-30 07:00:00+00:00,2022-08-31 10:10:00+00:00,HTF,sell,1732.088,1713.486049775199,1742.7014992506631,1716.1677511240052,0.02,stop_loss,WEAK,314,37.20390044960186,21.226998501326307,1.752668915827986,138.1008561565351,trail,786.0621353998577,1.5,21.985999999999876,5.75,18.60195022480093,10.613499250663153,1630.0,2022-08
2022-08-31 12:25:00+00:00,2022-09-01 12:45:00+00:00,HTF,sell,1711.984,1698.8387303021555,1724.2664343405183,1693.5603484892222,0.02,stop_loss,WEAK,280,26.29053939568894,24.56486868103684,1.0702495395786198,93.03258906071393,trail,812.3526747955466,1.5,17.139999999999873,11.403999999999996,13.14526969784447,12.28243434051842,1460.0,2022-08
2022-09-02 08:55:00+00:00,2022-09-06 01:00:00+00:00,HTF,buy,1704.634,1721.4993779331774,1694.9007558663548,1728.9671103341132,0.02,stop_loss,STRONG,427,33.730755866354684,19.466488267290515,1.7327601878266035,90.13233285369624,trail,846.0834306619013,2.5,21.932000000000016,0.5360000000000582,16.865377933177342,9.733244133645258,5285.0,2022-09
2022-09-06 16:55:00+00:00,2022-09-07 17:40:00+00:00,HTF,sell,1701.248,1717.7626108302688,1717.5626108302688,1676.776083754597,0.02,stop_loss,WEAK,285,-33.02922166053759,32.629221660537496,-1.0122589500957622,40.985756486822254,raw,813.0542090013637,1.5,10.029999999999973,17.096000000000004,-16.514610830268794,16.314610830268748,1485.0,2022-09
2022-09-08 10:20:00+00:00,2022-09-08 14:25:00+00:00,HTF,buy,1721.541,1705.5461570316872,1705.7461570316873,1737.3358429683126,0.02,stop_loss,RANGING,49,-31.989685936625396,31.5896859366253,-1.0126623607718852,41.494556249458206,raw,781.0645230647383,1.0,6.554000000000087,17.592999999999847,-15.994842968312696,15.79484296831265,245.0,2022-09
2022-09-09 07:50:00+00:00,2022-09-13 12:35:00+00:00,HTF,buy,1726.7150000000001,1709.2226006458216,1709.4226006458216,1744.0073993541787,0.02,stop_loss,RANGING,609,-34.984798708357175,34.584798708357084,-1.0115657749918734,48.113623966181926,raw,746.0797243563811,1.0,8.319999999999936,18.590000000000146,-17.492399354178588,17.292399354178542,6045.0,2022-09
2022-09-15 06:15:00+00:00,2022-09-15 15:00:00+00:00,HTF,sell,1688.018,1668.9155898301149,1705.609966100382,1661.6300508494269,0.02,stop_loss,WEAK,105,38.20482033977032,35.18393220076405,1.0858598783606306,93.14858028467152,trail,784.2845446961514,1.5,24.579999999999927,4.230000000000018,19.10241016988516,17.591966100382024,525.0,2022-09
2022-09-15 16:10:00+00:00,2022-09-28 15:00:00+00:00,HTF,sell,1661.691,1655.3993398113553,1704.9687345909658,1596.7743981135513,0.02,stop_loss,WEAK,2470,12.583320377289512,86.55546918193158,0.14537868601740853,72.37131740533582,locked,796.867865073441,1.5,46.980999999999995,26.257000000000062,6.291660188644755,43.27773459096579,18650.0,2022-09
2022-09-29 09:00:00+00:00,2022-09-29 15:05:00+00:00,HTF,sell,1645.075,1659.1261146925017,1658.9261146925016,1624.2983279612477,0.02,stop_loss,WEAK,73,-28.102229385003284,27.70222938500319,-1.014439271094067,2.935985122460242,raw,768.7656356884377,1.5,0.6100000000001273,14.36999999999989,-14.051114692501642,13.851114692501596,365.0,2022-09
2022-09-29 16:10:00+00:00,2022-10-04 11:00:00+00:00,HTF,buy,1663.958,1703.9771435632558,1636.4551452108526,1705.2122821837213,0.02,stop_loss,WEAK,766,80.03828712651148,55.00570957829496,1.4550905304218504,117.49083351915914,trail,848.8039228149491,1.5,48.47000000000003,6.870000000000118,40.01914356325574,27.502854789147477,6890.0,2022-09
2022-10-04 12:50:00+00:00,2022-10-07 12:50:00+00:00,HTF,buy,1712.788,1690.324478474292,1690.524478474292,1746.1832822885622,0.02,stop_loss,WEAK,828,-44.92704305141615,44.52704305141606,-1.0089833048095784,49.848358388338916,raw,803.876879763533,1.5,16.646999999999935,22.284000000000106,-22.463521525708074,22.26352152570803,4320.0,2022-10
2022-10-10 07:00:00+00:00,2022-10-11 16:20:00+00:00,HTF,sell,1686.6879999999999,1682.8859196656492,1713.368535562338,1646.6671966564927,0.02,stop_loss,WEAK,388,7.604160668701297,53.36107112467607,0.14250389859930793,64.41150063566108,locked,811.4810404322343,1.5,25.777999999999793,1.900000000000091,3.8020803343506486,26.680535562338036,2000.0,2022-10
2022-10-12 10:10:00+00:00,2022-10-13 12:35:00+00:00,HTF,sell,1670.18,1658.748,1683.6001639648218,1650.0497540527674,0.02,stop_gap,WEAK,305,22.864000000000033,26.840327929643536,0.8518524833203738,91.82699530077673,trail,834.3450404322343,1.5,18.485000000000127,12.155999999999949,11.432000000000016,13.420163964821768,1585.0,2022-10
2022-10-13 16:55:00+00:00,2022-10-14 12:55:00+00:00,HTF,sell,1665.5149999999999,1663.0552693447396,1683.246537701735,1638.9176934473971,0.02,stop_loss,WEAK,228,4.919461310520546,35.46307540347016,0.13872066239464284,57.889320369897504,locked,839.2645017427549,1.5,15.396999999999935,6.93300000000022,2.459730655260273,17.73153770173508,1200.0,2022-10
2022-10-17 07:10:00+00:00,2022-10-17 17:40:00+00:00,HTF,buy,1653.405,1655.6976553955678,1643.4343784177286,1678.3315539556784,0.02,stop_loss,STRONG,126,4.585310791135726,19.94124316454281,0.22994107003763886,59.62717520611864,locked,843.8498125338906,2.5,14.863000000000056,2.4769999999998618,2.292655395567863,9.970621582271406,630.0,2022-10
2022-10-19 09:05:00+00:00,2022-10-20 00:15:00+00:00,HTF,sell,1640.9679999999998,1628.877761123484,1655.3668056174204,1626.5691943825793,0.02,stop_loss,RANGING,170,24.180477753031482,28.797611234841042,0.8396695668902051,105.35596078640224,trail,868.0302902869221,1.0,15.169999999999845,1.0490000000002055,12.090238876515741,14.398805617420521,910.0,2022-10
2022-10-20 06:10:00+00:00,2022-10-20 14:55:00+00:00,HTF,sell,1631.027,1644.3890805316391,1644.189080531639,1611.2838792025414,0.02,stop_loss,WEAK,105,-26.72416106327819,26.324161063278094,-1.015195166107614,20.812312512057655,raw,841.3061292236439,1.5,4.109000000000151,13.971000000000004,-13.362080531639094,13.162080531639049,525.0,2022-10
2022-10-20 15:40:00+00:00,2022-10-21 03:45:00+00:00,HTF,buy,1642.6480000000001,1620.594046715487,1620.794046715487,1675.4289299267698,0.02,stop_loss,WEAK,133,-44.107906569026454,43.70790656902636,-1.0091516622826213,0.9456717692038149,raw,797.1982226546174,1.5,0.30999999999994543,22.1400000000001,-22.053953284513227,21.85395328451318,725.0,2022-10
2022-10-21 08:45:00+00:00,2022-10-21 12:55:00+00:00,HTF,sell,1619.9579999999999,1633.4616628587032,1633.2616628587032,1600.0025057119449,0.02,stop_loss,WEAK,50,-27.007325717406733,26.60732571740664,-1.0150334537280616,4.86582785664698,raw,770.1908969372107,1.5,0.9709999999997763,13.3900000000001,-13.503662858703365,13.30366285870332,250.0,2022-10
2022-10-24 08:00:00+00:00,2022-11-04 04:50:00+00:00,HTF,sell,1649.027,1644.8691460653367,1678.0793595644222,1605.4484606533667,0.02,stop_loss,WEAK,2446,8.315707869326616,58.10471912884441,0.14311587757419386,74.69272831998815,locked,778.5066048065373,1.5,32.549999999999955,25.651000000000067,4.157853934663308,29.052359564422204,15650.0,2022-10
2022-11-04 09:05:00+00:00,2022-11-04 13:20:00+00:00,HTF,buy,1648.767,1663.1328718573216,1631.041359286609,1666.4926407133912,0.02,stop_loss,RANGING,51,28.731743714643017,35.451281426782316,0.810457127593055,102.5689299132915,trail,807.2383485211803,1.0,18.18100000000004,5.56899999999996,14.365871857321508,17.725640713391158,255.0,2022-11
2022-11-04 14:25:00+00:00,2022-11-08 19:30:00+00:00,HTF,buy,1671.198,1707.990133737283,1628.4586686864156,1713.9373313135845,0.02,stop_loss,RANGING,601,73.58426747456588,85.47866262716889,0.8608495408440978,106.55290712404137,trail,880.8226159957462,1.0,45.539999999999964,6.641000000000076,36.79213373728294,42.739331313584444,6065.0,2022-11
2022-11-09 06:30:00+00:00,2022-11-17 02:20:00+00:00,HTF,buy,1709.228,1767.1967135646187,1675.6074271292373,1793.279432176907,0.02,stop_loss,STRONG,1606,115.93742712923722,67.24114574152554,1.7242036234019542,91.77594956102816,trail,996.7600431249834,2.5,77.1389999999999,7.180000000000064,57.96871356461861,33.62057287076277,11270.0,2022-11
2022-11-17 09:35:00+00:00,2022-11-20 23:00:00+00:00,HTF,sell,1764.298,1751.6615769604805,1778.1132565349346,1743.575115197598,0.02,stop_loss,WEAK,425,25.27284607903903,27.630513069869266,0.9146716173938426,81.9432244203363,trail,1022.0328892040225,1.5,16.980999999999995,3.2799999999999727,12.636423039519514,13.815256534934633,5125.0,2022-11
2022-11-21 07:45:00+00:00,2022-11-22 00:25:00+00:00,HTF,sell,1742.4279999999999,1740.8504333951225,1754.2784440325152,1724.6523339512269,0.02,stop_loss,WEAK,188,3.1551332097546942,23.70088806503054,0.13312299526910695,56.76299257825216,locked,1025.1880224137772,1.5,10.089999999999918,4.420000000000073,1.5775666048773473,11.85044403251527,1000.0,2022-11
2022-11-22 06:25:00+00:00,2022-11-23 06:50:00+00:00,HTF,sell,1741.118,1739.9613124681023,1750.1625835459847,1727.5511246810229,0.02,stop_loss,WEAK,281,2.31337506379532,18.089167091969557,0.12788731797509414,60.890955402565375,locked,1027.5013974775725,1.5,8.260999999999967,8.480000000000018,1.15668753189766,9.044583545984779,1465.0,2022-11
2022-11-23 12:30:00+00:00,2022-11-23 13:35:00+00:00,HTF,sell,1737.388,1738.1280000000002,1745.0917644741137,1725.8323532888294,0.02,stop_gap,WEAK,13,-1.480000000000473,15.407528948227537,-0.09605693456579423,80.05609924935901,trail,1026.021397477572,1.5,9.250999999999976,2.589000000000169,-0.7400000000002365,7.703764474113768,65.0,2022-11
2022-11-24 06:45:00+00:00,2022-11-28 18:05:00+00:00,HTF,buy,1755.1570000000002,1741.1484436070662,1741.3484436070662,1775.869834589401,0.02,stop_loss,WEAK,619,-28.017112785867994,27.617112785867903,-1.01448377327136,40.84906854964896,raw,998.004284691704,1.5,8.460999999999785,14.119000000000142,-14.008556392933997,13.808556392933951,6440.0,2022-11
2022-11-29 08:25:00+00:00,2022-11-30 13:30:00+00:00,HTF,buy,1755.325,1756.3883013972393,1742.6919860276082,1767.9580139723919,0.02,stop_loss,RANGING,337,2.1266027944784582,25.266027944783676,0.08416846522634787,73.00712260871303,locked,1000.1308874861825,1.0,9.222999999999956,8.557999999999993,1.0633013972392291,12.633013972391836,1745.0,2022-11
2022-12-01 09:20:00+00:00,2022-12-01 14:35:00+00:00,HTF,buy,1777.8780000000002,1795.6364288754564,1759.5701443772823,1796.185855622718,0.02,stop_loss,RANGING,63,35.51685775091255,36.615711245435705,0.9699895630278074,121.75101475205277,trail,1035.647745237095,1.0,22.289999999999736,1.7700000000002092,17.758428875456275,18.307855622717852,315.0,2022-12
2022-12-01 16:10:00+00:00,2022-12-28 08:15:00+00:00,HTF,buy,1799.218,1804.533345167083,1762.4490322194463,1854.3714516708308,0.02,stop_loss,WEAK,4873,10.630690334166047,73.53793556110759,0.14456063055145593,61.64074771403659,locked,1046.278435571261,1.5,33.996999999999844,33.218000000000075,5.315345167083024,36.768967780553794,38405.0,2022-12
2022-12-28 08:45:00+00:00,2022-12-30 14:05:00+00:00,HTF,sell,1803.705,1824.1009005176581,1823.900900517658,1773.4111492235127,0.02,stop_loss,WEAK,616,-40.79180103531644,40.39180103531635,-1.0099029998600546,22.44679968278517,raw,1005.4866345359446,1.5,6.7999999999999545,21.3420000000001,-20.39590051765822,20.195900517658174,3200.0,2022-12
2023-01-03 06:10:00+00:00,2023-01-04 08:50:00+00:00,HTF,buy,1842.415,1859.4105064442158,1826.3000214807194,1866.5874677789209,0.02,stop_loss,WEAK,308,33.99101288843167,32.229957038561224,1.0546403412130971,93.57753708425834,trail,1039.4776474243763,1.5,22.62000000000012,14.889999999999873,16.995506444215835,16.114978519280612,1600.0,2023-01
2023-01-04 11:10:00+00:00,2023-01-05 15:15:00+00:00,HTF,buy,1862.135,1828.9691821597119,1829.169182159712,1944.5495446007203,0.02,stop_loss,STRONG,325,-66.33163568057626,65.93163568057616,-1.0060668902852343,0.7886957370803817,raw,973.1460117438,2.5,0.650000000000091,33.48000000000002,-33.16581784028813,32.96581784028808,1685.0,2023-01
2023-01-05 16:00:00+00:00,2023-01-06 15:05:00+00:00,HTF,sell,1828.568,1856.9658151903857,1856.7658151903856,1758.073462024036,0.02,stop_loss,STRONG,265,-56.7956303807714,56.39563038077131,-1.0070927480958964,0.415635038419281,raw,916.3503813630286,2.5,0.2929999999998927,31.626999999999953,-28.3978151903857,28.197815190385654,1385.0,2023-01
2023-01-06 16:10:00+00:00,2023-01-12 14:10:00+00:00,HTF,buy,1862.208,1892.490181414087,1833.2819380469568,1905.597092929565,0.02,stop_loss,WEAK,1080,60.56436282817367,57.8521239060865,1.0468822705021177,90.49970245689029,trail,976.9147441912023,1.5,39.266999999999825,2.4610000000000127,30.282181414086836,28.926061953043245,8520.0,2023-01
2023-01-13 09:15:00+00:00,2023-01-17 04:05:00+00:00,HTF,buy,1906.1480000000001,1908.9776804612486,1885.9501302583437,1936.4448046124849,0.02,stop_loss,WEAK,442,5.659360922496944,40.39573948331281,0.14009796564894636,75.04751834663904,locked,982.5741051136993,1.5,22.736999999999853,12.53300000000013,2.829680461248472,20.197869741656405,5450.0,2023-01
2023-01-17 14:10:00+00:00,2023-01-18 04:05:00+00:00,HTF,buy,1916.005,1898.1812976600568,1898.3812976600568,1942.440553509915,0.02,stop_loss,WEAK,155,-35.64740467988668,35.247404679886586,-1.0113483532655199,2.0427035877929813,raw,946.9267004338126,1.5,0.5399999999999636,18.437000000000126,-17.82370233994334,17.623702339943293,835.0,2023-01
2023-01-18 13:50:00+00:00,2023-01-18 17:00:00+00:00,HTF,buy,1923.285,1904.855334741743,1905.055334741743,1950.6294978873857,0.02,stop_loss,WEAK,38,-36.85933051651409,36.459330516514,-1.0109711284966933,9.190148637394438,raw,910.0673699172985,1.5,2.51299999999992,18.330000000000155,-18.429665258257046,18.229665258257,190.0,2023-01
2023-01-20 08:10:00+00:00,2023-01-23 07:25:00+00:00,HTF,buy,1936.025,1920.230309996934,1920.430309996934,1959.4170350045993,0.02,stop_loss,WEAK,267,-31.58938000613216,31.189380006132065,-1.012824878209232,0.29924715821506537,raw,878.4779899111663,1.5,0.06999999999993634,15.730000000000018,-15.79469000306608,15.594690003066034,4275.0,2023-01
2023-01-23 17:10:00+00:00,2023-01-24 01:45:00+00:00,HTF,sell,1920.7549999999999,1935.1909611291935,1934.9909611291935,1899.4010583062095,0.02,stop_loss,WEAK,91,-28.871922258387254,28.471922258387167,-1.0140489284976977,0.7492761865430293,raw,849.6060676527791,1.5,0.15999999999985448,14.290000000000191,-14.435961129193629,14.235961129193583,515.0,2023-01
2023-01-24 06:30:00+00:00,2023-01-24 15:00:00+00:00,HTF,buy,1937.575,1920.2490741841882,1920.4490741841882,1954.7009258158118,0.02,stop_loss,RANGING,102,-34.651851631623686,34.251851631623595,-1.0116782007671312,27.870026130751768,raw,814.9542160211554,1.0,4.772999999999911,17.50999999999999,-17.325925815811843,17.125925815811797,510.0,2023-01
2023-01-25 17:25:00+00:00,2023-01-31 06:00:00+00:00,HTF,buy,1938.185,1915.978540931095,1916.178540931095,1960.1914590689048,0.02,stop_loss,RANGING,967,-44.41291813780981,44.01291813780972,-1.009088240837557,49.53091256467424,raw,770.5412978833456,1.0,10.900000000000091,23.5,-22.206459068904906,22.00645906890486,7955.0,2023-01
2023-01-31 07:45:00+00:00,2023-01-31 13:30:00+00:00,HTF,sell,1915.195,1912.9741007624382,1931.334328250412,1890.9860076243817,0.02,stop_loss,WEAK,69,4.441798475123505,32.27865650082413,0.13760791050922763,60.01902010029002,locked,774.9830963584691,1.5,14.529999999999973,1.65300000000002,2.2208992375617527,16.139328250412063,345.0,2023-01
2023-02-02 08:00:00+00:00,2023-02-02 13:55:00+00:00,HTF,buy,1956.825,1944.383299930465,1944.583299930465,1975.1875501043025,0.02,stop_loss,WEAK,71,-24.88340013907009,24.48340013907,-1.0163376000771143,14.758298736323452,raw,750.099696219399,1.5,2.7100000000000364,13.587999999999965,-12.441700069535045,12.241700069535,355.0,2023-02
2023-02-03 15:55:00+00:00,2023-02-28 15:00:00+00:00,HTF,sell,1872.7849999999999,1822.8427463901362,1926.4674879671206,1792.2612680493187,0.02,stop_loss,WEAK,4651,99.88450721972731,107.36497593424157,0.9303267322567477,84.68435124413402,trail,849.9842034391263,1.5,68.1909999999998,17.313000000000102,49.942253609863656,53.68248796712078,35945.0,2023-02
2023-03-01 06:30:00+00:00,2023-03-01 13:10:00+00:00,HTF,buy,1834.845,1835.9151870105761,1822.143129894239,1847.546870105761,0.02,stop_loss,RANGING,80,2.1403740211521836,25.403740211521836,0.08425428709829978,52.511952527170806,locked,852.1245774602785,1.0,6.670000000000073,4.519999999999982,1.0701870105760918,12.701870105760918,400.0,2023-03
2023-03-02 08:05:00+00:00,2023-03-03 08:40:00+00:00,HTF,sell,1830.595,1845.642264568558,1845.442264568558,1815.7477354314422,0.02,stop_loss,RANGING,283,-30.094529137115845,29.69452913711575,-1.013470494788891,4.990818319282899,raw,822.0300483231626,1.0,0.7409999999999854,15.049999999999955,-15.047264568557921,14.847264568557875,1475.0,2023-03
2023-03-03 09:10:00+00:00,2023-03-06 08:10:00+00:00,HTF,buy,1846.755,1855.2158198031573,1837.5810660105246,1860.5159009842132,0.02,stop_loss,WEAK,264,16.92163960631433,18.347867978950944,0.9222673514834087,82.93788330497479,trail,838.951687929477,1.5,11.412999999999784,7.8400000000001455,8.460819803157165,9.173933989475472,4260.0,2023-03
2023-03-06 12:55:00+00:00,2023-03-07 11:00:00+00:00,HTF,buy,1852.365,1842.301649055563,1842.5016490555631,1867.1600264166555,0.02,stop_loss,WEAK,253,-20.126701888873868,19.726701888873777,-1.0202770844438875,10.070951940461878,raw,818.8249860406031,1.5,1.490000000000009,9.900000000000091,-10.063350944436934,9.863350944436888,1325.0,2023-03
2023-03-08 08:55:00+00:00,2023-03-08 14:50:00+00:00,HTF,sell,1813.0349999999999,1821.1816366044616,1820.9816366044615,1801.1150450933073,0.02,stop_loss,WEAK,71,-16.293273208923438,15.893273208923347,-1.0251678804448858,8.137614677176247,raw,802.5317128316797,1.5,0.9699999999997999,8.430000000000064,-8.146636604461719,7.946636604461673,355.0,2023-03
2023-03-08 17:00:00+00:00,2023-03-09 14:35:00+00:00,HTF,sell,1816.695,1829.2336029347873,1829.0336029347873,1798.1870955978188,0.02,stop_loss,WEAK,247,-25.077205869574755,24.677205869574664,-1.0162092905539708,26.421143602965653,raw,777.4545069621049,1.5,4.889999999999873,13.38000000000011,-12.538602934787377,12.338602934787332,1295.0,2023-03
2023-03-10 08:35:00+00:00,2023-03-10 16:05:00+00:00,HTF,buy,1835.7150000000001,1861.6249208786064,1820.5814029286882,1858.415395606968,0.02,stop_loss,WEAK,90,51.81984175721255,30.267194142623794,1.7120794716890269,139.34999436877638,trail,829.2743487193175,1.5,31.63299999999981,4.9370000000001255,25.909920878606272,15.133597071311897,450.0,2023-03
2023-03-10 17:45:00+00:00,2023-03-13 13:55:00+00:00,HTF,buy,1864.2440000000001,1901.3192944262348,1837.1149814207834,1904.9375278688253,0.02,stop_loss,WEAK,242,74.15058885246935,54.25803715843358,1.3666286643571253,111.60005627035072,trail,903.4249375717868,1.5,45.41399999999976,3.4960000000000946,37.07529442623468,27.12901857921679,4090.0,2023-03
2023-03-13 15:20:00+00:00,2023-03-20 09:45:00+00:00,HTF,buy,1910.9550000000002,1986.7361615100435,1868.8313230200874,2016.264192449782,0.02,stop_loss,STRONG,1313,151.56232302008675,84.24735395982543,1.7990158253796484,93.7619952285602,trail,1054.9872605918736,2.5,98.73999999999978,25.3900000000001,75.78116151004338,42.123676979912716,9745.0,2023-03
2023-03-20 11:45:00+00:00,2023-03-21 13:45:00+00:00,HTF,buy,1983.095,1952.4913411889047,1952.6913411889047,2059.1041470277382,0.02,stop_loss,STRONG,300,-61.20731762219066,60.807317622190574,-1.0065781556503672,4.473145842248556,raw,993.7799429696829,2.5,3.3999999999998636,30.62000000000012,-30.60365881109533,30.403658811095283,1560.0,2023-03
2023-03-21 16:15:00+00:00,2023-03-22 18:00:00+00:00,HTF,sell,1946.835,1962.2614114766811,1962.061411476681,1908.7689713082973,0.02,stop_loss,STRONG,297,-30.852822953362192,30.4528229533621,-1.0131350712744327,33.25800046685612,raw,962.9271200163207,2.5,12.660000000000082,19.5,-15.426411476681096,15.22641147668105,1545.0,2023-03
2023-03-23 06:10:00+00:00,2023-04-17 14:25:00+00:00,HTF,buy,1980.015,1990.523009388871,1937.1829624445163,2087.0950938887095,0.02,stop_loss,STRONG,4515,21.01601877774192,85.66407511096759,0.24533059804262375,63.99228606506203,locked,983.9431387940626,2.5,68.52299999999991,36.12000000000012,10.50800938887096,42.832037555483794,36495.0,2023-03
2023-04-17 16:10:00+00:00,2023-05-03 14:50:00+00:00,HTF,sell,1987.825,2020.8657222303038,2020.6657222303038,1938.5639166545443,0.02,stop_loss,WEAK,3296,-66.0814444606076,65.68144446060751,-1.0060900000492528,37.900100306507674,raw,917.861694333455,1.5,18.670000000000073,33.822999999999865,-33.0407222303038,32.840722230303754,22960.0,2023-04
2023-05-04 09:55:00+00:00,2023-05-05 07:20:00+00:00,HTF,buy,2037.9550000000002,2041.4328030790696,2023.2437876837218,2074.733030790696,0.02,stop_loss,STRONG,245,6.955606158138836,29.422424632556616,0.23640492736422175,58.64914335070052,locked,924.8173004915939,2.5,21.569999999999936,6.051000000000158,3.4778030790694174,14.711212316278306,1285.0,2023-05
2023-05-05 17:35:00+00:00,2023-05-10 12:30:00+00:00,HTF,sell,2014.714,2042.479179195059,2042.279179195059,1945.8010520123523,0.02,stop_loss,STRONG,767,-55.53035839011818,55.1303583901181,-1.0072555305584914,1.9009490063242658,raw,869.2869421014757,2.5,1.3099999999999454,31.029999999999973,-27.76517919505909,27.565179195059045,6895.0,2023-05
2023-05-11 16:00:00+00:00,2023-05-19 06:05:00+00:00,HTF,sell,2013.514,1964.3014958767567,2050.5689862558556,1957.9315206162164,0.02,stop_loss,WEAK,1537,98.42500824648641,74.10997251171148,1.3280939785928605,110.87846509053088,trail,967.7119503479621,1.5,61.628999999999905,8.980000000000018,49.21250412324321,37.05498625585574,10925.0,2023-05
2023-05-23 08:05:00+00:00,2023-05-23 13:55:00+00:00,HTF,sell,1954.995,1972.4440108443182,1972.2440108443182,1929.1214837335224,0.02,stop_loss,WEAK,70,-34.89802168863662,34.49802168863653,-1.0115948677756166,2.0870761996103466,raw,932.8139286593255,1.5,0.5399999999999636,18.289000000000215,-17.44901084431831,17.249010844318263,350.0,2023-05
2023-05-24 12:30:00+00:00,2023-05-24 15:55:00+00:00,HTF,buy,1982.4850000000001,1960.3354516071765,1960.5354516071766,2004.4345483928237,0.02,stop_loss,RANGING,41,-44.29909678564718,43.89909678564709,-1.009111804781616,0.637826334712408,raw,888.5148318736783,1.0,0.13999999999987267,22.110000000000127,-22.14954839282359,21.949548392823544,205.0,2023-05
2023-05-25 09:50:00+00:00,2023-05-25 12:35:00+00:00,HTF,sell,1961.555,1947.881258610557,1975.228741389443,1947.881258610557,0.02,take_profit,RANGING,33,27.347482778885933,27.347482778885933,1.0,141.2195788265293,locked,915.8623146525642,1.0,19.310000000000173,1.40300000000002,13.673741389442966,13.673741389442966,165.0,2023-05
2023-05-25 13:35:00+00:00,2023-05-30 08:25:00+00:00,HTF,sell,1946.895,1944.3168943621827,1974.6760563781727,1919.1139436218273,0.02,stop_loss,RANGING,736,5.156211275634632,55.562112756345414,0.09280084971293272,53.957631401581615,locked,921.0185259281989,1.0,14.990000000000009,10.319999999999936,2.578105637817316,27.781056378172707,6890.0,2023-05
2023-05-31 13:15:00+00:00,2023-05-31 14:00:00+00:00,HTF,buy,1963.915,1965.447231456828,1946.5926854317206,1981.2373145682793,0.02,stop_loss,RANGING,9,3.0644629136559165,34.644629136558706,0.08845419881900671,55.841267411880466,locked,924.0829888418548,1.0,9.673000000000002,4.130999999999858,1.532231456827958,17.322314568279353,45.0,2023-05
2023-06-01 12:55:00+00:00,2023-06-02 12:50:00+00:00,HTF,buy,1968.4750000000001,1970.2854376489809,1948.3706235101922,1988.579376489808,0.02,stop_loss,RANGING,275,3.620875297961448,40.20875297961584,0.09005191729763617,73.81477365151403,locked,927.7038641398162,1.0,14.839999999999918,2.5300000000002,1.8104376489807237,20.10437648980792,1435.0,2023-06
2023-06-02 16:40:00+00:00,2023-06-05 14:00:00+00:00,HTF,sell,1954.0249999999999,1951.2729897654701,1973.7050682301979,1924.5048976547027,0.02,stop_loss,WEAK,244,5.504020469059469,39.360136460396006,0.1398374336074162,54.13260365117123,locked,933.2078846088757,1.5,15.97999999999979,7.269000000000233,2.7520102345297346,19.680068230198003,4160.0,2023-06
2023-06-07 16:20:00+00:00,2023-06-23 07:30:00+00:00,HTF,sell,1943.125,1918.2877203558082,1979.688601779041,1906.561398220959,0.02,stop_loss,RANGING,3176,49.674559288383534,73.12720355808187,0.6792897426869211,90.41778815934558,trail,982.8824438972592,1.0,33.059999999999945,29.80300000000011,24.837279644191767,36.56360177904094,22510.0,2023-06
2023-06-23 12:45:00+00:00,2023-06-28 09:45:00+00:00,HTF,buy,1927.544,1907.5588705734247,1907.7588705734247,1957.2216941398633,0.02,stop_loss,WEAK,792,-39.97025885315088,39.57025885315079,-1.010108602056017,32.6642627770024,raw,942.9121850441084,1.5,9.69399999999996,20.300000000000182,-19.98512942657544,19.785129426575395,7020.0,2023-06
2023-06-28 10:25:00+00:00,2023-06-29 13:30:00+00:00,HTF,sell,1906.395,1896.3996844345288,1916.3439481150963,1891.4715778273555,0.02,stop_loss,WEAK,313,19.990631130942347,19.8978962301926,1.004660537962251,90.32780714807951,trail,962.9028161750507,1.5,13.480000000000018,6.849999999999909,9.995315565471174,9.9489481150963,1625.0,2023-06
2023-07-04 07:20:00+00:00,2023-07-05 13:25:00+00:00,HTF,buy,1926.538,1932.6524240691463,1919.696080230488,1936.800879654268,0.02,stop_loss,WEAK,319,12.228848138292506,13.68383953902412,0.8936708226823172,81.52682562657083,trail,975.1316643133432,1.5,8.366999999999962,5.79300000000012,6.114424069146253,6.84191976951206,1805.0,2023-07
2023-07-06 11:45:00+00:00,2023-07-06 12:20:00+00:00,HTF,buy,1926.785,1910.6220073565885,1910.8220073565885,1942.7479926434116,0.02,stop_loss,RANGING,7,-32.3259852868232,31.925985286823106,-1.0125289790246563,4.510432448875398,raw,942.80567902652,1.0,0.7200000000000273,18.65000000000009,-16.1629926434116,15.962992643411553,35.0,2023-07
2023-07-11 06:45:00+00:00,2023-07-12 14:00:00+00:00,HTF,buy,1936.015,1953.417147482942,1917.7257374147098,1954.3042625852904,0.02,stop_loss,RANGING,363,34.804294965883855,36.57852517058063,0.9514953050615678,116.24306830773472,trail,977.6099739924039,1.0,21.25999999999999,6.759999999999991,17.402147482941928,18.289262585290317,1875.0,2023-07
2023-07-12 15:55:00+00:00,2023-07-21 13:15:00+00:00,HTF,buy,1955.738,1959.8211119442599,1927.183920371601,1998.5691194425985,0.02,stop_loss,WEAK,1900,8.166223888519653,57.10815925679798,0.14299574692643538,73.88786567302469,locked,985.7761978809235,1.5,31.646999999999935,10.100000000000136,4.0831119442598265,28.554079628398995,12800.0,2023-07
2023-07-21 15:25:00+00:00,2023-07-26 11:35:00+00:00,HTF,sell,1960.278,1974.00361382476,1973.8036138247599,1939.9895792628604,0.02,stop_loss,WEAK,782,-27.45122764951975,27.05122764951966,-1.01478675959489,41.30434846838437,raw,958.3249702314038,1.5,8.38000000000011,13.779999999999973,-13.725613824759876,13.52561382475983,6970.0,2023-07
2023-07-27 07:40:00+00:00,2023-07-27 12:40:00+00:00,HTF,buy,1980.895,1965.278725788298,1965.478725788298,1996.3112742117019,0.02,stop_loss,RANGING,60,-31.232548423403845,30.83254842340375,-1.012973303228366,7.654248904734537,raw,927.0924218079999,1.0,1.1800000000000637,18.09999999999991,-15.61627421170192,15.416274211701875,300.0,2023-07
2023-07-31 08:20:00+00:00,2023-07-31 12:30:00+00:00,HTF,sell,1954.145,1965.4033993837634,1965.2033993837633,1943.0866006162366,0.02,stop_loss,RANGING,50,-22.51679876752678,22.11679876752669,-1.0180858000384485,31.559721067085462,raw,904.5756230404731,1.0,3.490000000000009,11.269999999999982,-11.25839938376339,11.058399383763344,250.0,2023-07
2023-08-01 07:40:00+00:00,2023-08-01 14:35:00+00:00,HTF,sell,1955.195,1946.4874348177188,1969.2571740885949,1941.132825911405,0.02,stop_loss,RANGING,83,17.415130364562174,28.124348177189862,0.6192189861554425,83.34415379984156,trail,921.9907534050353,1.0,11.720000000000027,2.3700000000001182,8.707565182281087,14.06217408859493,415.0,2023-08
2023-08-01 15:10:00+00:00,2023-08-04 12:40:00+00:00,HTF,sell,1942.7649999999999,1940.228285085458,1970.1321491454175,1915.3978508545822,0.02,stop_loss,RANGING,798,5.0734298290835795,54.73429829083534,0.09269196806224644,65.28630331592868,locked,927.0641832341189,1.0,17.866999999999962,11.910000000000082,2.5367149145417898,27.36714914541767,4170.0,2023-08
2023-08-07 15:55:00+00:00,2023-08-08 13:35:00+00:00,HTF,sell,1932.225,1925.4950000000001,1944.1785940205268,1920.271405979473,0.02,stop_gap,RANGING,248,13.45999999999958,23.907188041053814,0.5630105881497166,80.05960369380269,trail,940.5241832341185,1.0,9.569999999999936,5.720000000000027,6.729999999999791,11.953594020526907,1300.0,2023-08
2023-08-08 17:20:00+00:00,2023-08-10 11:00:00+00:00,HTF,sell,1923.895,1922.5093053734388,1939.7519462656112,1908.0380537343888,0.02,stop_loss,RANGING,476,2.771389253122379,31.713892531222427,0.08738723101851775,65.5233348588218,locked,943.2955724872409,1.0,10.389999999999873,8.360000000000127,1.3856946265611896,15.856946265611214,2500.0,2023-08
2023-08-10 11:55:00+00:00,2023-08-10 12:40:00+00:00,HTF,buy,1921.9950000000001,1923.0110852684747,1909.834147315253,1934.1558526847473,0.02,stop_loss,RANGING,9,2.032170536949252,24.32170536949434,0.08355378482210032,65.78486071156692,locked,945.3277430241901,1.0,7.999999999999773,0.9300000000000637,1.016085268474626,12.16085268474717,45.0,2023-08
2023-08-11 11:40:00+00:00,2023-08-14 12:25:00+00:00,HTF,buy,1918.7450000000001,1906.2899931188228,1906.489993118823,1931.0000068811773,0.02,stop_loss,RANGING,285,-24.910013762354538,24.510013762354447,-1.0163198602774537,16.89105538716018,raw,920.4177292618356,1.0,2.0699999999999363,12.840000000000146,-12.455006881177269,12.255006881177223,4365.0,2023-08
2023-08-14 17:40:00+00:00,2023-08-15 01:40:00+00:00,HTF,sell,1911.565,1905.633236916791,1920.756184583955,1902.373815416045,0.02,stop_loss,RANGING,84,11.863526166418069,18.38236916790993,0.64537525375827,86.71352345499886,trail,932.2812554282536,1.0,7.970000000000027,0.15999999999985448,5.9317630832090344,9.191184583954964,480.0,2023-08
2023-08-15 08:05:00+00:00,2023-08-15 12:40:00+00:00,HTF,sell,1904.555,1903.6177335606533,1915.9276643934681,1893.182335606532,0.02,stop_loss,RANGING,55,1.8745328786935715,22.74532878693617,0.08241397151270083,73.3337387920305,locked,934.1557883069472,1.0,8.340000000000146,0.5,0.9372664393467858,11.372664393468085,275.0,2023-08
2023-08-16 10:00:00+00:00,2023-08-16 17:35:00+00:00,HTF,buy,1906.425,1897.0175123386193,1897.2175123386194,1915.6324876613805,0.02,stop_loss,RANGING,91,-18.814975322761256,18.414975322761165,-1.021721451861284,3.041003260578784,raw,915.340812984186,1.0,0.2799999999999727,9.559999999999945,-9.407487661380628,9.207487661380583,455.0,2023-08
2023-08-17 09:00:00+00:00,2023-08-18 00:40:00+00:00,HTF,sell,1893.685,1892.5555973977655,1906.9790260223456,1880.3909739776543,0.02,stop_loss,RANGING,176,2.2588052044688993,26.588052044691267,0.08495564852483829,65.89425946117076,locked,917.5996181886549,1.0,8.759999999999991,9.690000000000055,1.1294026022344497,13.294026022345633,940.0,2023-08
2023-08-18 06:00:00+00:00,2023-08-21 01:35:00+00:00,HTF,buy,1893.255,1884.9611236805622,1885.1611236805622,1901.348876319438,0.02,stop_loss,RANGING,223,-16.587752638875827,16.187752638875736,-1.024710039059991,42.29123185116491,raw,901.011865549779,1.0,3.423000000000002,8.13000000000011,-8.293876319437913,8.093876319437868,4055.0,2023-08
2023-08-21 08:55:00+00:00,2023-08-21 12:35:00+00:00,HTF,sell,1888.355,1895.6953116108955,1895.4953116108954,1877.6445325836569,0.02,stop_loss,WEAK,44,-14.68062322179094,14.280623221790847,-1.0280099820426416,15.312123516641476,raw,886.3312423279881,1.5,1.6400000000001,7.279999999999973,-7.340311610895469,7.140311610895424,220.0,2023-08
2023-08-22 09:15:00+00:00,2023-08-23 13:45:00+00:00,HTF,buy,1901.375,1915.8603535988163,1886.8896464011837,1915.8603535988163,0.02,take_profit,RANGING,330,28.970707197632695,28.970707197632695,1.0,112.59649195814383,locked,915.3019495256208,1.0,16.309999999999945,12.356999999999971,14.485353598816346,14.485353598816346,1710.0,2023-08
2023-08-23 16:00:00+00:00,2023-08-25 14:35:00+00:00,HTF,buy,1918.6280000000002,1906.687282131006,1906.887282131006,1930.3687178689943,0.02,stop_loss,RANGING,535,-23.88143573798834,23.48143573798825,-1.0170347335002592,39.15433495033465,raw,891.4205137876324,1.0,4.596999999999753,11.92300000000023,-11.94071786899417,11.740717868994125,2795.0,2023-08
2023-08-29 06:10:00+00:00,2023-08-29 11:40:00+00:00,HTF,buy,1924.815,1917.7827501117774,1917.9827501117775,1931.6472498882226,0.02,stop_loss,RANGING,66,-14.064499776445247,13.664499776445155,-1.0292729339927695,0.8781880197820829,raw,877.3560140111872,1.0,0.05999999999994543,6.930000000000064,-7.032249888222623,6.832249888222577,330.0,2023-08
2023-08-30 12:25:00+00:00,2023-08-31 13:35:00+00:00,HTF,buy,1940.775,1941.642759262548,1933.6566049163478,1951.4525926254787,0.02,stop_loss,WEAK,290,1.7355185250958132,14.236790167304662,0.12190377920168399,76.70268277942212,locked,879.091532536283,1.5,8.189999999999827,0.2599999999999909,0.8677592625479065,7.118395083652331,1510.0,2023-08
2023-09-01 12:10:00+00:00,2023-09-01 13:20:00+00:00,HTF,buy,1946.075,1946.943433660974,1938.952108926839,1956.7593366097417,0.02,stop_loss,WEAK,14,1.7368673219480115,14.2457821463222,0.12192151361772821,63.92535399692053,locked,880.828399858231,1.5,6.829999999999927,1.7309999999999945,0.8684336609740058,7.1228910731610995,70.0,2023-09
2023-09-04 07:00:00+00:00,2023-09-04 10:45:00+00:00,HTF,buy,1944.545,1940.443311743942,1940.6433117439421,1950.3975323840868,0.02,stop_loss,WEAK,45,-8.203376512115938,7.803376512115847,-1.0512598615969682,0.0,raw,872.6250233461151,1.5,0.0,4.160000000000082,-4.101688256057969,3.9016882560579234,225.0,2023-09
2023-09-04 16:15:00+00:00,2023-09-05 04:30:00+00:00,HTF,sell,1938.325,1937.8345900990719,1942.927732672854,1931.420900990719,0.02,stop_loss,WEAK,105,0.9808198018563417,9.205465345708035,0.10654755246171667,50.40483914442612,locked,873.6058431479714,1.5,3.480000000000018,0.5,0.4904099009281708,4.602732672854017,735.0,2023-09
2023-09-05 06:35:00+00:00,2023-09-05 12:40:00+00:00,HTF,sell,1935.7549999999999,1930.0266670275873,1942.2938900919573,1925.9466648620637,0.02,stop_loss,WEAK,73,11.45666594482509,13.07778018391491,0.8760405652724061,81.02292477000387,trail,885.0625090927965,1.5,7.946999999999889,2.3730000000000473,5.728332972412545,6.538890091957455,365.0,2023-09
2023-09-05 13:50:00+00:00,2023-09-06 14:50:00+00:00,HTF,sell,1927.145,1918.0082495265076,1939.661247632537,1914.628752367463,0.02,stop_loss,RANGING,288,18.27350094698477,25.03249526507398,0.7299911875936896,95.63569171388919,trail,903.3360100397813,1.0,11.970000000000027,1.9100000000000819,9.136750473492384,12.516247632536988,1500.0,2023-09
2023-09-06 15:30:00+00:00,2023-09-15 01:30:00+00:00,HTF,sell,1915.465,1913.094217223882,1932.603551840787,1889.7571722388193,0.02,stop_loss,WEAK,1764,4.7415655522358975,34.27710368157432,0.13833040260005192,56.663675108312695,locked,908.0775755920172,1.5,14.567000000000007,15.093000000000075,2.3707827761179487,17.13855184078716,12120.0,2023-09
2023-09-15 08:00:00+00:00,2023-09-19 05:20:00+00:00,HTF,buy,1917.665,1930.6413842504053,1905.9529475013512,1935.2330787479732,0.02,stop_loss,WEAK,520,25.952768500810635,23.42410499729749,1.1079513391783755,95.85567233379415,trail,934.0303440928278,1.5,16.840000000000146,1.759999999999991,12.976384250405317,11.712052498648745,5600.0,2023-09
2023-09-19 09:30:00+00:00,2023-09-20 15:40:00+00:00,HTF,buy,1934.905,1942.7925515657128,1926.5201718857095,1947.4822421714357,0.02,stop_loss,WEAK,350,15.775103131425567,16.76965622858097,0.9406932924802381,86.17946487995977,trail,949.8054472242534,1.5,10.838999999999942,7.0499999999999545,7.8875515657127835,8.384828114290485,1810.0,2023-09
2023-09-21 11:55:00+00:00,2023-09-26 12:35:00+00:00,HTF,sell,1920.475,1905.951981876857,1930.1570120820952,1905.951981876857,0.02,take_profit,WEAK,836,29.046036246285894,19.364024164190596,1.5,105.28114659331591,locked,978.8514834705393,1.5,15.289999999999964,8.540000000000191,14.523018123142947,9.682012082095298,7240.0,2023-09
2023-09-26 13:10:00+00:00,2023-09-27 05:40:00+00:00,HTF,sell,1907.095,1898.353626939819,1920.1881346990936,1894.0018653009065,0.02,stop_loss,RANGING,186,17.482746120362208,26.18626939818705,0.6676302704490082,88.29054512667831,trail,996.3342295909015,1.0,11.559999999999945,2.2899999999999636,8.741373060181104,13.093134699093525,990.0,2023-09
2023-09-27 09:05:00+00:00,2023-09-27 13:55:00+00:00,HTF,sell,1895.705,1886.7559111265762,1902.8413704219204,1885.0004443671191,0.02,stop_loss,WEAK,58,17.898177746847523,14.272740843840893,1.2540112612337604,106.18843406338488,trail,1014.232407337749,1.5,11.366999999999962,0.5800000000001546,8.949088873423761,7.1363704219204465,290.0,2023-09
2023-09-27 15:00:00+00:00,2023-09-28 15:40:00+00:00,HTF,sell,1884.305,1864.025891294539,1903.274637648463,1855.8505435273055,0.02,stop_loss,WEAK,284,40.558217410922225,37.9392752969261,1.0690298402776375,93.97473476838404,trail,1054.7906247486712,1.5,26.74000000000001,0.3999999999998636,20.279108705461113,18.96963764846305,1480.0,2023-09
2023-10-02 12:35:00+00:00,2023-10-02 23:35:00+00:00,HTF,sell,1836.695,1824.2409568497842,1843.726913699568,1819.1152157510796,0.02,stop_loss,STRONG,120,24.908086300431478,14.063827399136244,1.771074515743933,92.66325325352297,trail,1079.6987110491027,2.5,16.289999999999964,1.6700000000000728,12.454043150215739,7.031913699568122,660.0,2023-10
2023-10-04 14:35:00+00:00,2023-10-06 15:25:00+00:00,HTF,sell,1819.2749999999999,1834.6922376818811,1834.492237681881,1781.2319057952968,0.02,stop_loss,STRONG,562,-30.83447536376252,30.43447536376243,-1.0131429898238482,23.62320990937915,raw,1048.8642356853402,2.5,8.986999999999853,15.3900000000001,-15.41723768188126,15.217237681881215,2930.0,2023-10
2023-10-09 06:15:00+00:00,2023-10-16 02:45:00+00:00,HTF,buy,1854.1380000000001,1919.4123259071307,1827.6126518142617,1920.4513704643464,0.02,stop_loss,STRONG,1338,130.54865181426112,53.05069637147699,2.460828240596882,118.73472792690163,trail,1179.4128874996013,2.5,78.73699999999985,10.003000000000156,65.27432590713056,26.525348185738494,9870.0,2023-10
2023-10-16 15:05:00+00:00,2023-10-18 13:55:00+00:00,HTF,buy,1920.775,1956.0907221368604,1908.266444273721,1952.046389315698,0.02,stop_loss,STRONG,538,70.63144427372072,25.01711145255831,2.8233253230559425,133.57257516867634,trail,1250.044331773322,2.5,41.76999999999998,8.460000000000036,35.31572213686036,12.508555726279155,2810.0,2023-10
2023-10-18 15:55:00+00:00,2023-10-20 16:50:00+00:00,HTF,buy,1945.325,1984.7447206429003,1922.2444412858013,2003.0263967854971,0.02,stop_loss,STRONG,563,78.8394412858006,46.161117428397574,1.7079188216812935,89.78985412190593,trail,1328.8837730591226,2.5,51.809999999999945,0.75,39.4197206429003,23.080558714198787,2935.0,2023-10
2023-10-23 12:00:00+00:00,2023-10-24 09:15:00+00:00,HTF,buy,1978.785,1969.4424300385988,1969.6424300385988,2001.6414249035033,0.02,stop_loss,STRONG,243,-18.68513992280259,18.2851399228025,-1.0218756871256571,13.475423269401379,raw,1310.19863313632,2.5,3.0799999999999272,12.730999999999995,-9.342569961401296,9.14256996140125,1275.0,2023-10
2023-10-25 08:30:00+00:00,2023-10-26 12:45:00+00:00,HTF,buy,1973.305,1976.0510290434993,1961.5208838260025,2002.7652904349939,0.02,stop_loss,STRONG,327,5.492058086998441,23.568232347995036,0.23302800167215992,68.1595452845513,locked,1315.6906912233185,2.5,20.079999999999927,10.451000000000022,2.7460290434992203,11.784116173997518,1695.0,2023-10
2023-10-30 09:50:00+00:00,2023-11-01 03:10:00+00:00,HTF,buy,1996.665,1977.3989724676615,1977.5989724676615,2025.2640412985077,0.02,stop_loss,WEAK,472,-38.532055064677024,38.13205506467693,-1.0104898621205083,38.704094603959824,raw,1277.1586361586415,1.5,11.06899999999996,19.12999999999988,-19.266027532338512,19.066027532338467,2480.0,2023-10
2023-11-01 08:25:00+00:00,2023-11-01 14:00:00+00:00,HTF,sell,1977.835,1988.9105858815583,1988.7105858815582,1966.9594141184418,0.02,stop_loss,RANGING,67,-22.15117176311651,21.751171763116417,-1.0183898138618157,0.0,raw,1255.007464395525,1.0,0.0,13.918999999999869,-11.075585881558254,10.875585881558209,335.0,2023-11
2023-11-02 06:40:00+00:00,2023-11-03 12:30:00+00:00,HTF,buy,1985.565,1996.8181570313977,1974.3118429686024,1996.8181570313977,0.02,take_profit,RANGING,346,22.506314062795354,22.506314062795354,1.0,147.78075124696258,raw,1277.5137784583203,1.0,16.62999999999988,6.789999999999964,11.253157031397677,11.253157031397677,1790.0,2023-11
2023-11-03 13:15:00+00:00,2023-11-06 20:40:00+00:00,HTF,buy,2000.345,1978.316080662156,1978.5160806621561,2022.173919337844,0.02,stop_loss,RANGING,353,-44.05783867568789,43.6578386756878,-1.0091621576361463,4.7643219707947635,raw,1233.4559397826324,1.0,1.0399999999999636,22.279999999999973,-22.028919337843945,21.8289193378439,4765.0,2023-11
2023-11-07 07:00:00+00:00,2023-11-07 12:55:00+00:00,HTF,sell,1970.205,1959.4189241601407,1980.7246208007034,1959.6853791992964,0.02,stop_loss,RANGING,71,21.572151679718445,21.039241601406957,1.0253293387854747,124.4341430931099,trail,1255.0280914623509,1.0,13.089999999999918,0.25,10.786075839859222,10.519620800703478,355.0,2023-11
2023-11-07 15:20:00+00:00,2023-11-08 23:00:00+00:00,HTF,sell,1963.1879999999999,1951.5240457431564,1982.6832287157822,1943.6927712842175,0.02,stop_loss,RANGING,356,23.327908513686907,38.990457431564664,0.5982978926223583,81.36862732550534,trail,1278.3559999760378,1.0,15.862999999999829,7.767000000000053,11.663954256843454,19.495228715782332,1900.0,2023-11
2023-11-09 12:55:00+00:00,2023-11-09 14:40:00+00:00,HTF,sell,1945.5149999999999,1955.7714688471763,1955.5714688471762,1930.4302967292354,0.02,stop_loss,WEAK,21,-20.512937694352786,20.112937694352695,-1.019887696470735,5.2370934039587835,raw,1257.843062281685,1.5,0.7899999999999636,11.930000000000064,-10.256468847176393,10.056468847176347,105.0,2023-11
2023-11-10 07:50:00+00:00,2023-11-10 12:50:00+00:00,HTF,sell,1955.465,1946.4835396877907,1964.960132292635,1941.222301561047,0.02,stop_loss,WEAK,60,17.96292062441853,18.990264585270324,0.94590154569786,84.46433133133468,trail,1275.8059829061035,1.5,12.029999999999973,1.6100000000001273,8.981460312209265,9.495132292635162,300.0,2023-11
2023-11-10 14:40:00+00:00,2023-11-13 16:15:00+00:00,HTF,sell,1944.555,1942.5883255920623,1958.999496052919,1922.8882559206215,0.02,stop_loss,WEAK,295,3.9333488158754335,28.888992105838042,0.13615389562450542,60.184400352108604,locked,1279.739331721979,1.5,13.039999999999964,2.2200000000000273,1.9666744079377168,14.444496052919021,4415.0,2023-11
2023-11-15 06:20:00+00:00,2023-11-15 13:35:00+00:00,HTF,buy,1968.595,1967.585,1960.2445270468065,1981.1207094297902,0.02,stop_gap,WEAK,87,-2.019999999999982,16.700945906387005,-0.12095123302132639,52.31639801905954,locked,1277.719331721979,1.5,6.552999999999884,3.076999999999998,-1.009999999999991,8.350472953193503,435.0,2023-11
2023-11-16 11:30:00+00:00,2023-11-16 14:20:00+00:00,HTF,buy,1966.185,1972.105,1959.7473958481037,1975.8414062278443,0.02,stop_gap,WEAK,34,11.840000000000146,12.875208303792535,0.9195967723887265,89.06004777638601,trail,1289.559331721979,1.5,8.600000000000136,4.169999999999845,5.920000000000073,6.437604151896267,170.0,2023-11
2023-11-16 15:10:00+00:00,2023-11-27 02:00:00+00:00,HTF,buy,1982.7450000000001,2010.3394390073227,1957.5931300244088,2020.4728049633873,0.02,stop_loss,WEAK,1681,55.18887801464507,50.3037399511827,1.097112820402681,93.67096769688969,trail,1344.7482097366242,1.5,35.33999999999992,17.3900000000001,27.594439007322535,25.151869975591353,15050.0,2023-11
2023-11-27 07:10:00+00:00,2023-11-29 02:20:00+00:00,HTF,buy,2010.9550000000002,2045.9172872299212,1991.7959574330719,2039.6935638503926,0.02,stop_loss,WEAK,494,69.924574459842,38.318085133856584,1.8248452190545132,142.352276936904,trail,1414.6727841964662,1.5,40.90999999999963,5.347000000000207,34.962287229921,19.159042566928292,2590.0,2023-11
2023-11-29 08:35:00+00:00,2023-12-03 23:20:00+00:00,HTF,buy,2043.665,2091.037248370611,2027.3314967412214,2084.4987581469463,0.02,stop_loss,STRONG,717,94.74449674122206,32.66700651755718,2.900311563298607,180.5124077356378,trail,1509.4172809376882,2.5,73.71000000000004,12.406999999999925,47.37224837061103,16.33350325877859,6645.0,2023-11
2023-12-04 16:45:00+00:00,2024-03-04 15:20:00+00:00,HTF,sell,2023.805,2101.636053129511,2101.436053129511,1829.7273671762227,0.02,stop_loss,STRONG,17309,-155.66210625902158,155.26210625902195,-1.0025762886362775,26.211160585511738,raw,1353.7551746786667,2.5,50.87000000000012,79.02999999999997,-77.83105312951079,77.63105312951097,130955.0,2023-12
2024-03-05 17:55:00+00:00,2024-03-07 14:00:00+00:00,HTF,buy,2130.975,2156.204874779622,2114.5147495592437,2172.1256261018907,0.02,stop_loss,STRONG,505,50.4597495592443,32.92050088151245,1.5327758754600713,81.79705435503372,trail,1404.214924237911,2.5,33.66000000000031,7.360000000000127,25.22987477962215,16.460250440756226,2645.0,2024-03
2024-03-08 15:55:00+00:00,2024-03-12 13:35:00+00:00,HTF,buy,2177.3149999999996,2156.844545430806,2157.044545430806,2227.991136422984,0.02,stop_loss,STRONG,536,-40.940909138386814,40.54090913838718,-1.0098665769589485,35.06581451213562,raw,1363.2740150995241,2.5,17.770000000000437,21.1599999999994,-20.470454569193407,20.27045456919359,5620.0,2024-03
2024-03-13 16:20:00+00:00,2024-03-14 15:40:00+00:00,HTF,buy,2173.6349999999998,2155.0886998045858,2155.2886998045856,2219.5007504885352,0.02,stop_loss,STRONG,268,-37.09260039082801,36.692600390828375,-1.0109013805437355,13.321487024457113,raw,1326.1814147086961,2.5,6.110000000000127,20.9699999999998,-18.546300195414005,18.346300195414187,1400.0,2024-03
2024-03-19 14:05:00+00:00,2024-03-20 18:00:00+00:00,HTF,sell,2150.795,2167.4738463075623,2167.2738463075625,2134.3161536924376,0.02,stop_loss,RANGING,323,-33.357692615124506,32.95769261512487,-1.0121367719722,8.010269501660394,raw,1292.8237220935716,1.0,1.3200000000001637,20.103000000000065,-16.678846307562253,16.478846307562435,1675.0,2024-03
2024-03-21 06:05:00+00:00,2024-03-21 14:25:00+00:00,HTF,buy,2209.575,2176.949393500403,2177.1493935004028,2258.2134097493954,0.02,stop_loss,WEAK,100,-65.25121299919374,64.8512129991941,-1.0061679648151625,4.338135253335144,raw,1227.572509094378,1.5,2.1100000000001273,33.13999999999987,-32.62560649959687,32.42560649959705,500.0,2024-03
2024-03-27 13:20:00+00:00,2024-03-28 10:20:00+00:00,HTF,buy,2186.9049999999997,2204.9383546192666,2174.8827635871553,2204.9383546192666,0.02,take_profit,WEAK,240,36.066709238533804,24.0444728256889,1.5000000000000189,118.55808556638507,locked,1263.6392183329117,1.5,21.38000000000011,1.5669999999995525,18.033354619266902,12.02223641284445,1260.0,2024-03
2024-03-28 11:20:00+00:00,2024-04-01 09:25:00+00:00,HTF,buy,2212.105,2252.1078547384855,2185.5507094769705,2278.490726307574,0.02,stop_loss,STRONG,253,80.00570947697088,53.108581046059044,1.5064554145701046,80.5594861645712,trail,1343.6449278098826,2.5,53.48000000000002,10.010999999999967,40.00285473848544,26.554290523029522,5645.0,2024-03
2024-04-01 15:20:00+00:00,2024-04-03 07:10:00+00:00,HTF,buy,2238.615,2275.6480643721907,2213.941128744381,2300.299678139047,0.02,stop_loss,STRONG,454,74.06612874438179,49.34774251123781,1.5009020671516013,80.3603123100705,trail,1417.7110565542644,2.5,49.570000000000164,3.9799999999995634,37.03306437219089,24.673871255618906,2390.0,2024-04
2024-04-03 10:25:00+00:00,2024-04-03 23:45:00+00:00,HTF,buy,2271.325,2296.407828237327,2259.4306564746544,2301.0608588133637,0.02,stop_loss,STRONG,148,50.1656564746545,23.788687050690896,2.1088030780243305,105.02471173277388,trail,1467.8767130289189,2.5,31.230000000000018,5.919999999999618,25.08282823732725,11.894343525345448,800.0,2024-04
2024-04-04 17:40:00+00:00,2024-04-05 01:05:00+00:00,HTF,buy,2291.225,2278.5778113747856,2278.7778113747854,2322.3429715630364,0.02,stop_loss,STRONG,77,-25.294377250428624,24.894377250428988,-1.0160678853692853,45.632794448812234,raw,1442.5823357784902,2.5,14.200000000000273,13.451000000000022,-12.647188625214312,12.447188625214494,445.0,2024-04
2024-04-05 07:10:00+00:00,2024-04-05 14:50:00+00:00,HTF,buy,2284.645,2315.8869747871045,2267.642949574208,2327.1501260644795,0.02,stop_loss,STRONG,92,62.483949574208964,34.004100851583644,1.8375415908490036,93.97219511690746,trail,1505.0662853526992,2.5,39.94300000000021,4.4099999999998545,31.241974787104482,17.002050425791822,460.0,2024-04
2024-04-08 06:55:00+00:00,2024-04-09 15:50:00+00:00,HTF,buy,2336.258,2341.697828184261,2313.698687262956,2392.6562818426096,0.02,stop_loss,STRONG,383,10.879656368522774,45.11862547408782,0.24113448169583743,51.29056959700736,locked,1515.945941721222,2.5,28.927000000000135,17.682999999999538,5.439828184261387,22.55931273704391,1975.0,2024-04
2024-04-11 16:15:00+00:00,2024-04-11 22:30:00+00:00,HTF,buy,2343.765,2373.529401655174,2315.1370082758685,2372.392991724131,0.02,stop_loss,RANGING,63,59.528803310347946,57.25598344826267,1.03969576147686,124.6681930885007,trail,1575.47474503157,1.0,35.690000000000055,1.1899999999995998,29.76440165517397,28.627991724131334,375.0,2024-04
2024-04-12 06:35:00+00:00,2024-04-12 14:20:00+00:00,HTF,buy,2391.245,2413.091477727749,2368.623259092496,2425.177611361256,0.02,stop_loss,WEAK,93,43.69295545549812,45.243481815007726,0.9657292874617956,84.97135600038543,trail,1619.167700487068,1.5,28.833000000000084,0.9299999999998363,21.84647772774906,22.621740907503863,465.0,2024-04
2024-04-12 14:55:00+00:00,2024-04-12 16:15:00+00:00,HTF,buy,2426.775,2379.4662593444455,2379.6662593444453,2497.438110983332,0.02,stop_loss,WEAK,16,-94.61748131110926,94.21748131110962,-1.0042454966364345,6.5239131646603195,raw,1524.5502191759588,1.5,4.610000000000127,47.69999999999982,-47.30874065555463,47.10874065555481,80.0,2024-04
2024-04-17 11:50:00+00:00,2024-04-17 16:40:00+00:00,HTF,buy,2387.935,2366.965273701677,2367.1652737016766,2408.7047262983233,0.02,stop_loss,RANGING,58,-41.93945259664633,41.5394525966467,-1.0096293998836163,36.172840662837295,raw,1482.6107665793124,1.0,7.51299999999992,23.32699999999977,-20.969726298323167,20.76972629832335,290.0,2024-04
2024-04-19 06:45:00+00:00,2024-04-19 19:45:00+00:00,HTF,buy,2384.4449999999997,2387.4272847775283,2352.622152224714,2416.2678477752856,0.02,stop_loss,RANGING,156,5.964569555057096,63.64569555057188,0.0937152073437196,54.677696109628585,locked,1488.5753361343695,1.0,17.400000000000546,11.639999999999873,2.982284777528548,31.822847775285936,780.0,2024-04
2024-04-22 09:00:00+00:00,2024-04-22 13:10:00+00:00,HTF,sell,2360.5550000000003,2339.691083375131,2393.335416875655,2327.7745831243456,0.02,stop_loss,RANGING,50,41.72783324973898,65.56083375130947,0.636475024219861,84.25762278976106,trail,1530.3031693841085,1.0,27.620000000000346,3.0099999999997635,20.86391662486949,32.78041687565474,250.0,2024-04
2024-04-22 15:30:00+00:00,2024-04-23 14:00:00+00:00,HTF,sell,2336.8450000000003,2331.2244621326845,2395.0503786731565,2278.639621326844,0.02,stop_loss,RANGING,258,11.241075734631522,116.4107573463125,0.09656389143823058,78.30891412277923,locked,1541.54424511874,1.0,45.58000000000038,0.9399999999995998,5.620537867315761,58.20537867315625,1350.0,2024-04
2024-04-29 06:00:00+00:00,2024-04-30 09:20:00+00:00,HTF,sell,2329.6850000000004,2315.459611836681,2349.9430591834052,2309.4269408165956,0.02,stop_loss,RANGING,316,28.450776326639243,40.51611836680968,0.7022088362232098,94.48091659086269,trail,1569.9950214453793,1.0,19.140000000000327,16.899999999999636,14.225388163319622,20.25805918340484,1640.0,2024-04
2024-04-30 12:10:00+00:00,2024-04-30 13:40:00+00:00,HTF,sell,2312.085,2310.580759880241,2329.1274011975884,2295.0425988024117,0.02,stop_loss,RANGING,18,3.0084802395176666,34.084802395176666,0.08826456450113955,54.80448377967916,locked,1573.003501684897,1.0,9.340000000000146,1.2699999999999818,1.5042401197588333,17.042401197588333,90.0,2024-04
2024-04-30 16:40:00+00:00,2024-05-01 18:50:00+00:00,HTF,sell,2295.0950000000003,2327.4643676229775,2327.2643676229777,2262.925632377023,0.02,stop_loss,RANGING,302,-64.73873524595456,64.33873524595492,-1.006217094546085,42.214071967957054,raw,1508.2647664389424,1.0,13.580000000000382,32.19999999999982,-32.36936762297728,32.16936762297746,1570.0,2024-04
2024-05-02 13:50:00+00:00,2024-05-09 14:20:00+00:00,HTF,sell,2288.815,2335.748982970486,2335.548982970486,2242.081017029514,0.02,stop_loss,RANGING,1386,-93.86796594097177,93.46796594097214,-1.0042795410809757,24.92832679670684,raw,1414.3968004979706,1.0,11.650000000000091,49.15299999999979,-46.933982970485886,46.73398297048607,10110.0,2024-05
2024-05-09 17:50:00+00:00,2024-05-10 12:20:00+00:00,HTF,buy,2333.875,2370.3449006821756,2298.009503410879,2369.740496589121,0.02,stop_loss,RANGING,210,72.9398013643513,71.73099317824199,1.016851964995181,124.04679770555538,trail,1487.336601862322,1.0,44.48999999999978,0.21000000000003638,36.46990068217565,35.865496589120994,1110.0,2024-05
2024-05-10 14:00:00+00:00,2024-05-13 06:10:00+00:00,HTF,buy,2371.4049999999997,2349.857962117851,2350.057962117851,2403.425556823223,0.02,stop_loss,WEAK,182,-43.094075764297486,42.69407576429785,-1.0093689813595668,4.5876778724069585,raw,1444.2425260980244,1.5,1.4690000000005057,21.6899999999996,-21.547037882148743,21.347037882148925,3850.0,2024-05
2024-05-13 15:30:00+00:00,2024-05-14 18:05:00+00:00,HTF,sell,2333.665,2357.9207308905434,2357.7207308905436,2297.5814036641846,0.02,stop_loss,WEAK,307,-48.51146178108684,48.1114617810872,-1.0083140271609223,2.688202115366781,raw,1395.7310643169376,1.5,0.9699999999997999,24.403000000000247,-24.25573089054342,24.0557308905436,1595.0,2024-05
2024-05-15 16:55:00+00:00,2024-05-20 06:30:00+00:00,HTF,buy,2383.738,2436.7632476164067,2340.4988253880224,2448.596761917966,0.02,stop_loss,WEAK,703,106.05049523281377,86.47834922395487,1.2263242324176713,102.14040176065957,trail,1501.7815595497514,1.5,66.2470000000003,12.892999999999574,53.02524761640689,43.23917461197743,6575.0,2024-05
2024-05-20 07:40:00+00:00,2024-05-20 12:10:00+00:00,HTF,buy,2439.305,2420.4800060574776,2420.6800060574774,2485.867484856306,0.02,stop_loss,STRONG,54,-37.64998788504454,37.2499878850449,-1.0107382585259908,16.5583946470929,raw,1464.1315716647068,2.5,7.710000000000036,18.829999999999927,-18.82499394252227,18.62499394252245,270.0,2024-05
2024-05-21 11:30:00+00:00,2024-05-22 14:05:00+00:00,HTF,buy,2419.845,2403.444581675823,2403.644581675823,2460.3460458104423,0.02,stop_loss,STRONG,307,-32.80083664835365,32.400836648354016,-1.0123453602245163,34.549725124363405,raw,1431.3307350163532,2.5,13.993000000000393,20.249999999999545,-16.400418324176826,16.200418324177008,1595.0,2024-05
2024-05-23 07:35:00+00:00,2024-05-27 13:45:00+00:00,HTF,sell,2361.195,2356.1151015916785,2396.394322722144,2308.3960159167846,0.02,stop_loss,WEAK,626,10.159796816643393,70.39864544428747,0.14431807249308112,68.05055177457888,locked,1441.4905318329966,1.5,35.93000000000029,8.509999999999764,5.0798984083216965,35.199322722143734,6130.0,2024-05
2024-05-28 10:00:00+00:00,2024-05-28 12:25:00+00:00,HTF,sell,2343.165,2355.67492593861,2355.4749259386103,2324.7001110920846,0.02,stop_loss,WEAK,29,-25.01985187722039,24.619851877220754,-1.016247051444275,0.3790978670318568,raw,1416.4706799557762,1.5,0.06999999999970896,13.079999999999927,-12.509925938610195,12.309925938610377,145.0,2024-05
2024-05-29 12:50:00+00:00,2024-05-31 12:55:00+00:00,HTF,sell,2335.8750000000005,2356.814532461523,2356.614532461523,2304.7657013077164,0.02,stop_loss,WEAK,553,-41.87906492304501,41.47906492304537,-1.0096434189329422,43.12858394113577,raw,1374.5916150327312,1.5,13.417000000000371,20.799999999999727,-20.939532461522504,20.739532461522685,2885.0,2024-05
2024-05-31 17:25:00+00:00,2024-06-05 15:40:00+00:00,HTF,sell,2324.945,2357.403091418554,2357.2030914185543,2292.686908581446,0.02,stop_loss,RANGING,807,-64.91618283710795,64.51618283710832,-1.0061999948293525,31.960973345341365,raw,1309.6754321956232,1.0,10.309999999999945,32.33299999999963,-32.45809141855398,32.25809141855416,7095.0,2024-05
2024-06-05 17:30:00+00:00,2024-06-06 12:05:00+00:00,HTF,buy,2354.3779999999997,2357.847973752605,2317.6782624739467,2391.0777375260527,0.02,stop_loss,RANGING,211,6.939947505210512,73.39947505210603,0.09455036974425045,55.6597986170857,locked,1316.6153797008337,1.0,20.427000000000135,2.2599999999997635,3.469973752605256,36.69973752605301,1115.0,2024-06
2024-06-10 16:05:00+00:00,2024-06-12 13:20:00+00:00,HTF,buy,2308.325,2335.661753088665,2289.5475102955506,2336.4912345566736,0.02,stop_loss,WEAK,519,54.67350617733063,37.55497940889836,1.4558257530125596,117.7651202657499,trail,1371.2888858781644,1.5,33.17000000000007,10.729999999999563,27.33675308866532,18.77748970444918,2715.0,2024-06
2024-06-12 16:00:00+00:00,2024-06-13 15:45:00+00:00,HTF,buy,2333.8779999999997,2301.186459682606,2301.3864596826056,2366.369540317394,0.02,stop_loss,RANGING,273,-65.3830806347878,64.98308063478817,-1.0061554484042958,17.019814837894156,raw,1305.9058052433766,1.0,5.5300000000002,32.60299999999961,-32.6915403173939,32.49154031739408,1425.0,2024-06
2024-06-17 06:30:00+00:00,2024-06-20 01:30:00+00:00,HTF,sell,2317.4750000000004,2336.52793549452,2336.3279354945203,2289.1955967582207,0.02,stop_loss,WEAK,738,-38.10587098903943,37.705870989039795,-1.0106084275341605,38.932929050405804,raw,1267.7999342543371,1.5,11.010000000000218,19.2229999999995,-19.052935494519716,18.852935494519897,4020.0,2024-06
2024-06-20 06:25:00+00:00,2024-06-20 15:10:00+00:00,HTF,buy,2344.4179999999997,2360.09763356762,2321.516167838098,2367.319832161901,0.02,stop_loss,RANGING,105,31.35926713524077,45.80366432380288,0.6846453793205414,91.50796255883645,trail,1299.159201389578,1.0,20.957000000000335,12.942999999999756,15.679633567620385,22.90183216190144,525.0,2024-06
2024-06-20 16:20:00+00:00,2024-06-21 17:00:00+00:00,HTF,buy,2356.115,2321.4366060048437,2321.6366060048435,2407.8325909927344,0.02,stop_loss,WEAK,284,-69.35678799031211,68.95678799031248,-1.0058007342229431,24.05951197871578,raw,1229.8024133992658,1.5,12.443000000000211,35.19999999999982,-34.67839399515606,34.47839399515624,1480.0,2024-06
2024-06-24 08:05:00+00:00,2024-06-26 01:35:00+00:00,HTF,buy,2330.5649999999996,2313.9461836736014,2314.146183673601,2355.193224489597,0.02,stop_loss,WEAK,474,-33.23763265279649,32.837632652796856,-1.012181146071916,26.201645200717078,raw,1196.5647807464693,1.5,6.453000000000429,18.536999999999807,-16.618816326398246,16.418816326398428,2490.0,2024-06
2024-06-26 10:55:00+00:00,2024-06-27 08:40:00+00:00,HTF,sell,2307.9750000000004,2306.092746695399,2328.7975330460117,2287.152466953989,0.02,stop_loss,RANGING,249,3.7645066092027264,41.64506609202272,0.09039502064624728,69.68892770123404,locked,1200.329287355672,1.0,14.511000000000422,9.752999999999702,1.8822533046013632,20.82253304601136,1305.0,2024-06
2024-06-28 08:10:00+00:00,2024-06-28 13:30:00+00:00,HTF,buy,2328.535,2329.8799159552823,2313.0858404471755,2343.984159552824,0.02,stop_loss,RANGING,64,2.6898319105648625,30.898319105648625,0.08705431196330435,71.84856860366321,locked,1203.0191192662369,1.0,11.100000000000364,1.6169999999997344,1.3449159552824312,15.449159552824312,320.0,2024-06
2024-06-28 17:50:00+00:00,2024-07-01 12:45:00+00:00,HTF,buy,2327.218,2328.722245735011,2310.1755426498926,2344.260457350107,0.02,stop_loss,RANGING,215,3.0084914700219088,34.08491470021454,0.08826460316777535,65.54219130804964,locked,1206.0276107362588,1.0,11.170000000000073,8.822999999999865,1.5042457350109544,17.04245735010727,4015.0,2024-06
2024-07-03 10:35:00+00:00,2024-07-03 14:20:00+00:00,HTF,buy,2348.558,2360.5092404261604,2331.364202130801,2365.751797869199,0.02,stop_loss,RANGING,45,23.902480852320878,34.38759573839798,0.695090201541215,90.67223029257609,trail,1229.9300915885797,1.0,15.590000000000146,6.222999999999956,11.951240426160439,17.19379786919899,225.0,2024-07
2024-07-04 08:05:00+00:00,2024-07-05 13:15:00+00:00,HTF,buy,2358.8849999999998,2375.4881855532367,2344.395618510789,2380.619072233816,0.02,stop_loss,WEAK,308,33.20637110647385,28.9787629784214,1.1458864248691525,97.31264243749305,trail,1263.1364626950535,1.5,21.15000000000009,11.36999999999989,16.603185553236926,14.4893814892107,1750.0,2024-07
2024-07-05 16:05:00+00:00,2024-07-08 15:30:00+00:00,HTF,buy,2386.2279999999996,2365.878460155404,2366.0784601554037,2416.4523097668934,0.02,stop_loss,WEAK,269,-40.69907968919142,40.299079689191785,-1.0099257849827998,21.7937152272556,raw,1222.437383005862,1.5,6.587000000000444,20.553999999999633,-20.34953984459571,20.149539844595893,4285.0,2024-07
2024-07-10 13:15:00+00:00,2024-07-11 12:30:00+00:00,HTF,buy,2378.5939999999996,2399.3257751707047,2357.8622248292945,2399.3257751707047,0.02,take_profit,RANGING,267,41.463550341410155,41.463550341410155,1.0,108.2927043880195,raw,1263.9009333472723,1.0,22.451000000000477,8.808999999999742,20.731775170705077,20.731775170705077,1395.0,2024-07
2024-07-12 16:05:00+00:00,2024-07-17 03:20:00+00:00,HTF,buy,2413.0679999999998,2466.9332020693096,2385.084404138618,2483.0269896534537,0.02,stop_loss,STRONG,399,107.73040413861963,55.967191722763346,1.924884933878196,98.99656976618618,trail,1371.631337485892,2.5,69.25700000000052,11.842999999999847,53.86520206930982,27.983595861381673,6435.0,2024-07
2024-07-17 07:45:00+00:00,2024-07-19 07:40:00+00:00,HTF,buy,2471.298,2413.704167062575,2413.9041670625747,2614.7825823435624,0.02,stop_loss,STRONG,551,-115.1876658748497,114.78766587485008,-1.003484694953513,8.537502636114825,raw,1256.4436716110422,2.5,12.25,58.54999999999973,-57.59383293742485,57.39383293742503,2875.0,2024-07
2024-07-19 10:10:00+00:00,2024-07-28 22:15:00+00:00,HTF,sell,2411.585,2400.244700457258,2457.746198170967,2296.1820045725826,0.02,stop_loss,STRONG,1513,22.680599085483664,92.32239634193411,0.24566735682944812,50.76124738620303,locked,1279.1242706965259,2.5,58.57999999999993,20.360000000000127,11.340299542741832,46.161198170967054,13685.0,2024-07
2024-08-01 06:00:00+00:00,2024-08-02 12:40:00+00:00,HTF,buy,2447.6279999999997,2470.797724929986,2425.9737497666183,2480.109375350072,0.02,stop_loss,WEAK,356,46.339449859972774,43.30850046676278,1.069985092084546,91.94807694599102,trail,1325.4637205564986,1.5,29.86600000000044,17.55299999999943,23.169724929986387,21.65425023338139,1840.0,2024-08
2024-08-05 12:20:00+00:00,2024-08-12 17:45:00+00:00,HTF,sell,2369.5350000000003,2468.581381965307,2468.3813819653074,2221.2654270520397,0.02,stop_loss,WEAK,1445,-198.09276393061373,197.6927639306141,-1.0020233416339914,3.6224559720592167,raw,1127.370956625885,1.5,5.371000000000095,98.94999999999982,-99.04638196530686,98.84638196530705,10405.0,2024-08
2024-08-13 12:15:00+00:00,2024-08-14 12:35:00+00:00,HTF,buy,2465.975,2465.6450000000004,2448.3762629820126,2492.373105526981,0.02,stop_gap,WEAK,280,-0.659999999998945,35.197474035974665,-0.018751345602936495,52.04918961308358,locked,1126.710956625886,1.5,13.740000000000236,10.75,-0.3299999999994725,17.598737017987332,1460.0,2024-08
2024-08-15 12:25:00+00:00,2024-08-15 12:55:00+00:00,HTF,buy,2467.4649999999997,2443.6666166705377,2443.8666166705375,2491.063383329462,0.02,stop_loss,RANGING,6,-47.596766658924025,47.19676665892439,-1.0084751568447539,0.0,raw,1079.114189966962,1.0,0.0,26.55699999999979,-23.798383329462013,23.598383329462195,30.0,2024-08
2024-08-16 15:45:00+00:00,2024-08-19 10:35:00+00:00,HTF,buy,2489.705,2492.754280943549,2457.2121905645104,2522.1978094354895,0.02,stop_loss,RANGING,214,6.098561887098185,64.98561887097912,0.09384479201784818,62.45381779094649,locked,1085.2127518540601,1.0,20.29300000000012,1.349999999999909,3.0492809435490926,32.49280943548956,4010.0,2024-08
2024-08-20 08:00:00+00:00,2024-08-22 13:30:00+00:00,HTF,buy,2517.225,2484.958761882075,2485.158761882075,2549.291238117925,0.02,stop_loss,RANGING,618,-64.53247623584957,64.13247623584994,-1.0062370895913737,44.69810255662002,raw,1020.6802756182105,1.0,14.333000000000084,33.47699999999986,-32.266238117924786,32.06623811792497,3210.0,2024-08
2024-08-22 14:05:00+00:00,2024-08-26 08:00:00+00:00,HTF,sell,2480.415,2523.464423704042,2523.264423704042,2437.5655762959577,0.02,stop_loss,RANGING,479,-86.09884740808411,85.69884740808448,-1.0046675073480849,22.66074817497262,raw,934.5814282101264,1.0,9.710000000000036,44.61000000000013,-43.049423704042056,42.84942370404224,5395.0,2024-08
2024-08-28 11:10:00+00:00,2024-08-28 13:00:00+00:00,HTF,sell,2503.945,2502.400401967054,2521.3909803294578,2486.4990196705426,0.02,stop_loss,RANGING,22,3.089196065891884,34.891960658915195,0.08853604118410491,59.784545224949035,locked,937.6706242760183,1.0,10.430000000000291,1.3899999999998727,1.5445980329459417,17.445980329457598,110.0,2024-08
2024-08-29 08:20:00+00:00,2024-08-30 00:00:00+00:00,HTF,buy,2516.598,2518.245026504045,2498.12773495955,2535.06826504045,0.02,stop_loss,RANGING,176,3.2940530080904864,36.94053008090032,0.08917178505225726,64.75272538757541,locked,940.9646772841088,1.0,11.960000000000036,13.083000000000084,1.6470265040452432,18.47026504045016,940.0,2024-08
2024-08-30 17:00:00+00:00,2024-09-03 19:25:00+00:00,HTF,sell,2497.8750000000005,2494.0924610472443,2537.7003895275616,2458.0496104724393,0.02,stop_loss,RANGING,551,7.565077905512226,79.65077905512226,0.09497807799565676,61.8449694834884,locked,948.529755189621,1.0,24.630000000000564,9.249999999999545,3.782538952756113,39.82538952756113,5905.0,2024-08
2024-09-04 08:15:00+00:00,2024-09-05 06:10:00+00:00,HTF,sell,2479.795,2503.97285153476,2503.7728515347603,2443.82822269786,0.02,stop_loss,WEAK,251,-48.35570306952013,47.955703069520496,-1.0083410308763436,22.456835462763625,raw,900.1740521201009,1.5,8.077000000000226,25.340000000000146,-24.177851534760066,23.977851534760248,1315.0,2024-09
2024-09-05 08:40:00+00:00,2024-09-12 16:25:00+00:00,HTF,buy,2515.225,2544.6122423646734,2483.4824745489113,2562.838788176633,0.02,stop_loss,WEAK,1473,58.77448472934702,63.48505090217714,0.92580038755756,83.61023460749776,trail,958.9485368494479,1.5,39.809999999999945,30.210000000000036,29.38724236467351,31.742525451088568,10545.0,2024-09
2024-09-17 16:05:00+00:00,2024-09-18 18:10:00+00:00,HTF,sell,2564.295,2591.14798100858,2590.94798100858,2524.31552848713,0.02,stop_loss,WEAK,301,-53.705962017159436,53.3059620171598,-1.007503851067745,8.281750295109031,raw,905.2425748322885,1.5,3.311000000000149,27.009000000000015,-26.852981008579718,26.6529810085799,1565.0,2024-09
2024-09-19 09:00:00+00:00,2024-09-25 07:05:00+00:00,HTF,buy,2586.098,2652.3968061334294,2550.5956122668586,2674.8539693328535,0.02,stop_loss,STRONG,1081,132.59761226685896,71.00477546628281,1.8674463991485193,94.92319292243299,trail,1037.8401870991474,2.5,84.25,16.472999999999956,66.29880613342948,35.502387733141404,8525.0,2024-09
2024-09-26 07:05:00+00:00,2024-09-26 12:05:00+00:00,HTF,buy,2662.6079999999997,2679.7882899257907,2651.81457985158,2689.5915503710485,0.02,stop_loss,STRONG,60,34.36057985158186,21.586840296839,1.5917373445623417,84.48480532220803,trail,1072.2007669507293,2.5,22.79700000000048,3.269999999999527,17.18028992579093,10.7934201484195,300.0,2024-09
2024-09-30 13:40:00+00:00,2024-10-01 12:20:00+00:00,HTF,sell,2631.585,2655.8184019346545,2655.6184019346547,2571.5014951633634,0.02,stop_loss,STRONG,260,-48.46680386930893,48.0668038693093,-1.0083217515582523,11.728676646211616,raw,1023.7339630814204,2.5,7.0470000000000255,24.592999999999847,-24.233401934654466,24.03340193465465,1360.0,2024-09
2024-10-01 12:50:00+00:00,2024-10-01 14:00:00+00:00,HTF,buy,2653.0139999999997,2667.415,2639.9593376218354,2672.5959935672463,0.02,stop_gap,WEAK,14,28.80200000000059,26.109324756328533,1.1031307882835764,95.60313629820463,trail,1052.535963081421,1.5,18.72100000000046,5.148999999999887,14.401000000000295,13.054662378164267,70.0,2024-10
2024-10-01 16:35:00+00:00,2024-10-03 14:00:00+00:00,HTF,buy,2671.428,2637.352099146638,2637.552099146638,2722.241851280043,0.02,stop_loss,WEAK,521,-68.15180170672375,67.75180170672411,-1.005903902035419,2.912591670809402,raw,984.3841613746972,1.5,1.4800000000000182,35.172999999999774,-34.07590085336187,33.875900853362054,2725.0,2024-10
2024-10-04 07:50:00+00:00,2024-10-04 12:30:00+00:00,HTF,buy,2661.765,2648.4375826984187,2648.6375826984186,2674.892417301581,0.02,stop_loss,RANGING,56,-26.65483460316227,26.254834603162635,-1.0152352892732164,5.256174799264877,raw,957.7293267715349,1.0,0.6900000000000546,24.31999999999971,-13.327417301581136,13.127417301581318,280.0,2024-10
2024-10-07 16:30:00+00:00,2024-10-08 15:45:00+00:00,HTF,sell,2643.2050000000004,2611.2071612652744,2675.0658063263722,2611.3441936736285,0.02,stop_loss,RANGING,267,63.99567746945195,63.72161265274372,1.004300971135206,121.24614676818537,trail,1021.7250042409869,1.0,38.63000000000011,9.679999999999836,31.997838734725974,31.860806326371858,1395.0,2024-10
2024-10-09 07:10:00+00:00,2024-10-11 03:55:00+00:00,HTF,sell,2611.525,2645.534247156562,2645.334247156562,2560.8111292651574,0.02,stop_loss,WEAK,501,-68.01849431312348,67.61849431312385,-1.0059155413628014,19.30635516108085,raw,953.7065099278634,1.5,9.791000000000167,34.43299999999999,-34.00924715656174,33.80924715656192,2685.0,2024-10
2024-10-11 07:45:00+00:00,2024-10-14 13:10:00+00:00,HTF,buy,2645.025,2648.077600521794,2632.014597912825,2677.5510052179375,0.02,stop_loss,STRONG,341,6.10520104358784,26.020804174349905,0.2346276849355049,66.6543581197109,locked,959.8117109714512,2.5,21.679999999999836,9.0,3.05260052179392,13.010402087174953,4645.0,2024-10
2024-10-14 16:30:00+00:00,2024-10-16 02:10:00+00:00,HTF,sell,2646.7650000000003,2670.0725707621737,2669.872570762174,2612.10364385674,0.02,stop_loss,WEAK,380,-46.615141524346654,46.21514152434702,-1.0086551720238466,25.41735517672007,raw,913.1965694471046,1.5,8.8100000000004,23.169999999999618,-23.307570762173327,23.10757076217351,2020.0,2024-10
2024-10-16 08:25:00+00:00,2024-10-18 06:15:00+00:00,HTF,buy,2676.4849999999997,2707.626436412347,2649.3921820617343,2703.577817938265,0.02,stop_loss,RANGING,526,62.282872824695005,54.1856358765308,1.1494351190528582,138.05503763110937,trail,975.4794422717996,1.0,37.40300000000025,9.83999999999969,31.141436412347502,27.092817938265398,2750.0,2024-10
2024-10-18 10:45:00+00:00,2024-10-21 14:25:00+00:00,HTF,buy,2710.745,2733.132700178245,2688.170667260816,2744.6064991087756,0.02,stop_loss,WEAK,320,44.775400356490536,45.14866547836755,0.9917325325583354,87.63049711614828,trail,1020.2548426282901,1.5,29.67300000000023,5.929999999999836,22.387700178245268,22.574332739183774,4540.0,2024-10
2024-10-22 09:15:00+00:00,2024-10-23 06:35:00+00:00,HTF,buy,2734.6549999999997,2748.5259287861995,2721.7247626206645,2754.0503560690026,0.02,stop_loss,WEAK,244,27.74185757239957,25.860474758670538,1.0727512867140323,95.02274634418589,trail,1047.9967002006897,1.5,18.43000000000029,5.2169999999996435,13.870928786199784,12.930237379335267,1280.0,2024-10
2024-10-23 07:35:00+00:00,2024-10-23 13:00:00+00:00,HTF,buy,2754.4049999999997,2739.6183197040277,2739.8183197040275,2776.2850204439583,0.02,stop_loss,WEAK,65,-29.573360591944038,29.1733605919444,-1.0137111389254925,17.9753031313388,raw,1018.4233396087457,1.5,3.9330000000004475,14.799999999999727,-14.786680295972019,14.5866802959722,325.0,2024-10
2024-10-24 08:55:00+00:00,2024-10-30 12:15:00+00:00,HTF,buy,2736.875,2776.4729540217586,2710.8849080435166,2801.8502298912085,0.02,stop_loss,STRONG,1144,79.19590804351719,51.98018391296683,1.5235788348906016,81.25096300296934,trail,1097.6192476522629,2.5,52.79300000000012,19.98999999999978,39.597954021758596,25.99009195648341,8840.0,2024-10
2024-10-31 06:00:00+00:00,2024-10-31 10:05:00+00:00,HTF,buy,2784.5649999999996,2774.6125800896416,2774.8125800896414,2799.193629865537,0.02,stop_loss,WEAK,49,-19.904839820716006,19.50483982071637,-1.0205077305774535,9.023401454091939,raw,1077.7144078315469,1.5,1.3200000000006185,9.849999999999454,-9.952419910358003,9.752419910358185,245.0,2024-10
2024-11-01 17:25:00+00:00,2024-11-06 12:00:00+00:00,HTF,sell,2739.5950000000003,2705.790977305092,2771.7815910169747,2691.3151134745385,0.02,stop_loss,WEAK,751,67.60804538981665,64.37318203394898,1.050251723678374,90.43103275931479,trail,1145.3224532213635,1.5,43.66000000000031,10.279999999999745,33.804022694908326,32.18659101697449,6875.0,2024-11
2024-11-06 12:30:00+00:00,2024-11-07 14:15:00+00:00,HTF,sell,2693.915,2687.6532985962044,2758.5320140379554,2629.2979859620445,0.02,stop_loss,RANGING,297,12.523402807591083,129.23402807591083,0.09690483995619913,78.5876610921261,locked,1157.8458560289546,1.0,50.78099999999995,9.220000000000255,6.261701403795541,64.61701403795541,1545.0,2024-11
2024-11-07 15:25:00+00:00,2024-11-11 13:00:00+00:00,HTF,buy,2698.975,2653.823825175948,2654.023825175948,2811.35293706013,0.02,stop_loss,STRONG,523,-90.3023496481037,89.90234964810406,-1.004449271921872,10.027769057524633,raw,1067.5435063808509,2.5,11.269000000000233,46.909999999999854,-45.15117482405185,44.95117482405203,5615.0,2024-11
2024-11-11 13:35:00+00:00,2024-11-14 11:45:00+00:00,HTF,sell,2640.1850000000004,2552.366464235899,2691.8598807863305,2562.672678820505,0.02,stop_loss,WEAK,806,175.6370715282028,103.3497615726601,1.6994434128880023,133.5542510206559,trail,1243.1805779090537,1.5,103.52100000000019,0.8299999999994725,87.8185357641014,51.67488078633005,4210.0,2024-11
2024-11-18 07:20:00+00:00,2024-11-18 17:05:00+00:00,HTF,buy,2584.6949999999997,2608.767842078062,2566.937806926872,2611.3307896096912,0.02,stop_loss,WEAK,117,48.145684156124844,35.514386146255674,1.355667079753282,113.60654383975914,trail,1291.3262620651785,1.5,30.26000000000022,3.149999999999636,24.072842078062422,17.757193073127837,585.0,2024-11
2024-11-19 06:05:00+00:00,2024-11-19 11:30:00+00:00,HTF,buy,2621.488,2632.7617070453657,2610.110356817884,2638.554464773173,0.02,stop_loss,WEAK,65,22.547414090731763,22.755286364231324,0.9908648799152749,87.2295475241071,trail,1313.8736761559103,1.5,14.887000000000171,3.862999999999829,11.273707045365882,11.377643182115662,325.0,2024-11
2024-11-19 13:00:00+00:00,2024-11-20 08:00:00+00:00,HTF,buy,2638.165,2618.560790548371,2618.760790548371,2667.2713141774434,0.02,stop_loss,WEAK,216,-39.20841890325755,38.808418903257916,-1.0103070419074984,12.02488222542585,raw,1274.6652572526527,1.5,3.5,19.460000000000036,-19.604209451628776,19.404209451628958,1140.0,2024-11
2024-11-21 11:00:00+00:00,2024-11-22 03:30:00+00:00,HTF,buy,2668.9049999999997,2685.473462091968,2655.633206973225,2688.812689540162,0.02,stop_loss,WEAK,186,33.13692418393657,26.543586053549916,1.2483966603866197,107.84777387996837,trail,1307.8021814365893,1.5,21.470000000000255,8.58999999999969,16.568462091968286,13.271793026774958,990.0,2024-11
2024-11-22 08:40:00+00:00,2024-11-25 01:05:00+00:00,HTF,buy,2699.025,2702.5123880750693,2674.442412832874,2735.898880750689,0.02,stop_loss,WEAK,185,6.974776150138496,49.16517433425179,0.1418641598363945,60.09673934194161,locked,1314.7769575867278,1.5,22.159999999999854,14.699999999999818,3.487388075069248,24.582587167125894,3865.0,2024-11
2024-11-27 12:00:00+00:00,2024-12-06 01:10:00+00:00,HTF,buy,2650.738,2615.5580166088707,2615.7580166088705,2703.2079750866938,0.02,stop_loss,WEAK,1745,-70.3599667822582,69.95996678225856,-1.0057175556021143,29.45875231398793,raw,1244.4169908044696,1.5,15.457000000000335,38.15299999999979,-35.1799833911291,34.97998339112928,12310.0,2024-11
2024-12-09 09:35:00+00:00,2024-12-11 03:40:00+00:00,HTF,buy,2654.415,2692.103413063626,2617.1763768787523,2710.2729346818714,0.02,stop_loss,WEAK,481,75.37682612725166,74.47724624249531,1.0120785868186821,88.94528643595635,trail,1319.7938169317213,1.5,49.68299999999999,1.2599999999997635,37.68841306362583,37.238623121247656,2525.0,2024-12
2024-12-11 12:40:00+00:00,2024-12-11 16:05:00+00:00,HTF,buy,2696.2239999999997,2711.2070078621346,2681.397359540448,2718.463960689327,0.02,stop_loss,WEAK,41,29.966015724269713,29.653280919103054,1.0105463812257345,88.26904091346263,trail,1349.759832655991,1.5,19.631000000000313,5.889999999999873,14.983007862134855,14.826640459551527,205.0,2024-12
2024-12-13 13:40:00+00:00,2024-12-16 08:30:00+00:00,HTF,sell,2662.6850000000004,2659.792996029315,2683.29835980457,2631.764960293146,0.02,stop_loss,WEAK,214,5.784007941370874,41.226719609138854,0.1402975545036747,62.454641659852975,locked,1355.5438405973619,1.5,19.31100000000015,1.7299999999995634,2.892003970685437,20.613359804569427,4010.0,2024-12
2024-12-17 11:10:00+00:00,2024-12-19 00:25:00+00:00,HTF,sell,2638.3650000000002,2592.762493276233,2666.4266442541116,2596.272533618833,0.02,stop_loss,WEAK,423,91.20501344753484,56.12328850822269,1.625083202923369,133.28038203316305,trail,1446.7488540448967,1.5,56.10100000000011,13.159999999999854,45.60250672376742,28.061644254111343,2235.0,2024-12
2024-12-19 10:45:00+00:00,2024-12-19 15:35:00+00:00,HTF,buy,2623.545,2588.1251251369085,2588.3251251369084,2711.5946871577294,0.02,stop_loss,STRONG,58,-70.83974972618307,70.43974972618344,-1.005678611885399,0.11697940483940016,raw,1375.9091043187136,2.5,0.10300000000006548,36.43000000000029,-35.419874863091536,35.21987486309172,290.0,2024-12
2024-12-19 17:15:00+00:00,2025-01-02 10:20:00+00:00,HTF,sell,2592.0950000000003,2644.0579635724525,2643.8579635724527,2462.687591068869,0.02,stop_loss,STRONG,2085,-103.92592714490456,103.52592714490494,-1.003863766411285,2.024613599515522,raw,1271.983177173809,2.5,2.6200000000003456,54.0029999999997,-51.96296357245228,51.76296357245246,19745.0,2024-12
2025-01-02 11:10:00+00:00,2025-01-03 13:35:00+00:00,HTF,buy,2644.2349999999997,2646.6599797998488,2617.9852020015082,2670.484797998491,0.02,stop_loss,RANGING,305,4.849959599698195,52.49959599698286,0.09238089374967612,79.81013797212559,locked,1276.8331367735072,1.0,20.950000000000273,8.36999999999989,2.4249797998490976,26.24979799849143,1585.0,2025-01
2025-01-07 11:55:00+00:00,2025-01-07 14:00:00+00:00,HTF,buy,2648.455,2659.996539958503,2628.9476997925153,2667.9623002074845,0.02,stop_loss,RANGING,25,23.083079917006216,39.01460041496921,0.5916523473645433,80.19049193695234,trail,1299.9162166905135,1.0,15.643000000000029,1.2210000000000036,11.541539958503108,19.507300207484604,125.0,2025-01
2025-01-07 14:30:00+00:00,2025-01-09 17:05:00+00:00,HTF,buy,2661.7349999999997,2664.8248927219715,2628.836072780281,2694.6339272197183,0.02,stop_loss,RANGING,583,6.179785443943729,65.79785443943729,0.09392077441722398,50.63994910452521,locked,1306.0960021344572,1.0,16.66000000000031,19.699999999999818,3.0898927219718644,32.898927219718644,3035.0,2025-01
2025-01-10 06:50:00+00:00,2025-01-10 15:40:00+00:00,HTF,buy,2677.598,2692.849231768542,2662.6154392284725,2700.071841157291,0.02,stop_loss,WEAK,106,30.502463537083713,29.965121543054924,1.0179322481057425,89.24153134139809,trail,1336.598465671541,1.5,20.05600000000004,14.393000000000029,15.251231768541857,14.98256077152746,530.0,2025-01
2025-01-13 17:40:00+00:00,2025-01-15 06:20:00+00:00,HTF,sell,2659.965,2682.7828885045965,2682.5828885045967,2603.420278738509,0.02,stop_loss,STRONG,416,-45.63577700919268,45.23577700919304,-1.0088425584005851,5.924514128398077,raw,1290.9626886623482,2.5,3.350000000000364,23.159999999999854,-22.81788850459634,22.61788850459652,2200.0,2025-01
2025-01-15 07:45:00+00:00,2025-01-16 12:05:00+00:00,HTF,buy,2681.6949999999997,2703.855951102107,2659.3315036736903,2715.2402444894637,0.02,stop_loss,WEAK,328,44.321902204214894,44.72699265261872,0.9909430430176684,87.49377280353009,trail,1335.2845908665631,1.5,29.350000000000364,5.255999999999858,22.160951102107447,22.36349632630936,1700.0,2025-01
2025-01-16 16:05:00+00:00,2025-01-17 21:10:00+00:00,HTF,buy,2718.705,2698.7310687067343,2698.931068706734,2748.3658969398984,0.02,stop_loss,WEAK,337,-39.9478625865313,39.547862586531664,-1.0101143266371078,19.756651364502453,raw,1295.3367282800318,1.5,5.860000000000127,20.259999999999764,-19.97393129326565,19.773931293265832,1745.0,2025-01
2025-01-20 11:10:00+00:00,2025-01-21 08:00:00+00:00,HTF,buy,2711.395,2727.7142045932073,2695.35901531069,2735.4489770339646,0.02,stop_loss,WEAK,208,32.63840918641472,32.07196937861954,1.017661522468676,88.67556483437885,trail,1327.9751374664465,1.5,21.329999999999927,9.896999999999935,16.31920459320736,16.03598468930977,1250.0,2025-01
2025-01-21 15:50:00+00:00,2025-01-24 16:45:00+00:00,HTF,buy,2739.855,2773.168089825462,2702.7319660848734,2795.5395508726897,0.02,stop_loss,WEAK,839,66.62617965092431,74.2460678302532,0.8973698082334808,82.55431583726055,trail,1394.6013171173709,1.5,45.970000000000255,4.190000000000055,33.31308982546216,37.1230339151266,4375.0,2025-01
2025-01-28 10:20:00+00:00,2025-01-28 14:20:00+00:00,HTF,sell,2743.2980000000002,2752.8367243056928,2752.636724305693,2729.289913541461,0.02,stop_loss,WEAK,48,-19.07744861138508,18.677448611385444,-1.0214162013411083,17.796863314479786,raw,1375.5238685059858,1.5,2.493000000000393,9.716999999999643,-9.53872430569254,9.338724305692722,240.0,2025-01
2025-01-30 08:15:00+00:00,2025-01-30 11:20:00+00:00,HTF,buy,2761.35,2772.8709119192554,2743.154559596275,2779.545440403725,0.02,stop_loss,RANGING,37,23.041823838510936,36.39088080745023,0.6331757662154094,84.4167530941186,trail,1398.5656923444967,1.0,15.360000000000127,0.6199999999998909,11.520911919255468,18.195440403725115,185.0,2025-01
2025-01-30 13:20:00+00:00,2025-01-30 16:35:00+00:00,HTF,buy,2779.0099999999998,2780.5503287234897,2761.6067127651045,2796.413287234895,0.02,stop_loss,RANGING,39,3.080657446979785,34.806574469790576,0.08850791822830938,52.80611574101477,locked,1401.6463497914765,1.0,9.190000000000055,2.799999999999727,1.5403287234898926,17.403287234895288,195.0,2025-01
2025-01-30 17:45:00+00:00,2025-01-31 20:30:00+00:00,HTF,buy,2793.08,2796.0379313742083,2761.500686257917,2824.6593137420828,0.02,stop_loss,RANGING,309,5.915862748416657,63.15862748416566,0.09366674014408892,76.47411276014405,locked,1407.5622125398932,1.0,24.15000000000009,4.309999999999945,2.9579313742083286,31.57931374208283,1605.0,2025-01
2025-02-03 12:50:00+00:00,2025-02-04 18:00:00+00:00,HTF,buy,2798.6299999999997,2832.3420694295,2761.8368980983328,2853.8196528525,0.02,stop_loss,WEAK,338,67.42413885900078,73.58620380333377,0.9162605947060171,84.90722006394567,trail,1474.986351398894,1.5,46.86000000000013,0.7699999999995271,33.71206942950039,36.79310190166689,1750.0,2025-02
2025-02-05 08:20:00+00:00,2025-02-11 04:35:00+00:00,HTF,buy,2861.5299999999997,2928.025589979532,2832.8211799590636,2933.30205010234,0.02,stop_loss,STRONG,1059,132.99117995906454,57.41764008187238,2.316207698007635,112.92696792752916,trail,1607.9775313579585,2.5,81.05000000000018,27.429999999999836,66.49558997953227,28.70882004093619,8415.0,2025-02
2025-02-11 06:20:00+00:00,2025-02-11 14:50:00+00:00,HTF,buy,2919.37,2891.927623026904,2892.1276230269036,2987.4759424327403,0.02,stop_loss,STRONG,102,-54.88475394619218,54.48475394619254,-1.0073415032835547,14.521493494884707,raw,1553.0927774117663,2.5,9.890000000000327,28.90000000000009,-27.44237697309609,27.24237697309627,510.0,2025-02
2025-02-12 10:05:00+00:00,2025-02-12 15:55:00+00:00,HTF,sell,2890.73,2885.729605476404,2911.5315780943843,2838.7260547640394,0.02,stop_loss,STRONG,70,10.000789047192484,41.60315618876848,0.24038534484776367,52.28449471790889,locked,1563.0935664589588,2.5,27.190000000000055,3.4299999999998363,5.000394523596242,20.80157809438424,350.0,2025-02
2025-02-13 06:30:00+00:00,2025-02-14 15:40:00+00:00,HTF,buy,2917.89,2921.6178559444515,2891.7042937036554,2957.1685594445166,0.02,stop_loss,WEAK,386,7.455711888903352,52.37141259268901,0.14236224535108608,56.443006855474124,locked,1570.5492783478621,1.5,22.170000000000073,12.0,3.727855944451676,26.185706296344506,1990.0,2025-02
2025-02-18 12:00:00+00:00,2025-02-19 04:40:00+00:00,HTF,buy,2912.27,2932.330160795959,2879.8208039797923,2944.7191960202076,0.02,stop_loss,RANGING,188,40.12032159191767,64.89839204041527,0.6182020899213168,84.00824471282475,trail,1610.6695999397798,1.0,27.26000000000022,5.320000000000164,20.060160795958836,32.44919602020764,1000.0,2025-02
2025-02-19 10:15:00+00:00,2025-02-20 09:40:00+00:00,HTF,buy,2937.46,2949.843494372985,2916.7774718649234,2958.1425281350766,0.02,stop_loss,RANGING,269,24.766988745969684,41.36505627015322,0.5987418120313353,80.84118097556679,trail,1635.4365886857495,1.0,16.7199999999998,18.84999999999991,12.383494372984842,20.68252813507661,1405.0,2025-02
2025-02-20 11:00:00+00:00,2025-02-20 16:05:00+00:00,HTF,buy,2953.8199999999997,2925.748309447209,2925.948309447209,2981.6916905527905,0.02,stop_loss,RANGING,61,-56.143381105581284,55.74338110558165,-1.0071757398289496,3.587869914479671,raw,1579.2932075801682,1.0,1.0000000000004547,28.229999999999563,-28.071690552790642,27.871690552790824,305.0,2025-02
2025-02-24 13:25:00+00:00,2025-02-24 16:25:00+00:00,HTF,buy,2942.49,2944.9690280367063,2915.6997196329366,2969.280280367063,0.02,stop_loss,RANGING,36,4.95805607341299,53.58056073412627,0.09253460593694625,51.100622361649485,locked,1584.2512636535812,1.0,13.690000000000055,3.1299999999996544,2.479028036706495,26.790280367063133,180.0,2025-02
2025-02-25 12:05:00+00:00,2025-02-25 15:45:00+00:00,HTF,sell,2937.9100000000003,2935.717432808826,2961.8356719117432,2913.9843280882574,0.02,stop_loss,RANGING,44,4.3851343823489515,47.85134382348588,0.0916407781257898,58.012999807072,locked,1588.6363980359301,1.0,13.88000000000011,3.5899999999996908,2.1925671911744757,23.92567191174294,220.0,2025-02
2025-02-25 17:15:00+00:00,2025-02-25 23:05:00+00:00,HTF,sell,2920.2200000000003,2916.177978985481,2962.6402101451904,2877.79978985481,0.02,stop_loss,RANGING,70,8.084042029038756,84.84042029038028,0.0952852661664074,75.3178729917795,locked,1596.720440064969,1.0,31.950000000000273,0.9499999999998181,4.042021014519378,42.42021014519014,350.0,2025-02
2025-02-26 06:20:00+00:00,2025-02-26 17:25:00+00:00,HTF,sell,2914.21,2910.7414314998373,2950.895685001625,2877.524314998375,0.02,stop_loss,RANGING,133,6.937137000325492,73.37137000325038,0.09454828225257583,63.89413199988403,locked,1603.6575770652944,1.0,23.440000000000055,6.809999999999945,3.468568500162746,36.68568500162519,665.0,2025-02
2025-02-27 09:45:00+00:00,2025-02-27 11:25:00+00:00,HTF,sell,2893.38,2890.3516110948626,2914.9025927009166,2861.096110948625,0.02,stop_loss,WEAK,20,6.05677781027498,43.045185401832896,0.14070743925793563,50.427629626941965,locked,1609.7143548755694,1.5,16.2800000000002,0.25,3.02838890513749,21.522592700916448,100.0,2025-02
2025-02-27 12:20:00+00:00,2025-02-27 20:05:00+00:00,HTF,sell,2889.8,2886.1567225675703,2915.421849549531,2851.3672256757036,0.02,stop_loss,WEAK,93,7.286554864859681,51.243699099061814,0.1421941622671242,57.26882950025767,locked,1617.000909740429,1.5,22.01000000000022,5.079999999999927,3.6432774324298407,25.621849549530907,465.0,2025-02
2025-02-28 09:15:00+00:00,2025-02-28 23:15:00+00:00,HTF,sell,2861.57,2857.434372634101,2878.9125094635974,2818.213726341007,0.02,stop_loss,STRONG,168,8.271254731798763,34.685018927194506,0.23846764360026781,66.88766711846914,locked,1625.2721644722278,2.5,29.0,3.3599999999996726,4.135627365899381,17.342509463597253,840.0,2025-02
2025-03-03 06:35:00+00:00,2025-03-04 10:50:00+00:00,HTF,buy,2866.81,2910.4141945018832,2850.4583890037666,2907.6890274905836,0.02,stop_loss,STRONG,327,87.20838900376657,32.70322199246675,2.6666604600566632,127.15566683178415,trail,1712.4805534759944,2.5,51.98000000000002,7.980000000000018,43.604194501883285,16.351610996233376,1695.0,2025-03
2025-03-04 13:10:00+00:00,2025-03-10 19:35:00+00:00,HTF,buy,2917.3799999999997,2889.5085723976686,2889.7085723976684,2958.8871414034966,0.02,stop_loss,WEAK,1193,-55.74285520466219,55.342855204662555,-1.00722767191032,31.199450412909556,raw,1656.7376982713322,1.5,12.950000000000273,30.20999999999958,-27.871427602331096,27.671427602331278,9025.0,2025-03
2025-03-11 07:45:00+00:00,2025-03-11 15:35:00+00:00,HTF,sell,2894.9700000000003,2917.221013136322,2917.0210131363224,2872.918986863678,0.02,stop_loss,RANGING,94,-44.50202627264389,44.10202627264425,-1.0090698780488403,9.795468292757882,raw,1612.2356719986883,1.0,2.1600000000003092,25.379999999999654,-22.251013136321944,22.051013136322126,470.0,2025-03
2025-03-11 17:40:00+00:00,2025-03-13 07:25:00+00:00,HTF,buy,2918.43,2939.840496371382,2888.432481856908,2948.4275181430917,0.02,stop_loss,RANGING,429,42.82099274276425,59.99503628618368,0.7137422592512964,95.67458168738412,trail,1655.0566647414526,1.0,28.700000000000273,12.460000000000036,21.410496371382123,29.99751814309184,2265.0,2025-03
2025-03-13 11:10:00+00:00,2025-03-13 17:05:00+00:00,HTF,buy,2942.68,2967.966833332168,2917.9141666608384,2967.4458333391613,0.02,stop_loss,RANGING,71,50.573666664336095,49.531666678322836,1.0210370467196348,122.91126885630075,trail,1705.6303314057886,1.0,30.440000000000055,3.4099999999998545,25.286833332168044,24.765833339161418,355.0,2025-03
2025-03-13 17:40:00+00:00,2025-03-14 17:20:00+00:00,HTF,buy,2974.2999999999997,2979.06458411586,2924.6541588413997,3023.9458411585997,0.02,stop_loss,RANGING,272,9.529168231720178,99.29168231719996,0.095971465175482,61.53586944454079,locked,1715.1594996375088,1.0,30.550000000000182,4.979999999999563,4.764584115860089,49.64584115859998,1420.0,2025-03
2025-03-18 09:15:00+00:00,2025-03-19 08:10:00+00:00,HTF,buy,3018.66,3039.021018852925,2998.330062843081,3049.1549057353777,0.02,stop_loss,WEAK,263,40.7220377058502,40.65987431383746,1.001528863358822,87.42443813843768,trail,1755.881537343359,1.5,26.66000000000031,3.75,20.3610188529251,20.32993715691873,1375.0,2025-03
2025-03-20 06:25:00+00:00,2025-03-20 12:05:00+00:00,HTF,buy,3053.6499999999996,3035.923358261284,3036.123358261284,3079.939962608073,0.02,stop_loss,WEAK,68,-35.45328347743089,35.05328347743125,-1.0114111991892907,13.731476357794362,raw,1720.4282538659281,1.5,3.610000000000582,17.70999999999958,-17.726641738715443,17.526641738715625,340.0,2025-03
2025-03-25 16:10:00+00:00,2025-03-27 15:35:00+00:00,HTF,buy,3032.54,3036.874936713231,3002.307088578461,3077.8893671323085,0.02,stop_loss,WEAK,545,8.66987342646189,60.46582284307805,0.1433846926876708,51.533243963067896,locked,1729.09812729239,1.5,23.36999999999989,20.090000000000146,4.334936713230945,30.23291142153903,2845.0,2025-03
2025-03-27 16:20:00+00:00,2025-03-28 04:35:00+00:00,HTF,buy,3049.74,3071.167685028136,3019.7784251406792,3079.7015748593203,0.02,stop_loss,RANGING,135,42.85537005627248,59.92314971864106,0.7151721873348207,92.58525337953255,trail,1771.9534973486625,1.0,27.740000000000236,2.0899999999996908,21.42768502813624,29.961574859320535,735.0,2025-03
2025-03-28 07:05:00+00:00,2025-03-31 04:00:00+00:00,HTF,buy,3074.21,3076.9915150151924,3054.333233232051,3104.0251501519233,0.02,stop_loss,WEAK,227,5.5630300303846525,39.753533535897986,0.13993800136939172,79.02022924570171,locked,1777.5165273790471,1.5,23.559999999999945,8.0,2.7815150151923262,19.876766767948993,4135.0,2025-03
2025-04-01 06:30:00+00:00,2025-04-01 19:05:00+00:00,HTF,buy,3145.3799999999997,3111.244096700606,3111.4440967006058,3230.219758248484,0.02,stop_loss,STRONG,151,-68.2718065987874,67.87180659878777,-1.0058934632809196,4.314015121637489,raw,1709.2447207802597,2.5,3.6600000000003092,36.929999999999836,-34.1359032993937,33.935903299393885,755.0,2025-04
2025-04-07 06:50:00+00:00,2025-04-09 19:10:00+00:00,HTF,sell,3019.0600000000004,3088.2509662300727,3088.050966230073,2846.5825844248193,0.02,stop_loss,STRONG,700,-138.38193246014453,137.9819324601449,-1.0028989302647662,36.41056412549637,raw,1570.8627883201152,2.5,62.80000000000018,71.28999999999951,-69.19096623007226,68.99096623007244,3620.0,2025-04
2025-04-10 06:15:00+00:00,2025-04-17 10:15:00+00:00,HTF,buy,3123.8399999999997,3317.9529791570717,3058.285958314143,3287.7251042146413,0.02,stop_loss,STRONG,1428,388.225958314144,131.1080833717133,2.961113825556115,142.66702341280364,trail,1959.0887466342592,2.5,233.8100000000004,20.409999999999854,194.112979157072,65.55404168585665,10320.0,2025-04
2025-04-21 06:30:00+00:00,2025-04-22 19:20:00+00:00,HTF,buy,3384.3799999999997,3398.9494138764435,3285.9172408237087,3532.074138764436,0.02,stop_loss,WEAK,430,29.138827752887664,196.925518352582,0.14796877518289192,78.26986295263592,locked,1988.227574387147,1.5,115.60000000000036,14.4699999999998,14.569413876443832,98.462759176291,2210.0,2025-04
2025-04-23 06:55:00+00:00,2025-05-05 15:20:00+00:00,HTF,sell,3338.71,3320.2878289663513,3413.198684134595,3152.488289663512,0.02,stop_loss,STRONG,2308,36.844342067297475,148.97736826919026,0.24731502841909972,73.46082245341505,locked,2025.0719164544444,2.5,136.80000000000018,32.05000000000018,18.422171033648738,74.48868413459513,17785.0,2025-04
2025-05-05 16:20:00+00:00,2025-05-07 01:05:00+00:00,HTF,buy,3317.48,3411.8376853152376,3231.4389510507917,3446.541573423812,0.02,stop_loss,WEAK,369,188.71537063047526,172.08209789841658,1.0966589374211235,93.26556062099837,trail,2213.7872870849196,1.5,120.36999999999989,11.829999999999927,94.35768531523763,86.04104894920829,1965.0,2025-05
2025-05-07 10:15:00+00:00,2025-05-08 09:25:00+00:00,HTF,buy,3393.5699999999997,3335.6186396125036,3335.8186396125034,3480.1970405812444,0.02,stop_loss,WEAK,266,-115.9027207749923,115.50272077499267,-1.0034631218841923,24.48427172126273,raw,2097.8845663099273,1.5,21.21000000000049,58.149999999999636,-57.95136038749615,57.751360387496334,1390.0,2025-05
2025-05-12 06:00:00+00:00,2025-05-13 08:10:00+00:00,HTF,sell,3271.52,3260.345870340711,3347.3475310619256,3157.7787034071116,0.02,stop_loss,WEAK,302,22.34825931857813,151.65506212385117,0.14736243555343453,56.0746201340455,locked,2120.2328256285055,1.5,63.7800000000002,13.170000000000073,11.174129659289065,75.82753106192558,1570.0,2025-05
2025-05-15 15:20:00+00:00,2025-05-15 17:10:00+00:00,HTF,sell,3182.8300000000004,3201.0405166244836,3200.840516624484,3155.8142250632754,0.02,stop_loss,WEAK,22,-36.42103324896652,36.02103324896689,-1.0111046231582241,10.105207073994912,raw,2083.811792379539,1.5,2.730000000000473,23.619999999999436,-18.21051662448326,18.010516624483444,110.0,2025-05
2025-05-16 13:35:00+00:00,2025-05-16 22:05:00+00:00,HTF,sell,3199.86,3192.517466900268,3250.1435539982117,3124.4346690026828,0.02,stop_loss,WEAK,102,14.685066199464018,100.56710799642315,0.14602255640071024,60.33781940130811,locked,2098.496858579003,1.5,45.51000000000022,1.2399999999997817,7.342533099732009,50.28355399821157,510.0,2025-05
2025-05-21 14:00:00+00:00,2025-05-22 11:25:00+00:00,HTF,buy,3315.45,3319.3252793518614,3288.2814709875906,3356.2027935186134,0.02,stop_loss,WEAK,245,7.750558703723073,54.33705802481836,0.14263854145697433,73.27105069830804,locked,2106.247417282726,1.5,29.860000000000127,24.5,3.8752793518615363,27.16852901240918,1285.0,2025-05
2025-05-23 14:25:00+00:00,2025-05-23 16:05:00+00:00,HTF,buy,3331.6,3356.6906725733593,3293.4033628667953,3369.7966371332045,0.02,stop_loss,RANGING,20,50.18134514671873,76.39327426640921,0.6568817167296612,86.21177797710891,trail,2156.4287624294448,1.0,32.93000000000029,7.039999999999964,25.09067257335937,38.196637133204604,100.0,2025-05
2025-05-29 16:25:00+00:00,2025-06-05 15:45:00+00:00,HTF,buy,3319.1899999999996,3381.5119883982943,3249.86329466098,3423.180058008529,0.02,stop_loss,WEAK,1372,124.64397679658941,138.6534106780391,0.8989607697860359,80.91158098315411,trail,2281.072739226034,1.5,84.14000000000033,47.369999999999436,62.32198839829471,69.32670533901955,10040.0,2025-05
2025-06-09 15:50:00+00:00,2025-06-10 08:30:00+00:00,HTF,sell,3317.9700000000003,3315.1774171913326,3347.8958280866746,3288.044171913326,0.02,stop_loss,RANGING,188,5.585165617335406,59.8516561733486,0.09331680983328293,53.56576918631105,locked,2286.6579048433696,1.0,16.0300000000002,20.1899999999996,2.792582808667703,29.9258280866743,1000.0,2025-06
2025-06-12 12:50:00+00:00,2025-06-13 03:40:00+00:00,HTF,buy,3366.8999999999996,3404.651536535624,3306.5576826781175,3427.2423173218817,0.02,stop_loss,RANGING,166,75.50307307124876,120.68463464376418,0.6256229162404813,82.89373398303607,trail,2362.1609779146183,1.0,50.02000000000044,4.419999999999618,37.75153653562438,60.34231732188209,890.0,2025-06
2025-06-13 07:45:00+00:00,2025-06-13 17:00:00+00:00,HTF,buy,3428.0299999999997,3431.2912889627282,3393.4171103727176,3462.642889627282,0.02,stop_loss,RANGING,111,6.522577925456971,69.22577925456426,0.0942218057448146,54.22835308499001,locked,2368.6835558400753,1.0,18.770000000000437,20.11999999999989,3.261288962728486,34.61288962728213,555.0,2025-06
2025-06-20 06:15:00+00:00,2025-06-23 01:00:00+00:00,HTF,sell,3348.21,3392.64,3389.5782655566113,3306.8417344433888,0.02,stop_gap,RANGING,213,-88.85999999999967,82.73653111322255,-1.074011670593215,18.95172517994822,raw,2279.8235558400756,1.0,7.8400000000001455,48.48999999999978,-44.429999999999836,41.36826555661128,4005.0,2025-06
2025-06-23 09:45:00+00:00,2025-06-23 16:50:00+00:00,HTF,sell,3355.1400000000003,3386.5168516585854,3386.3168516585856,3323.963148341415,0.02,stop_loss,RANGING,85,-62.75370331717022,62.353703317170584,-1.006415015928805,11.194202795775825,raw,2217.0698525229054,1.0,3.4900000000002365,32.54999999999973,-31.37685165858511,31.176851658585292,425.0,2025-06
2025-06-24 07:30:00+00:00,2025-06-24 15:50:00+00:00,HTF,sell,3348.3,3315.730565448242,3392.1528272412097,3304.4471727587907,0.02,stop_loss,RANGING,100,65.1388691035163,87.70565448241905,0.7426986263077673,99.6058925910099,trail,2282.2087216264217,1.0,43.68000000000029,1.2300000000000182,32.56943455175815,43.852827241209525,500.0,2025-06
2025-06-25 13:50:00+00:00,2025-06-26 12:00:00+00:00,HTF,buy,3325.2599999999998,3345.55368546043,3302.6284273021492,3347.8915726978503,0.02,stop_loss,RANGING,254,40.58737092086085,45.26314539570103,0.8966979772624403,110.55351890050827,trail,2322.7960925472826,1.0,25.020000000000437,13.279999999999745,20.293685460430424,22.631572697850515,1330.0,2025-06
2025-06-26 15:55:00+00:00,2025-06-27 08:15:00+00:00,HTF,sell,3321.8300000000004,3297.183172390533,3360.195861952666,3283.464138047335,0.02,stop_loss,RANGING,184,49.29365521893487,76.73172390533091,0.6424155839343813,84.7628551656745,trail,2372.0897477662174,1.0,32.52000000000044,14.55999999999949,24.646827609467437,38.365861952665455,980.0,2025-06
2025-06-27 10:10:00+00:00,2025-06-27 20:50:00+00:00,HTF,sell,3287.2400000000002,3282.4738003961006,3320.3479973593307,3237.5780039610045,0.02,stop_loss,WEAK,128,9.532399207799244,66.21599471866102,0.1439591634664792,63.126741775307636,locked,2381.6221469740167,1.5,31.350000000000364,3.7899999999999636,4.766199603899622,33.10799735933051,640.0,2025-06
2025-07-01 06:10:00+00:00,2025-07-01 16:05:00+00:00,HTF,buy,3317.5,3349.1111574496845,3291.403858165614,3356.644212751579,0.02,stop_loss,WEAK,119,63.22231489936894,52.19228366877178,1.2113345202635148,103.25919761502875,trail,2444.8444618733856,1.5,40.42000000000007,0.5599999999999454,31.61115744968447,26.09614183438589,595.0,2025-07
2025-07-04 14:55:00+00:00,2025-07-07 04:10:00+00:00,HTF,buy,3334.96,3313.3376527001833,3313.537652700183,3356.382347299817,0.02,stop_loss,RANGING,99,-43.244694599633476,42.84469459963384,-1.009336045074833,36.41057579188273,raw,2401.599767273752,1.0,7.800000000000182,24.190000000000055,-21.622347299816738,21.42234729981692,3675.0,2025-07
2025-07-07 14:05:00+00:00,2025-07-07 20:10:00+00:00,HTF,sell,3305.59,3332.244024751493,3332.044024751493,3279.1359752485073,0.02,stop_loss,RANGING,73,-53.30804950298534,52.90804950298571,-1.0075602862656476,22.189440189697752,raw,2348.291717770767,1.0,5.870000000000346,26.929999999999836,-26.65402475149267,26.454024751492852,365.0,2025-07
2025-07-09 11:30:00+00:00,2025-07-09 22:10:00+00:00,HTF,sell,3285.6000000000004,3315.600369838004,3315.4003698380043,3255.7996301619964,0.02,stop_loss,RANGING,128,-60.00073967600748,59.600739676007834,-1.0067113261039051,9.496526437035456,raw,2288.2909780947593,1.0,2.830000000000382,30.649999999999636,-30.000369838003735,29.800369838003917,640.0,2025-07
2025-07-10 08:35:00+00:00,2025-07-11 08:35:00+00:00,HTF,buy,3321.6499999999996,3336.4795444535116,3297.047722267557,3346.252277732442,0.02,stop_loss,RANGING,276,29.659088907023946,49.204555464884834,0.6027711992681319,81.0900527868308,trail,2317.9500670017833,1.0,19.950000000000273,11.529999999999745,14.829544453511971,24.602277732442417,1440.0,2025-07
2025-07-11 10:40:00+00:00,2025-07-11 16:20:00+00:00,HTF,buy,3338.5699999999997,3353.0315076881075,3315.3775384405367,3361.7624615594627,0.02,stop_loss,RANGING,68,28.923015376215517,46.384923118926054,0.6235434583358035,85.41568539074495,trail,2346.873082377999,1.0,19.8100000000004,5.779999999999745,14.461507688107758,23.192461559463027,340.0,2025-07
2025-07-14 12:50:00+00:00,2025-07-14 15:50:00+00:00,HTF,buy,3367.33,3349.373786751324,3349.573786751324,3393.9643198730137,0.02,stop_loss,WEAK,36,-35.91242649735159,35.51242649735195,-1.0112636628766964,27.40824633332065,raw,2310.960655880647,1.5,7.300000000000182,17.960000000000036,-17.956213248675795,17.756213248675977,180.0,2025-07
2025-07-15 06:05:00+00:00,2025-07-15 16:35:00+00:00,HTF,buy,3354.0499999999997,3334.74392943002,3334.94392943002,3382.7091058549695,0.02,stop_loss,WEAK,126,-38.61214113995902,38.212141139959385,-1.0104678771737643,44.24422752115086,raw,2272.348514740688,1.5,12.680000000000291,19.549999999999727,-19.30607056997951,19.106070569979693,630.0,2025-07
2025-07-17 08:10:00+00:00,2025-07-17 15:30:00+00:00,HTF,sell,3339.9900000000002,3317.409518657393,3362.5704813426073,3317.409518657393,0.02,take_profit,RANGING,88,45.160962685214145,45.160962685214145,1.0,121.29945143515688,locked,2317.5094774259023,1.0,27.390000000000327,1.2899999999999636,22.580481342607072,22.580481342607072,440.0,2025-07
2025-07-21 08:10:00+00:00,2025-07-21 16:50:00+00:00,HTF,buy,3363.0699999999997,3389.8913244447835,3337.6766222239166,3388.463377776083,0.02,stop_loss,RANGING,104,53.64264888956768,50.78675555216614,1.0562330337181725,126.41091028950852,trail,2371.15212631547,1.0,32.100000000000364,0.33999999999969077,26.82132444478384,25.39337777608307,520.0,2025-07
2025-07-22 11:40:00+00:00,2025-07-22 16:55:00+00:00,HTF,buy,3388.39,3413.384292774145,3367.4043092471484,3419.8685361292773,0.02,stop_loss,WEAK,63,49.98858554828985,41.97138150570299,1.1910159674276504,100.89414536167381,trail,2421.14071186376,1.5,31.76000000000022,3.7399999999997817,24.994292774144924,20.985690752851497,315.0,2025-07
2025-07-23 06:10:00+00:00,2025-07-23 19:20:00+00:00,HTF,buy,3424.85,3381.9303938292296,3382.1303938292294,3488.929409256156,0.02,stop_loss,WEAK,158,-85.83921234154059,85.43921234154095,-1.004681691099874,14.029467662635467,raw,2335.3014995222193,1.5,8.990000000000236,43.32999999999993,-42.919606170770294,42.719606170770476,790.0,2025-07
2025-07-24 15:05:00+00:00,2025-07-28 18:30:00+00:00,HTF,sell,3363.23,3315.7294575762735,3408.694858587579,3295.032712118632,0.02,stop_loss,WEAK,589,95.00108484745306,90.92971717515775,1.0447748854695396,90.07689588310284,trail,2430.3025843696723,1.5,61.429999999999836,14.159999999999854,47.50054242372653,45.464858587578874,5965.0,2025-07
2025-07-29 06:25:00+00:00,2025-07-29 18:05:00+00:00,HTF,sell,3315.01,3333.274569422536,3333.074569422536,3269.8485764436605,0.02,stop_loss,STRONG,140,-36.52913884507143,36.12913884507179,-1.0110713959088509,13.396389049722249,raw,2393.773445524601,2.5,6.050000000000182,19.129999999999654,-18.264569422535715,18.064569422535897,700.0,2025-07
2025-07-30 09:20:00+00:00,2025-07-30 17:00:00+00:00,HTF,sell,3323.69,3304.370960827049,3342.6265360901652,3295.2851958647525,0.02,stop_loss,WEAK,92,38.638078345901704,37.87307218033038,1.0201992107196582,88.71738696036125,trail,2432.4115238705026,1.5,25.200000000000273,10.360000000000127,19.319039172950852,18.93653609016519,460.0,2025-07
2025-07-31 14:40:00+00:00,2025-08-01 04:50:00+00:00,HTF,buy,3305.5,3284.7593501664614,3284.9593501664613,3356.851624583847,0.02,stop_loss,STRONG,156,-41.48129966707711,41.081299667077474,-1.0097367902973187,10.827310810627981,raw,2390.9302242034255,2.5,5.559999999999945,23.579999999999927,-20.740649833538555,20.540649833538737,850.0,2025-07
2025-08-01 16:15:00+00:00,2025-09-02 11:05:00+00:00,HTF,buy,3353.27,3470.7819787298927,3277.853957459785,3541.810106350538,0.02,stop_loss,STRONG,5937,235.02395745978538,150.83208508043026,1.5581827787798619,82.43338937713331,trail,2625.954181663211,2.5,155.42000000000007,41.7199999999998,117.51197872989269,75.41604254021513,45770.0,2025-08
2025-09-03 13:55:00+00:00,2025-09-04 04:35:00+00:00,HTF,buy,3540.16,3545.0059512074668,3519.976195170132,3590.6195120746693,0.02,stop_loss,STRONG,162,9.691902414933793,40.367609659735535,0.24009106550098583,75.90243826243162,locked,2635.6460840781447,2.5,38.30000000000018,0.23999999999978172,4.8459512074668964,20.183804829867768,880.0,2025-09
2025-09-04 15:10:00+00:00,2025-09-09 17:05:00+00:00,HTF,buy,3548.06,3644.383833489573,3500.767666979146,3666.2908325521353,0.02,stop_loss,STRONG,845,192.64766697914638,94.58466604170826,2.036774828746512,106.62193378737501,trail,2828.293751057291,2.5,126.05999999999995,12.989999999999782,96.32383348957319,47.29233302085413,7315.0,2025-09
2025-09-10 12:05:00+00:00,2025-09-11 06:45:00+00:00,HTF,buy,3646.1699999999996,3630.3238416179274,3630.5238416179272,3685.2853959551803,0.02,stop_loss,STRONG,212,-31.69231676414438,31.292316764144744,-1.0127826904928292,29.144534323678894,raw,2796.6014342931467,2.5,11.400000000000546,16.30999999999949,-15.84615838207219,15.646158382072372,1120.0,2025-09
2025-09-12 07:00:00+00:00,2025-09-16 15:30:00+00:00,HTF,buy,3653.5299999999997,3688.3085155796734,3619.2583852655766,3704.937422101634,0.02,stop_loss,WEAK,654,69.55703115934739,68.54322946884622,1.014790690464358,89.38398021428767,trail,2866.158465452494,1.5,45.95000000000027,26.83999999999969,34.778515579673694,34.27161473442311,6270.0,2025-09
2025-09-16 16:55:00+00:00,2025-09-17 09:30:00+00:00,HTF,buy,3695.8999999999996,3673.7900872711243,3673.990087271124,3728.764869093313,0.02,stop_loss,WEAK,187,-44.21982545775063,43.819825457750994,-1.0091282882992152,21.786181407480782,raw,2821.9386399947434,1.5,7.160000000000309,21.909999999999854,-22.109912728875315,21.909912728875497,995.0,2025-09
2025-09-17 13:35:00+00:00,2025-09-17 21:05:00+00:00,HTF,sell,3665.3500000000004,3701.1435655545497,3700.94356555455,3611.959651668176,0.02,stop_loss,WEAK,90,-71.58713110909866,71.18713110909903,-1.005618993120914,26.01593814985636,raw,2750.3515088856448,1.5,13.890000000000327,42.06999999999971,-35.79356555454933,35.593565554549514,450.0,2025-09
2025-09-18 13:15:00+00:00,2025-09-18 16:50:00+00:00,HTF,sell,3665.6200000000003,3636.724296681812,3694.7676556060414,3621.898516590939,0.02,stop_loss,WEAK,43,57.79140663637645,58.295311212082204,0.9913560016195382,86.54784112873372,trail,2808.142915522021,1.5,37.840000000000146,6.799999999999727,28.895703318188225,29.1476556060411,215.0,2025-09
2025-09-22 06:30:00+00:00,2025-09-22 09:55:00+00:00,HTF,buy,3691.71,3714.221690757541,3674.115635858471,3718.101546212294,0.02,stop_loss,WEAK,41,45.02338151508229,35.18872828305848,1.279483053576525,106.35981603428826,trail,2853.1662970371035,1.5,28.070000000000164,1.6100000000001273,22.511690757541146,17.59436414152924,205.0,2025-09
2025-09-22 10:35:00+00:00,2025-09-23 12:40:00+00:00,HTF,buy,3714.52,3778.8698872846244,3674.1529576154153,3775.0705635768772,0.02,stop_loss,WEAK,296,128.6997745692488,80.73408476916939,1.5941194470367797,126.60493226073683,trail,2981.8660716063523,1.5,76.65999999999985,2.4899999999997817,64.3498872846244,40.36704238458469,1565.0,2025-09
2025-09-23 16:35:00+00:00,2025-09-23 21:55:00+00:00,HTF,buy,3787.06,3764.8512077432297,3765.0512077432295,3842.081980641926,0.02,stop_loss,STRONG,64,-44.41758451354053,44.017584513540896,-1.0090872773783528,3.253245301453237,raw,2937.448487092812,2.5,1.7899999999999636,30.789999999999964,-22.208792256770266,22.008792256770448,320.0,2025-09
2025-09-24 14:20:00+00:00,2025-09-24 18:30:00+00:00,HTF,buy,3764.9199999999996,3748.894210104632,3749.0942101046317,3804.4844747384195,0.02,stop_loss,STRONG,50,-32.05157979073556,31.651579790735923,-1.0126375998494934,20.548737355296566,raw,2905.396907302076,2.5,8.130000000000564,19.019999999999527,-16.02578989536778,15.825789895367961,250.0,2025-09
2025-09-29 07:55:00+00:00,2025-09-30 09:55:00+00:00,HTF,buy,3805.23,3855.2394812077237,3732.4774060386194,3877.9825939613806,0.02,stop_loss,RANGING,300,100.01896241544728,145.50518792276125,0.6873910397513833,91.30945906239849,trail,3005.4158697175235,1.0,66.42999999999984,3.8200000000001637,50.00948120772364,72.75259396138063,1560.0,2025-09
2025-10-01 08:25:00+00:00,2025-10-01 15:40:00+00:00,HTF,buy,3866.0099999999998,3871.6208652794594,3842.766538882162,3924.1186527945943,0.02,stop_loss,STRONG,87,11.221730558919262,46.48692223567559,0.24139542949365955,50.474410590239636,locked,3016.6376002764428,2.5,29.330000000000382,12.659999999999854,5.610865279459631,23.243461117837796,435.0,2025-10
2025-10-02 09:10:00+00:00,2025-10-02 17:35:00+00:00,HTF,buy,3872.02,3850.7144188349384,3850.9144188349383,3924.783952912654,0.02,stop_loss,STRONG,101,-42.61116233012308,42.21116233012344,-1.0094761664431633,47.001785558133456,raw,2974.0264379463197,2.5,24.800000000000182,28.139999999999873,-21.30558116506154,21.10558116506172,505.0,2025-10
2025-10-03 16:15:00+00:00,2025-10-06 08:30:00+00:00,HTF,buy,3879.85,3932.95634647647,3841.0044882549,3938.1182676176495,0.02,stop_loss,WEAK,183,106.21269295294043,77.69102349019977,1.3671166652391764,112.22231700637188,trail,3080.23913089926,1.5,65.38999999999987,13.4699999999998,53.10634647647021,38.845511745099884,3855.0,2025-10
2025-10-06 17:35:00+00:00,2025-10-08 13:30:00+00:00,HTF,buy,3955.06,4035.9526658653494,3910.3688862178305,4022.0966706732543,0.02,stop_loss,WEAK,503,161.785331730699,89.38222756433879,1.810039155874061,141.04220727316473,trail,3242.024462629959,1.5,94.55000000000018,14.099999999999909,80.8926658653495,44.691113782169396,2635.0,2025-10
2025-10-09 10:50:00+00:00,2025-10-09 17:30:00+00:00,HTF,buy,4030.5099999999998,4005.4301132282417,4005.6301132282415,4092.7097169293957,0.02,stop_loss,STRONG,80,-50.159773543516174,49.75977354351653,-1.0080386217925577,44.083801910425166,raw,3191.864689086443,2.5,27.420000000000073,26.4399999999996,-25.079886771758083,24.879886771758265,400.0,2025-10
2025-10-13 06:45:00+00:00,2025-10-14 08:35:00+00:00,HTF,buy,4051.5099999999998,4158.909523151024,3991.3084105034127,4141.81238424488,0.02,stop_loss,WEAK,298,214.79904630204786,120.40317899317417,1.7839981310977273,141.84564568378184,trail,3406.6637353884907,1.5,128.0900000000006,3.119999999999891,107.39952315102391,60.201589496587076,1550.0,2025-10
2025-10-14 10:55:00+00:00,2025-10-17 01:35:00+00:00,HTF,buy,4126.5,4347.910989245728,4064.361978491456,4281.845053771361,0.02,stop_loss,STRONG,716,442.8219784914563,124.27604301708834,3.5632127298305347,162.65725484372277,trail,3849.485713879947,2.5,252.6800000000003,28.779999999999745,221.41098924572816,62.13802150854417,3760.0,2025-10
2025-10-17 06:15:00+00:00,2025-10-17 17:00:00+00:00,HTF,buy,4360.84,4246.778538269267,4246.978538269267,4645.493654326832,0.02,stop_loss,STRONG,129,-228.1229234614657,227.72292346146608,-1.0017565205729817,6.207543704923537,raw,3621.3627904184814,2.5,17.670000000000073,123.8100000000004,-114.06146173073284,113.86146173073303,645.0,2025-10
2025-10-20 11:10:00+00:00,2025-10-21 11:00:00+00:00,HTF,buy,4260.94,4277.706569010668,4193.0737239573255,4430.605690106685,0.02,stop_loss,STRONG,274,33.533138021337436,135.7325520853483,0.24705302822459185,71.07506527935816,locked,3654.895928439819,2.5,120.59000000000015,15.259999999999309,16.766569010668718,67.86627604267414,1430.0,2025-10
2025-10-21 13:20:00+00:00,2025-10-21 17:50:00+00:00,HTF,sell,4260.58,4116.7444987808785,4380.194995936262,4081.157506095607,0.02,stop_loss,WEAK,54,287.6710024382428,239.2299918725239,1.2024871973056421,100.27728189748173,trail,3942.5669308780616,1.5,179.92000000000007,11.789999999999964,143.8355012191214,119.61499593626195,270.0,2025-10
2025-10-22 11:00:00+00:00,2025-10-28 12:50:00+00:00,HTF,sell,4117.2,3929.539022446789,4202.638044893579,3903.6048877660523,0.02,stop_loss,STRONG,1115,375.3219551064212,170.87608978715798,2.1964568335682277,107.95190844416382,trail,4317.888885984483,2.5,230.57999999999993,37.460000000000036,187.6609775532106,85.43804489357899,8750.0,2025-10
2025-10-29 07:00:00+00:00,2025-10-29 10:00:00+00:00,HTF,sell,3962.27,4001.8599999999997,4001.6186851726093,3903.246972241086,0.02,stop_gap,WEAK,36,-79.17999999999938,78.69737034521859,-1.006132729119965,18.84010431559146,raw,4238.7088859844835,1.5,11.11999999999989,45.190000000000055,-39.58999999999969,39.348685172609294,180.0,2025-10
2025-10-30 07:30:00+00:00,2025-10-30 19:45:00+00:00,HTF,sell,3954.84,4017.1025529840117,4016.902552984012,3861.7461705239825,0.02,stop_loss,WEAK,147,-124.52510596802313,124.12510596802349,-1.0032225551541738,0.08593480411130412,raw,4114.18378001646,1.5,0.07999999999992724,62.98000000000002,-62.26255298401156,62.062552984011745,735.0,2025-10
2025-11-04 06:40:00+00:00,2025-11-04 16:45:00+00:00,HTF,sell,3988.04,3938.0595824834813,4032.837912417406,3943.2420875825937,0.02,stop_loss,RANGING,121,99.96083503303726,89.59582483481245,1.1156863081213297,132.01508018713176,trail,4214.144615049498,1.0,59.13999999999987,12.650000000000091,49.98041751651863,44.79791241740622,605.0,2025-11
2025-11-04 17:20:00+00:00,2025-11-10 03:15:00+00:00,HTF,sell,3949.65,4030.918566196279,4030.718566196279,3868.581433803721,0.02,stop_loss,RANGING,935,-162.5371323925574,162.13713239255776,-1.002467047456046,25.435259271856182,raw,4051.60748265694,1.0,20.61999999999989,85.25999999999976,-81.2685661962787,81.06856619627888,7795.0,2025-11
2025-11-10 12:20:00+00:00,2025-11-10 16:10:00+00:00,HTF,buy,4080.89,4084.4500591448427,4043.2894085515736,4118.490591448426,0.02,stop_loss,RANGING,46,7.120118289685706,75.20118289685252,0.09468093473279279,66.00959996611698,locked,4058.727600946626,1.0,24.820000000000164,5.129999999999654,3.560059144842853,37.60059144842626,230.0,2025-11
2025-11-10 17:25:00+00:00,2025-11-11 03:50:00+00:00,HTF,buy,4089.45,4131.6128967578015,4043.564483789008,4135.335516210991,0.02,stop_loss,RANGING,113,84.32579351560344,91.77103242198336,0.9188715795181961,112.32302533768659,trail,4143.053394462229,1.0,51.539999999999964,11.289999999999964,42.16289675780172,45.88551621099168,625.0,2025-11
2025-11-11 10:45:00+00:00,2025-11-11 17:20:00+00:00,HTF,buy,4135.24,4106.459885616048,4106.659885616048,4178.110171575927,0.02,stop_loss,WEAK,79,-57.560228767903034,57.16022876790339,-1.0069978726226556,26.568589724040574,raw,4085.4931656943263,1.5,11.390000000000327,29.590000000000146,-28.780114383951513,28.580114383951695,395.0,2025-11
2025-11-12 11:05:00+00:00,2025-11-12 20:00:00+00:00,HTF,buy,4130.34,4194.872857183622,4094.5828572787386,4183.975714081893,0.02,stop_loss,WEAK,107,129.06571436724334,71.51428544252303,1.8047543028445017,141.8644298905455,trail,4214.55888006157,1.5,76.09000000000015,12.199999999999818,64.53285718362167,35.757142721261516,535.0,2025-11
2025-11-13 08:55:00+00:00,2025-11-13 16:05:00+00:00,HTF,buy,4210.51,4215.76768476221,4174.1254349186065,4265.086847622091,0.02,stop_loss,WEAK,86,10.51536952441893,72.7691301627874,0.14450316364776705,63.90988398875894,locked,4225.074249585989,1.5,34.88000000000011,2.050000000000182,5.257684762209465,36.3845650813937,430.0,2025-11
2025-11-17 06:20:00+00:00,2025-11-17 22:05:00+00:00,HTF,sell,4083.2400000000002,4021.6781021150587,4131.5336737168645,4010.799489424704,0.02,stop_loss,WEAK,189,123.12379576988315,96.58734743372861,1.27474041933248,105.25878323392621,trail,4348.198045355872,1.5,76.25000000000045,12.519999999999982,61.56189788494157,48.293673716864305,945.0,2025-11
2025-11-18 06:10:00+00:00,2025-11-19 07:15:00+00:00,HTF,sell,4010.8700000000003,4084.568096952317,4084.368096952317,3827.1247576192086,0.02,stop_loss,STRONG,289,-147.39619390463304,146.9961939046334,-1.0027211588910876,6.808339545507591,raw,4200.801851451239,2.5,12.510000000000218,78.24999999999955,-73.69809695231652,73.4980969523167,1505.0,2025-11
2025-11-19 17:15:00+00:00,2025-11-19 18:25:00+00:00,HTF,buy,4129.55,4072.4335396048673,4072.633539604867,4271.841150987833,0.02,stop_loss,STRONG,14,-114.2329207902658,113.83292079026614,-1.0035139219588034,0.3373365080451185,raw,4086.568930660973,2.5,0.47999999999956344,58.05000000000018,-57.11646039513289,56.91646039513307,70.0,2025-11
2025-11-20 13:00:00+00:00,2025-11-24 22:30:00+00:00,HTF,sell,4054.9900000000002,4127.394635750059,4127.194635750059,3946.683046374912,0.02,stop_loss,WEAK,666,-144.80927150011757,144.40927150011794,-1.0027699052550052,29.896510719049164,raw,3941.7596591608553,1.5,32.38000000000011,76.11000000000013,-72.40463575005879,72.20463575005897,6330.0,2025-11
2025-11-25 11:45:00+00:00,2025-11-25 20:35:00+00:00,HTF,buy,4129.099999999999,4134.833050202898,4069.7694979710122,4188.430502028987,0.02,stop_loss,RANGING,106,11.466100405797988,118.66100405797442,0.09662905262621893,50.8675958704263,locked,3953.2257595666533,1.0,30.18000000000029,17.56999999999971,5.733050202898994,59.33050202898721,530.0,2025-11
2025-11-26 07:10:00+00:00,2025-11-28 10:10:00+00:00,HTF,buy,4166.349999999999,4168.78,4122.700603773332,4209.999396226667,0.02,stop_gap,RANGING,587,4.860000000000582,87.29879245333541,0.05567087314063869,61.05468185999481,locked,3958.085759566654,1.0,26.650000000000546,29.649999999999636,2.430000000000291,43.649396226667704,3060.0,2025-11
2025-12-09 08:00:00+00:00,2025-12-09 18:10:00+00:00,HTF,sell,4177.28,4220.112084683149,4219.912084683149,4134.64791531685,0.02,stop_loss,RANGING,122,-85.66416936629867,85.26416936629903,-1.0046913023720576,16.44301481407508,raw,3872.4215902003552,1.0,7.009999999999309,43.19999999999982,-42.83208468314933,42.632084683149515,610.0,2025-12
2025-12-12 07:45:00+00:00,2025-12-12 11:30:00+00:00,HTF,buy,4278.63,4308.116348041947,4234.861740209735,4322.398259790265,0.02,stop_loss,RANGING,45,58.97269608389434,87.53651958052978,0.6736924927617443,89.63116237197362,trail,3931.3942862842496,1.0,39.22999999999956,1.9700000000002547,29.486348041947167,43.76825979026489,225.0,2025-12
2025-12-12 12:40:00+00:00,2025-12-23 08:10:00+00:00,HTF,buy,4328.22,4472.546991432328,4244.743304774425,4453.435042838362,0.02,stop_loss,WEAK,1827,288.6539828646546,166.95339045114997,1.7289495115052116,135.42302598490085,trail,4220.048269148904,1.5,169.5699999999997,70.78000000000065,144.3269914323273,83.47669522557499,15570.0,2025-12
2025-12-23 08:55:00+00:00,2025-12-23 16:55:00+00:00,HTF,buy,4481.67,4444.114184150159,4444.314184150159,4575.059539624603,0.02,stop_loss,STRONG,96,-75.11163169968131,74.71163169968167,-1.005353918672363,16.82201246857993,raw,4144.936637449223,2.5,15.710000000000036,40.10999999999967,-37.555815849840656,37.35581584984084,480.0,2025-12
2025-12-26 06:35:00+00:00,2025-12-29 09:00:00+00:00,HTF,buy,4507.099999999999,4463.591231130006,4463.791231130006,4615.371922174983,0.02,stop_loss,STRONG,294,-87.01753773998644,86.6175377399868,-1.0046180024327218,39.548572833866345,raw,4057.9190997092364,2.5,42.82000000000062,61.69999999999982,-43.50876886999322,43.3087688699934,4465.0,2025-12
2025-12-29 16:40:00+00:00,2026-01-12 01:05:00+00:00,HTF,sell,4373.37,4527.055679355855,4526.8556793558555,3989.655801610361,0.02,stop_loss,STRONG,2287,-307.37135871171085,306.9713587117112,-1.0013030531632603,25.769179356661002,raw,3750.5477409975256,2.5,98.88000000000011,155.8199999999997,-153.68567935585543,153.4856793558556,19225.0,2025-12
2026-01-12 07:40:00+00:00,2026-01-12 23:45:00+00:00,HTF,buy,4581.92,4589.412593651545,4504.994063484559,4658.845936515441,0.02,stop_loss,RANGING,193,14.985187303089335,153.85187303088242,0.09740009665063606,62.670670236589096,locked,3765.532928300615,1.0,48.210000000000036,12.13000000000011,7.4925936515446665,76.92593651544121,965.0,2026-01
2026-01-13 16:15:00+00:00,2026-01-16 17:30:00+00:00,HTF,buy,4614.8099999999995,4557.609193610466,4557.809193610466,4700.311209584301,0.02,stop_loss,WEAK,841,-114.40161277906738,114.00161277906773,-1.0035087222912789,32.865032128340516,raw,3651.1313155215475,1.5,28.100000000000364,77.95999999999913,-57.20080638953368,57.000806389533864,4395.0,2026-01
2026-01-19 07:10:00+00:00,2026-01-21 08:45:00+00:00,HTF,buy,4669.74,4858.167158695901,4569.530528986336,4820.054206520495,0.02,stop_loss,WEAK,541,376.8543173918024,200.41894202732692,1.8803328347098982,145.48857693645988,trail,4027.98563291335,1.5,218.6900000000005,10.239999999999782,188.4271586959012,100.20947101366346,2975.0,2026-01
2026-01-22 12:40:00+00:00,2026-01-23 01:30:00+00:00,HTF,buy,4828.38,4932.610895526436,4774.2217910528725,4963.77552236782,0.02,stop_loss,STRONG,142,208.4617910528723,108.31641789425521,1.924563192778262,97.13024308347235,trail,4236.447423966222,2.5,131.51000000000022,17.68000000000029,104.23089552643614,54.158208947127605,770.0,2026-01
2026-01-23 07:45:00+00:00,2026-01-23 10:25:00+00:00,HTF,buy,4966.849999999999,4914.1815776520025,4914.381577652002,5098.021055869993,0.02,stop_loss,STRONG,32,-105.33684469599393,104.9368446959943,-1.0038118165374463,0.34306348837104206,raw,4131.110579270228,2.5,0.4500000000007276,65.48999999999978,-52.668422347996966,52.46842234799715,160.0,2026-01
2026-01-23 16:10:00+00:00,2026-01-26 15:00:00+00:00,HTF,buy,4944.679999999999,5069.060695624663,4863.061391249325,5148.726521876684,0.02,stop_loss,STRONG,262,248.7613912493271,163.2372175013479,1.5239257018533348,81.52552588009006,trail,4379.871970519555,2.5,166.35000000000036,11.849999999999454,124.38069562466353,81.61860875067396,4250.0,2026-01
2026-01-26 16:25:00+00:00,2026-01-26 21:20:00+00:00,HTF,buy,5078.57,5027.93871933423,5028.13871933423,5204.648201664424,0.02,stop_loss,STRONG,59,-101.26256133153947,100.86256133153984,-1.0039657926064838,21.002837643957584,raw,4278.609409188016,2.5,26.480000000000473,58.29999999999927,-50.63128066576974,50.43128066576992,295.0,2026-01
2026-01-27 12:00:00+00:00,2026-01-28 03:10:00+00:00,HTF,buy,5094.33,5176.941270521782,5043.4925410435635,5221.423647391091,0.02,stop_loss,STRONG,170,165.22254104356398,101.67491791287284,1.6250078626583824,85.15767878386245,trail,4443.83195023158,2.5,108.23000000000047,47.68000000000029,82.61127052178199,50.83745895643642,910.0,2026-01
2026-01-28 06:55:00+00:00,2026-01-29 17:15:00+00:00,HTF,buy,5245.7699999999995,5289.620491332463,5069.568034670149,5686.274913324625,0.02,stop_loss,STRONG,400,87.70098266492641,352.40393065970056,0.24886493888064776,79.96732598085818,locked,4531.532932896506,2.5,352.2600000000002,10.539999999999964,43.85049133246321,176.20196532985028,2060.0,2026-01
2026-01-30 14:40:00+00:00,2026-02-02 09:00:00+00:00,HTF,sell,5113.76,4537.413842622985,5383.90768524597,4438.390786885075,0.02,stop_loss,STRONG,208,1152.692314754031,540.29537049194,2.133448438961271,105.36755099005464,trail,5684.225247650537,2.5,711.6199999999999,2.300000000000182,576.3461573770155,270.14768524597,3980.0,2026-01
2026-02-02 16:05:00+00:00,2026-02-03 09:35:00+00:00,HTF,sell,4714.67,4926.289608412193,4926.089608412193,4186.120978969517,0.02,stop_loss,STRONG,198,-423.23921682438595,422.83921682438626,-1.000945986048796,22.41419344018947,raw,5260.986030826151,2.5,118.47000000000025,216.8199999999997,-211.61960841219297,211.41960841219316,1050.0,2026-02
2026-02-03 17:55:00+00:00,2026-03-03 17:15:00+00:00,HTF,buy,4935.59,5014.005601333261,4621.127594666956,5721.746013332611,0.02,stop_loss,STRONG,5429,156.83120266652259,628.9248106660889,0.24936399392548053,61.52341161262178,locked,5417.817233492674,2.5,483.6700000000001,280.3199999999997,78.41560133326129,314.46240533304444,40280.0,2026-02
2026-03-04 09:00:00+00:00,2026-03-09 03:00:00+00:00,HTF,buy,5167.37,5021.196657244494,5021.396657244494,5386.330014133258,0.02,stop_loss,WEAK,756,-292.34668551101095,291.9466855110113,-1.001370113174258,17.706429255345736,raw,5125.470547981663,1.5,38.77000000000044,152.65999999999985,-146.17334275550547,145.97334275550566,6840.0,2026-03
2026-03-09 06:55:00+00:00,2026-03-10 15:00:00+00:00,HTF,sell,5090.09,5200.81973001645,5200.61973001645,4924.295404975324,0.02,stop_loss,WEAK,362,-221.45946003290013,221.05946003290046,-1.0018094679139276,17.521680966545723,raw,4904.011087948763,1.5,29.050000000000182,110.60999999999967,-110.72973001645005,110.52973001645023,1925.0,2026-03
2026-03-10 17:10:00+00:00,2026-03-12 19:40:00+00:00,HTF,buy,5223.72,5108.530320045662,5108.730320045662,5396.204519931508,0.02,stop_loss,WEAK,571,-230.3793599086766,229.97935990867703,-1.001739286517531,8.597873018337417,raw,4673.631728040086,1.5,14.829999999999927,118.5600000000004,-115.18967995433832,114.9896799543385,3030.0,2026-03
2026-03-13 12:05:00+00:00,2026-03-13 17:00:00+00:00,HTF,sell,5088.78,5047.040029431493,5125.013431438311,5034.4298528425325,0.02,stop_loss,WEAK,59,83.47994113701316,72.46686287662305,1.151973989534226,97.16625025318594,trail,4757.111669177099,1.5,52.80999999999949,33.0600000000004,41.73997056850658,36.23343143831153,295.0,2026-03
2026-03-16 07:35:00+00:00,2026-03-18 14:50:00+00:00,HTF,sell,5011.900000000001,4891.616851738805,5072.6228391293525,4920.815741305973,0.02,stop_loss,WEAK,639,240.566296522391,121.445678258704,1.9808551442228834,154.98836135256036,trail,4997.67796569949,1.5,141.17000000000098,32.6299999999992,120.28314826119549,60.722839129351996,3315.0,2026-03
2026-03-19 06:50:00+00:00,2026-03-19 08:55:00+00:00,HTF,sell,4849.33,4768.553583663725,4918.175278879083,4746.062081681375,0.02,stop_loss,WEAK,25,161.55283267255072,137.6905577581656,1.1733036404449455,98.41391368656151,trail,5159.230798372041,1.5,101.63000000000011,4.480000000000473,80.77641633627536,68.8452788790828,125.0,2026-03
2026-03-19 09:25:00+00:00,2026-03-19 14:50:00+00:00,HTF,sell,4770.6,4574.989271213266,4915.7309040442215,4552.903643933669,0.02,stop_loss,WEAK,65,391.2214575734688,290.2618080884422,1.3478227127086055,109.9467185969208,trail,5550.45225594551,1.5,239.35000000000036,1.0499999999992724,195.6107287867344,145.1309040442211,325.0,2026-03
2026-03-20 09:30:00+00:00,2026-03-20 16:15:00+00:00,HTF,buy,4687.08,4582.273988734495,4582.473988734495,4948.595028163762,0.02,stop_loss,STRONG,81,-209.61202253100964,209.21202253100998,-1.0019119360119009,18.274284401764298,raw,5340.8402334145,2.5,47.789999999999964,124.13000000000011,-104.80601126550482,104.606011265505,405.0,2026-03
2026-03-20 17:25:00+00:00,2026-03-23 09:35:00+00:00,HTF,sell,4562.6900000000005,4185.883744765031,4736.997489530065,4126.92127617484,0.02,stop_loss,STRONG,182,753.6125104699386,348.61497906012846,2.161733017042727,106.51521658682228,trail,6094.452743884439,2.5,464.16000000000076,50.88999999999942,376.8062552349693,174.30748953006423,3850.0,2026-03
2026-03-24 07:05:00+00:00,2026-03-25 01:15:00+00:00,HTF,sell,4325.820000000001,4492.962066943208,4492.762066943208,3908.464832641982,0.02,stop_loss,STRONG,206,-334.28413388641457,333.88413388641493,-1.0011980203891202,1.0614460647614592,raw,5760.168609998024,2.5,4.430000000000291,173.77999999999975,-167.14206694320728,166.94206694320746,1090.0,2026-03
2026-03-25 09:10:00+00:00,2026-03-26 07:55:00+00:00,HTF,buy,4556.97,4442.4331637147,4442.6331637147,4842.8120907132525,0.02,stop_loss,STRONG,261,-229.07367257060108,228.67367257060144,-1.0017492175443858,10.037010269694852,raw,5531.094937427423,2.5,28.6899999999996,118.0,-114.53683628530052,114.3368362853007,1365.0,2026-03
2026-03-27 08:10:00+00:00,2026-04-02 01:20:00+00:00,HTF,buy,4471.65,4748.821814853152,4339.893825018804,4801.040437452989,0.02,stop_loss,STRONG,1044,554.3436297063054,263.51234996239145,2.10367229386183,107.54711189644325,trail,6085.438567133729,2.5,354.24990234375036,67.55999999999949,277.1718148531527,131.75617498119573,8230.0,2026-03
2026-04-02 08:30:00+00:00,2026-04-02 13:45:00+00:00,HTF,sell,4663.8,4653.036772604168,4736.88818263888,4554.167726041681,0.02,stop_loss,WEAK,63,21.526454791664946,146.17636527775903,0.14726357951753113,53.177771376123296,locked,6106.965021925394,1.5,58.30000000000018,5.699999999999818,10.763227395832473,73.08818263887952,315.0,2026-04
2026-04-06 08:50:00+00:00,2026-04-08 00:30:00+00:00,HTF,buy,4720.80009765625,4846.263482307868,4606.012030869976,4892.98219783566,0.02,stop_loss,WEAK,451,250.92676930323617,229.57613357254743,1.0930002409154687,97.10643683026923,trail,6357.89179122863,1.5,167.19990234375018,88.90019531249982,125.46338465161807,114.7880667862737,2380.0,2026-04
2026-04-08 07:55:00+00:00,2026-04-12 22:20:00+00:00,HTF,buy,4839.9001953125,4676.755509673171,4676.955509673171,5002.844880951829,0.02,stop_loss,RANGING,711,-326.2893712786572,325.88937127865756,-1.0012274103890846,3.7434818224153954,raw,6031.6024199499725,1.0,6.099804687500182,163.50029296874982,-163.1446856393286,162.94468563932878,6625.0,2026-04
2026-04-13 08:25:00+00:00,2026-04-14 07:20:00+00:00,HTF,buy,4755.09990234375,4803.927650684242,4673.738644046209,4836.461160641291,0.02,stop_loss,RANGING,263,97.65549668098356,162.7225165950822,0.6001351178951402,80.25932903003502,trail,6129.257916630956,1.0,65.30000000000018,32.59990234374982,48.82774834049178,81.3612582975411,1375.0,2026-04
2026-04-14 09:15:00+00:00,2026-04-14 22:55:00+00:00,HTF,buy,4809.30009765625,4858.287754207886,4728.7383804144265,4889.861814898073,0.02,stop_loss,RANGING,152,97.97531310327213,161.12343448364663,0.6080761213739906,81.05586901032433,trail,6227.233229734228,1.0,65.30000000000018,36.00029296874982,48.987656551636064,80.56171724182332,820.0,2026-04
2026-04-15 08:00:00+00:00,2026-04-17 13:10:00+00:00,HTF,buy,4834.2,4906.554852829663,4761.8451471703365,4906.554852829663,0.02,take_profit,RANGING,614,144.70970565932657,144.70970565932657,1.0,115.40372490159727,locked,6371.942935393555,1.0,83.50019531250018,48.30009765624982,72.35485282966329,72.35485282966329,3190.0,2026-04
2026-04-17 14:00:00+00:00,2026-04-19 23:40:00+00:00,HTF,buy,4898.9001953125,4765.670511553852,4765.870511553851,5031.929879071148,0.02,stop_loss,RANGING,102,-266.4593675172964,266.0593675172968,-1.001503423855105,5.487497071138156,raw,6105.483567876258,1.0,7.300000000000182,146.90019531249982,-133.2296837586482,133.0296837586484,3460.0,2026-04
2026-04-20 14:20:00+00:00,2026-04-21 17:10:00+00:00,HTF,buy,4845.9001953125,4722.971218481687,4723.171218481687,4968.629172143313,0.02,stop_loss,RANGING,309,-245.85795366162532,245.45795366162565,-1.0016296070020656,7.251432876580301,raw,5859.625614214633,1.0,8.899609375000182,127.80009765624982,-122.92897683081264,122.72897683081283,1610.0,2026-04
2026-04-22 09:10:00+00:00,2026-04-23 05:30:00+00:00,HTF,buy,4779.59990234375,4705.961231725,4706.161231725,4853.0385729624995,0.02,stop_loss,RANGING,232,-147.27734123749906,146.87734123749942,-1.0027233608440178,2.0427865862228245,raw,5712.348272977134,1.0,1.500195312500182,73.89970703124982,-73.63867061874953,73.43867061874971,1220.0,2026-04
2026-04-23 07:00:00+00:00,2026-04-24 11:05:00+00:00,HTF,sell,4729.3,4719.3413614966275,4797.0242566891475,4627.713614966279,0.02,stop_loss,WEAK,325,19.91727700674528,135.4485133782946,0.1470468483557162,56.20812736721192,locked,5732.265549983879,1.5,57.09980468750018,32.40019531249982,9.95863850337264,67.7242566891473,1685.0,2026-04
2026-04-24 17:45:00+00:00,2026-04-28 05:05:00+00:00,HTF,buy,4739.4001953125,4672.395859911432,4672.595859911432,4839.606698414102,0.02,stop_loss,WEAK,398,-134.00867080213538,133.60867080213575,-1.0029938176736448,6.386421217105504,raw,5598.256879181744,1.5,6.399609375000182,78.40019531249982,-67.00433540106769,66.80433540106787,5000.0,2026-04
2026-04-28 06:25:00+00:00,2026-04-28 12:10:00+00:00,HTF,sell,4644.8,4586.914447577297,4707.181491924325,4551.227762113513,0.02,stop_loss,WEAK,69,115.77110484540572,124.76298384865004,0.9279283107387655,82.50299884609083,trail,5714.02798402715,1.5,77.19990234375018,8.499804687499818,57.88555242270286,62.38149192432502,345.0,2026-04
2026-04-29 06:55:00+00:00,2026-04-29 13:55:00+00:00,HTF,sell,4597.90009765625,4539.866709038602,4645.789778826589,4526.065575900742,0.02,stop_loss,WEAK,84,116.0667772352972,95.77936234067784,1.2118140526187573,105.38095123873485,trail,5830.094761262447,1.5,75.69990234375018,5.300097656249818,58.0333886176486,47.88968117033892,420.0,2026-04
2026-04-29 17:35:00+00:00,2026-04-30 08:00:00+00:00,HTF,sell,4559.0001953125,4622.5435890945555,4622.343589094556,4463.985104639417,0.02,stop_loss,WEAK,161,-127.08678756411065,126.686787564111,-1.003157393187488,28.416744246868404,raw,5703.007973698336,1.5,27.000195312500182,80.19999999999982,-63.54339378205532,63.3433937820555,865.0,2026-04
2026-05-01 11:15:00+00:00,2026-05-01 14:10:00+00:00,HTF,sell,4582.3,4665.604248639609,4665.404248639609,4457.643627040587,0.02,stop_loss,WEAK,35,-166.60849727921777,166.20849727921814,-1.0024066158261913,0.8023619561158191,raw,5536.399476419118,1.5,1.000195312500182,90.69999999999982,-83.30424863960889,83.10424863960907,175.0,2026-05
2026-05-04 14:10:00+00:00,2026-05-06 05:55:00+00:00,HTF,sell,4570.8,4671.686053317391,4671.486053317391,4419.770920023913,0.02,stop_loss,WEAK,453,-201.77210663478218,201.37210663478254,-1.0019863724260734,40.190870760360234,raw,5334.627369784336,1.5,60.69990234375018,103.99980468749982,-100.88605331739109,100.68605331739127,2385.0,2026-05
2026-05-06 13:55:00+00:00,2026-05-07 15:30:00+00:00,HTF,buy,4713.7,4694.0998046875,4643.3564440175405,4819.215333973689,0.02,stop_gap,WEAK,294,-39.20039062499927,140.68711196491859,-0.2786352642932509,58.28555243718011,locked,5295.426979159337,1.5,61.50019531250018,23.900195312499818,-19.600195312499636,70.34355598245929,1535.0,2026-05
2026-05-12 07:40:00+00:00,2026-05-12 15:20:00+00:00,HTF,buy,4708.30009765625,4659.751206883237,4659.951206883236,4780.82343381577,0.02,stop_loss,WEAK,92,-97.09778154602645,96.69778154602682,-1.0041365995538298,15.856560991562466,raw,5198.3291976133105,1.5,11.499707031250182,62.59990234374982,-48.54889077301323,48.34889077301341,460.0,2026-05
2026-05-15 09:00:00+00:00,2026-05-18 03:40:00+00:00,HTF,sell,4561.69990234375,4550.648159174797,4636.711523470101,4449.182470654223,0.02,stop_loss,WEAK,210,22.10348633790636,150.0232422527024,0.14733374646492955,69.50025535556973,locked,5220.432683951217,1.5,78.19990234375018,15.300097656249818,11.05174316895318,75.0116211263512,4000.0,2026-05
2026-05-18 06:20:00+00:00,2026-05-19 13:30:00+00:00,HTF,sell,4546.69990234375,4473.018847135336,4595.820605816027,4473.018847135336,0.02,take_profit,WEAK,362,147.36211041682873,98.24140694455309,1.4999999999999907,108.0329325663755,locked,5367.794794368046,1.5,79.59980468750018,46.50029296874982,73.68105520841436,49.120703472276546,1870.0,2026-05
2026-05-21 12:55:00+00:00,2026-05-21 17:15:00+00:00,HTF,sell,4504.8,4542.08116121723,4541.88116121723,4412.097096956924,0.02,stop_loss,STRONG,52,-74.56232243445993,74.1623224344603,-1.0053935743497397,17.799006040655613,raw,5293.232471933586,2.5,16.500195312500182,37.59990234374982,-37.281161217229965,37.08116121723015,260.0,2026-05
2026-05-22 14:55:00+00:00,2026-05-27 12:20:00+00:00,HTF,sell,4501.19990234375,4492.3852317168785,4561.297706522895,4411.053196075032,0.02,stop_loss,WEAK,449,17.629341253743405,120.19560835828997,0.1466720913894979,52.026412941195964,locked,5310.861813187329,1.5,46.90009765625018,42.40019531249982,8.814670626871703,60.09780417914499,7045.0,2026-05
2026-05-28 11:30:00+00:00,2026-05-28 12:55:00+00:00,HTF,sell,4416.5001953125,4457.082219432701,4456.882219432701,4315.545135011997,0.02,stop_loss,STRONG,17,-81.16404824040183,80.76404824040219,-1.0049526987405213,6.637003241893775,raw,5229.697764946927,2.5,6.700390625000182,47.49980468749982,-40.58202412020091,40.382024120201095,85.0,2026-05
2026-05-28 16:00:00+00:00,2026-06-01 06:35:00+00:00,HTF,buy,4511.09990234375,4532.85646029966,4423.273670520109,4730.665481902853,0.02,stop_loss,STRONG,437,43.51311591182093,175.65246364728227,0.24772277603345857,52.8316849778702,locked,5273.210880858748,2.5,116.00019531250018,0.0999023437498181,21.756557955910466,87.82623182364114,5195.0,2026-05
2026-06-01 13:50:00+00:00,2026-06-02 06:30:00+00:00,HTF,sell,4484.0998046875,4566.056019626774,4565.8560196267745,4361.465482278589,0.02,stop_loss,WEAK,188,-163.9124298785482,163.51242987854857,-1.0024462972038073,6.604843186145085,raw,5109.2984509802,1.5,8.099804687500182,83.60039062499982,-81.9562149392741,81.75621493927429,1000.0,2026-06
2026-06-02 15:35:00+00:00,2026-06-03 07:30:00+00:00,HTF,buy,4534.30009765625,4482.879900350885,4483.079900350885,4585.520294961615,0.02,stop_loss,RANGING,179,-102.84039461073007,102.44039461073045,-1.0039047096755105,4.490416126841552,raw,5006.45805636947,1.0,2.300000000000182,51.80009765624982,-51.420197305365036,51.22019730536522,955.0,2026-06
2026-06-03 08:25:00+00:00,2026-06-05 14:50:00+00:00,HTF,sell,4485.19990234375,4384.691697424633,4560.6588777481675,4409.740926939333,0.02,stop_loss,RANGING,629,201.01640983823384,150.91795080883458,1.331958251227902,153.4608698029332,trail,5207.474466207704,1.0,115.80000000000018,58.00029296874982,100.5082049191169,75.45897540441729,3265.0,2026-06
2026-06-09 08:15:00+00:00,2026-06-09 14:40:00+00:00,HTF,buy,4356.2,4312.092180745727,4312.292180745727,4465.969548135682,0.02,stop_loss,STRONG,77,-88.21563850854545,87.81563850854582,-1.0045549973420818,29.51647174150846,raw,5119.258827699158,2.5,32.40009765625018,48.99980468749982,-44.10781925427273,43.90781925427291,385.0,2026-06
2026-06-10 12:00:00+00:00,2026-06-10 23:25:00+00:00,HTF,sell,4169.19990234375,4074.270282227858,4224.940564455716,4029.8482470638346,0.02,stop_loss,STRONG,125,189.8592402317845,111.48132422393246,1.7030587100886456,88.2658702006842,trail,5309.118067930943,2.5,122.99995117187518,40.30009765624982,94.92962011589225,55.74066211196623,685.0,2026-06
2026-06-11 06:35:00+00:00,2026-06-11 17:30:00+00:00,HTF,sell,4109.19990234375,4169.713352571603,4169.513352571603,3958.4162767741186,0.02,stop_loss,STRONG,131,-121.0269004557049,120.62690045570525,-1.0033160099321836,24.14045515758991,raw,5188.091167475238,2.5,36.39985351562518,61.80009765624982,-60.513450227852445,60.31345022785263,655.0,2026-06
2026-06-15 14:10:00+00:00,2026-06-17 18:10:00+00:00,HTF,buy,4379.2,4300.11217902383,4300.31217902383,4576.419552440424,0.02,stop_loss,STRONG,600,-158.175641952339,157.77564195233936,-1.0025352455870247,12.372047981206594,raw,5029.915525522899,2.5,24.400097656250182,83.09990234374982,-79.0878209761695,78.88782097616968,3120.0,2026-06
2026-06-18 14:50:00+00:00,2026-06-21 22:05:00+00:00,HTF,sell,4265.90009765625,4173.4001953125,4337.0908419239695,4159.113981254672,0.02,stop_gap,WEAK,147,184.99980468750073,142.38148853543862,1.2993248391377399,107.22385940313832,trail,5214.9153302104,1.5,114.50019531250018,8.399707031249818,92.49990234375036,71.19074426771931,4755.0,2026-06
2026-06-22 06:30:00+00:00,2026-06-23 09:10:00+00:00,HTF,sell,4216.8,4131.021415143115,4292.204066102048,4103.693900846928,0.02,stop_loss,WEAK,308,171.55716971377115,150.80813220409618,1.1375856673405003,96.01586961329701,trail,5386.472499924171,1.5,108.59980468750018,16.900195312499818,85.77858485688557,75.40406610204809,1600.0,2026-06
2026-06-24 10:05:00+00:00,2026-06-24 13:30:00+00:00,HTF,sell,4077.100048828125,3999.6316383102508,4133.872502049795,3991.9413689956205,0.02,stop_loss,WEAK,41,154.93682103574884,113.54490644333966,1.3645422405016845,113.67015105259067,trail,5541.40932095992,1.5,96.80000000000018,6.599902343749818,77.46841051787442,56.77245322166982,205.0,2026-06
2026-06-24 14:45:00+00:00,2026-07-02 12:30:00+00:00,HTF,sell,4028.19990234375,4136.305858371244,4136.105858371244,3866.3409683025097,0.02,stop_loss,WEAK,1627,-216.2119120549869,215.8119120549873,-1.0018534658082159,44.9774369460825,raw,5325.197408904933,1.5,72.80000000000018,113.19999999999982,-108.10595602749345,107.90595602749363,11385.0,2026-06
2026-07-02 15:55:00+00:00,2026-07-08 15:15:00+00:00,HTF,buy,4141.59990234375,4039.52685887788,4039.7268588778797,4294.409467542555,0.02,stop_loss,WEAK,892,-204.1460869317398,203.74608693174014,-1.0019632278883162,48.36091088938459,raw,5121.051321973193,1.5,73.90009765625018,103.49980468749982,-102.07304346586989,101.87304346587007,8600.0,2026-07
2026-07-09 12:00:00+00:00,2026-07-13 00:30:00+00:00,HTF,buy,4117.80009765625,4071.135460155318,4071.335460155318,4187.497053907648,0.02,stop_loss,WEAK,412,-93.3292750018636,92.92927500186397,-1.0043043486564553,43.90407606485184,raw,5027.722046971329,1.5,30.599804687500182,48.40019531249982,-46.6646375009318,46.464637500931985,5070.0,2026-07
2026-07-13 06:50:00+00:00,2026-07-14 12:30:00+00:00,HTF,sell,4061.69990234375,4050.8269575447393,4135.519534337154,3950.970454353644,0.02,stop_loss,WEAK,344,21.745889598021677,147.63926398680815,0.14729069361904104,64.39118165419823,locked,5049.467936569351,1.5,71.30000000000018,50.80009765624982,10.872944799010838,73.81963199340407,1780.0,2026-07
2026-07-15 08:15:00+00:00,2026-07-15 12:35:00+00:00,HTF,sell,4029.600048828125,4065.235544028176,4065.035544028176,3976.4468060280487,0.02,stop_loss,WEAK,52,-71.27099040010125,70.87099040010162,-1.0056440582774622,1.8812608962284119,raw,4978.19694616925,1.5,0.9999511718751819,43.39995117187482,-35.63549520005063,35.43549520005081,260.0,2026-07
2026-07-17 07:30:00+00:00,2026-07-17 13:35:00+00:00,HTF,sell,4000.3,3993.2587508270467,4048.5749944863546,3927.8875082704685,0.02,stop_loss,WEAK,73,14.082498345906972,96.54998897270889,0.1458570684030588,51.51044952205158,locked,4992.279444515157,1.5,37.30000000000018,7.599902343749818,7.041249172953485,48.274994486354444,365.0,2026-07
2026-07-21 06:45:00+00:00,2026-07-22 14:25:00+00:00,HTF,buy,4087.59990234375,4149.581690381285,3992.509330812672,4182.690473874827,0.02,stop_loss,RANGING,368,123.96357607506981,190.18114306215557,0.651818440456821,85.3921698401114,trail,5116.2430205902265,1.0,81.19990234375018,39.19999999999982,61.9817880375349,95.09057153107779,1900.0,2026-07
2026-07-22 15:45:00+00:00,2026-07-22 22:00:00+00:00,HTF,buy,4169.59990234375,4086.130033489153,4086.330033489153,4294.504705625645,0.02,stop_loss,WEAK,63,-166.93973770919365,166.53973770919401,-1.0024018291700334,1.4410975020214336,raw,4949.303282881033,1.5,1.800000000000182,94.99980468749982,-83.46986885459683,83.26986885459701,375.0,2026-07
2026-07-23 12:45:00+00:00,2026-07-29 07:30:00+00:00,HTF,sell,4068.600048828125,4058.0830105371633,4140.046970767871,3961.429665918506,0.02,stop_loss,WEAK,1036,21.034076581923728,142.89384387949212,0.14720071915528127,55.3324513639278,locked,4970.337359462957,1.5,59.30000000000018,50.69975585937482,10.517038290961864,71.44692193974606,8325.0,2026-07
2026-07-30 07:15:00+00:00,2026-07-30 14:05:00+00:00,HTF,buy,4107.30009765625,4163.597801788933,4025.2881300384133,4189.312065274086,0.02,stop_loss,RANGING,82,112.59540826536613,164.02393523567298,0.68645718140823,88.88958498831992,trail,5082.932767728323,1.0,72.90009765625018,14.300097656249818,56.297704132683066,82.01196761783649,410.0,2026-07
2026-07-30 14:35:00+00:00,2026-07-31 20:55:00+00:00,HTF,buy,4165.09990234375,4106.8,4029.704901518371,4300.4949031691285,0.02,open_at_window_end,RANGING,352,-116.59980468749926,270.7900016507574,-0.4305912477443686,9.749180001685827,raw,4966.332963040823,1.0,13.199902343750182,88.69999999999982,-58.299902343749636,135.3950008253787,1820.0,2026-07
