entry_ts,exit_ts,path,side,entry,exit,sl0,tp0,lot,reason,regime,bars,pnl,risk_usd,r,max_fav_pct,stage,balance,rr,mfe_pts,mae_pts,pts,stop_pts,mins,month
2022-03-07 08:20:00+00:00,2022-03-08 15:10:00+00:00,HTF,buy,1997.208,2048.358,1960.476652386088,2052.305021420868,0.02,stop_gap,WEAK,358,102.3000000000002,73.46269522782404,1.3925435172606355,120.13353588462918,trail,1102.3000000000002,1.5,66.19000000000005,36.330000000000155,51.15000000000009,36.73134761391202,1850.0,2022-03
2022-03-08 16:15:00+00:00,2022-03-09 14:05:00+00:00,HTF,buy,2059.048,1979.2155755250426,1979.4155755250426,2178.4966367124352,0.02,stop_loss,WEAK,250,-159.66484894991436,159.26484894991427,-1.0025115397568103,9.468504883172892,raw,942.6351510500858,1.5,11.3100000000004,83.03999999999974,-79.83242447495718,79.63242447495713,1310.0,2022-03
2022-03-09 17:15:00+00:00,2022-03-15 15:50:00+00:00,HTF,sell,1993.348,1922.3828603930913,2023.8177207861822,1917.1736980345443,0.02,stop_loss,STRONG,1099,141.93027921381736,60.93944157236456,2.3290380671650484,113.42407842369389,trail,1084.5654302639032,2.5,86.39999999999986,15.713999999999942,70.96513960690868,30.46972078618228,8555.0,2022-03
2022-03-16 13:20:00+00:00,2022-03-16 14:40:00+00:00,HTF,sell,1917.648,1915.1970533842828,1935.3209774381146,1891.1385338428279,0.02,stop_loss,WEAK,16,4.901893231434315,35.34595487622937,0.13868328776515537,51.868264409692735,locked,1089.4673234953375,1.5,13.75,2.1950000000001637,2.4509466157171573,17.672977438114685,80.0,2022-03
2022-03-18 16:40:00+00:00,2022-03-23 08:55:00+00:00,HTF,sell,1928.6879999999999,1926.1913966154416,1946.6653558970556,1901.7219661544164,0.02,stop_loss,WEAK,735,4.9932067691165685,35.95471179411152,0.13887489344120763,67.41814574625457,locked,1094.460530264454,1.5,18.179999999999836,12.480000000000018,2.4966033845582842,17.97735589705576,6735.0,2022-03
2022-03-23 16:50:00+00:00,2022-03-24 15:30:00+00:00,HTF,buy,1934.573,1958.6191861246007,1914.110287082002,1965.2670693769971,0.02,stop_loss,WEAK,260,48.09237224920116,40.925425835996066,1.175122097493275,101.30621527591653,trail,1142.5529025136552,1.5,31.0949999999998,0.7300000000000182,24.04618612460058,20.462712917998033,1360.0,2022-03
2022-03-24 16:25:00+00:00,2022-03-28 07:25:00+00:00,HTF,buy,1965.458,1932.1551968738665,1932.3551968738666,2015.1122046892003,0.02,stop_loss,WEAK,444,-66.60560625226708,66.20560625226699,-1.0060417844143885,0.39271598693503734,raw,1075.9472962613881,1.5,0.19499999999993634,33.92000000000007,-33.30280312613354,33.102803126133495,5220.0,2022-03
2022-03-29 09:05:00+00:00,2022-03-31 13:30:00+00:00,HTF,sell,1910.4679999999998,1940.6154029252098,1940.4154029252097,1865.546895612185,0.02,stop_loss,WEAK,605,-60.29480585041983,59.89480585041974,-1.0066783754337403,45.56878170954406,raw,1015.6524904109683,1.5,20.4699999999998,30.04000000000019,-30.147402925209917,29.94740292520987,3145.0,2022-03
2022-03-31 17:30:00+00:00,2022-04-01 14:30:00+00:00,HTF,buy,1947.978,1918.9087049436894,1919.1087049436894,1991.281942584466,0.02,stop_loss,WEAK,240,-58.138590112621394,57.7385901126213,-1.0069277756734252,1.0968978149585453,raw,957.5139002983469,1.5,0.47499999999990905,29.347999999999956,-29.069295056310693,28.869295056310648,1260.0,2022-03
2022-04-11 08:10:00+00:00,2022-04-11 12:40:00+00:00,HTF,buy,1948.958,1964.622416574406,1933.1727219146871,1972.6359171279696,0.02,stop_loss,WEAK,54,31.32883314881201,31.57055617062588,0.9923434031219641,87.00089576572668,trail,988.8427334471589,1.5,20.59999999999991,0.9460000000001401,15.664416574406005,15.785278085312939,270.0,2022-04
2022-04-12 14:55:00+00:00,2022-04-18 17:40:00+00:00,HTF,buy,1975.772,1979.057076478829,1952.5381568078062,2010.6227647882906,0.02,stop_loss,WEAK,861,6.570152957658138,46.467686384387434,0.14139186752938118,64.54951601968402,locked,995.4128864048171,1.5,22.496000000000095,15.3599999999999,3.285076478829069,23.233843192193717,8805.0,2022-04
2022-04-20 06:25:00+00:00,2022-04-20 19:55:00+00:00,HTF,sell,1939.6879999999999,1958.0699931788058,1957.8699931788058,1894.2330170529851,0.02,stop_loss,STRONG,162,-36.763986357611884,36.36398635761179,-1.010999894127844,1.1615888198995994,raw,958.6489000472052,2.5,0.5279999999997926,18.38000000000011,-18.381993178805942,18.181993178805897,810.0,2022-04
2022-04-21 07:05:00+00:00,2022-04-21 11:55:00+00:00,HTF,sell,1951.088,1940.3243075528262,1958.0726151056522,1933.6264622358694,0.02,stop_loss,STRONG,58,21.527384894347506,13.96923021130442,1.5410573502415863,82.7876685047488,trail,980.1762849415527,2.5,14.455999999999904,1.19399999999996,10.763692447173753,6.98461510565221,290.0,2022-04
2022-04-21 14:10:00+00:00,2022-04-22 12:35:00+00:00,HTF,sell,1941.548,1939.5759285730524,1956.0284761796515,1919.8272857305228,0.02,stop_loss,WEAK,257,3.944142853895301,28.960952359303064,0.13618829950626027,55.707191991394645,locked,984.120427795448,1.5,12.099999999999909,13.933999999999969,1.9720714269476503,14.480476179651532,1345.0,2022-04
2022-04-22 14:45:00+00:00,2022-04-25 13:15:00+00:00,HTF,sell,1933.408,1898.974576059429,1958.0799201980958,1896.400119702856,0.02,stop_loss,WEAK,258,68.8668478811419,49.34384039619181,1.3956523717691176,113.58391689146264,trail,1052.98727567659,1.5,42.034999999999854,7.310000000000173,34.43342394057095,24.671920198095904,4230.0,2022-04
2022-04-25 13:55:00+00:00,2022-05-04 18:55:00+00:00,HTF,sell,1896.463,1888.6227028226774,1928.6241887092906,1816.0600282267733,0.02,stop_loss,STRONG,1992,15.680594354645109,64.32237741858125,0.24378132438424682,57.40459460898818,locked,1068.667870031235,2.5,46.15499999999997,23.375,7.8402971773225545,32.16118870929063,13260.0,2022-04
2022-05-05 11:40:00+00:00,2022-05-05 15:50:00+00:00,HTF,buy,1897.1680000000001,1876.5591139249404,1876.7591139249405,1927.7813291125894,0.02,stop_loss,WEAK,50,-41.217772150119345,40.817772150119254,-1.0097996529190514,40.71755787864918,raw,1027.4500978811157,1.5,12.464999999999918,22.854000000000042,-20.608886075059672,20.408886075059627,250.0,2022-05
2022-05-11 15:15:00+00:00,2022-05-12 16:55:00+00:00,HTF,buy,1849.474,1824.82994247637,1825.02994247637,1886.1400862854448,0.02,stop_loss,WEAK,296,-49.28811504725991,48.88811504725982,-1.0081819476904237,25.184034991118544,raw,978.1619828338557,1.5,9.234000000000151,25.56600000000003,-24.644057523629954,24.44405752362991,1540.0,2022-05
2022-05-13 13:10:00+00:00,2022-05-19 12:35:00+00:00,HTF,sell,1802.668,1840.6935686606437,1840.4935686606436,1745.9296470090344,0.02,stop_loss,WEAK,1097,-76.05113732128757,75.65113732128748,-1.0052874287705855,28.252494397488846,raw,902.1108455125682,1.5,16.029999999999973,38.450000000000045,-38.025568660643785,37.82556866064374,8605.0,2022-05
2022-05-19 13:10:00+00:00,2022-05-22 22:15:00+00:00,HTF,buy,1840.6380000000001,1843.5224082082223,1820.0752786118521,1871.4820820822222,0.02,stop_loss,WEAK,373,5.768816416444224,41.12544277629604,0.14027366095057012,55.829186143701435,locked,907.8796619290124,1.5,17.2199999999998,8.460000000000036,2.884408208222112,20.56272138814802,4865.0,2022-05
2022-05-23 08:05:00+00:00,2022-05-25 02:50:00+00:00,HTF,buy,1857.8780000000002,1859.5064314569988,1845.688456953342,1876.1623145699873,0.02,stop_loss,WEAK,489,3.256862913997338,24.379086093316346,0.13359249405539547,63.961927340698544,locked,911.1365248430097,1.5,11.694999999999936,10.930000000000064,1.628431456998669,12.189543046658173,2565.0,2022-05
2022-05-25 13:45:00+00:00,2022-06-01 12:25:00+00:00,HTF,sell,1851.238,1834.4333233254938,1869.9024110849796,1823.241383372531,0.02,stop_loss,WEAK,1334,33.60935334901251,37.32882216995904,0.9003593308138227,81.72416083145977,trail,944.7458781920222,1.5,22.88000000000011,12.644999999999982,16.804676674506254,18.66441108497952,10000.0,2022-05
2022-06-02 12:25:00+00:00,2022-06-02 14:25:00+00:00,HTF,buy,1855.8980000000001,1865.9484909377954,1844.899636459318,1872.3955453110234,0.02,stop_loss,WEAK,24,20.100981875590605,21.996727081364497,0.9138169420040695,82.13343103198616,trail,964.8468600676129,1.5,13.549999999999955,5.150000000000091,10.050490937795303,10.998363540682249,120.0,2022-06
2022-06-02 15:45:00+00:00,2022-06-06 15:10:00+00:00,HTF,buy,1868.9080000000001,1843.8206401243156,1844.0206401243156,1906.239039813527,0.02,stop_loss,WEAK,545,-50.17471975136913,49.77471975136905,-1.0080362079786311,13.541010443990292,raw,914.6721403162437,1.5,5.054999999999836,26.420000000000073,-25.08735987568457,24.887359875684524,5725.0,2022-06
2022-06-14 14:15:00+00:00,2022-06-15 11:20:00+00:00,HTF,sell,1814.608,1830.2217311170575,1830.0217311170575,1791.4874033244137,0.02,stop_loss,WEAK,241,-31.227462234115137,30.82746223411505,-1.012975443679481,41.71605142952223,raw,883.4446780821286,1.5,9.644999999999982,17.860000000000127,-15.613731117057569,15.413731117057523,1265.0,2022-06
2022-06-15 12:20:00+00:00,2022-06-16 22:50:00+00:00,HTF,buy,1830.3780000000002,1850.9958153011264,1810.1540510037553,1860.7139234943675,0.02,stop_loss,WEAK,390,41.23563060225251,40.44789799248974,1.0194752421969873,89.13524589096636,trail,924.6803086843811,1.5,27.039999999999736,17.410000000000082,20.617815301126257,20.22394899624487,2070.0,2022-06
2022-07-06 06:00:00+00:00,2022-07-06 19:15:00+00:00,HTF,sell,1764.944,1740.6600684993489,1791.064228331163,1725.7636575032557,0.02,stop_loss,WEAK,159,48.56786300130216,52.240456662325876,0.9296982856646375,83.75628672140091,trail,973.2481716856832,1.5,32.81600000000003,6.740000000000009,24.28393150065108,26.120228331162934,795.0,2022-07
2022-07-07 06:40:00+00:00,2022-07-12 01:30:00+00:00,HTF,sell,1744.4289999999999,1740.5997785980999,1760.5458856076,1704.1367859809995,0.02,stop_loss,STRONG,766,7.658442803799971,32.23377121520025,0.23759065461718404,53.06484272598515,locked,980.9066144894832,2.5,21.380999999999858,7.958000000000084,3.8292214018999857,16.116885607600125,6890.0,2022-07
2022-07-14 08:00:00+00:00,2022-07-14 15:50:00+00:00,HTF,sell,1717.084,1713.730332353262,1740.7751176449217,1681.5473235326176,0.02,stop_loss,WEAK,94,6.707335293476263,47.382235289843265,0.1415580175237961,55.283729242469136,locked,987.6139497829595,1.5,19.645999999999958,1.683999999999969,3.3536676467381312,23.691117644921633,470.0,2022-07
2022-07-15 08:35:00+00:00,2022-07-18 03:15:00+00:00,HTF,sell,1702.184,1716.0950340390027,1715.8950340390027,1667.9064149024932,0.02,stop_loss,STRONG,212,-27.822068078005486,27.422068078005395,-1.0145867918809859,9.44057170537155,raw,959.791881704954,2.5,3.2359999999998763,14.928000000000111,-13.911034039002743,13.711034039002698,4000.0,2022-07
2022-07-18 07:10:00+00:00,2022-07-19 00:15:00+00:00,HTF,buy,1716.4840000000002,1705.2463895829073,1705.4463895829074,1733.0404156256393,0.02,stop_loss,WEAK,193,-22.47522083418562,22.07522083418553,-1.018119864032375,44.17622851091901,raw,937.3166608707684,1.5,7.313999999999851,11.256000000000085,-11.23761041709281,11.037610417092765,1025.0,2022-07
2022-07-21 08:10:00+00:00,2022-07-21 12:55:00+00:00,HTF,sell,1688.234,1704.3911586433849,1704.1911586433848,1664.2982620349226,0.02,stop_loss,WEAK,57,-32.31431728676989,31.9143172867698,-1.0125335596687168,31.275409226663818,raw,905.0023435839985,1.5,7.485999999999876,18.82400000000007,-16.157158643384946,15.9571586433849,285.0,2022-07
2022-07-25 06:45:00+00:00,2022-07-25 11:05:00+00:00,HTF,buy,1726.498,1728.1911941893281,1713.876705404479,1745.4299418932815,0.02,stop_loss,WEAK,52,3.3863883786561932,25.242589191042043,0.13415376501305726,51.109389911204815,locked,908.3887319626547,1.5,9.67599999999993,1.5230000000001382,1.6931941893280964,12.621294595521022,260.0,2022-07
2022-07-29 06:30:00+00:00,2022-07-29 13:15:00+00:00,HTF,buy,1765.894,1754.5217834091432,1754.7217834091432,1782.6523248862852,0.02,stop_loss,WEAK,81,-22.744433181713703,22.34443318171361,-1.0179015505449225,9.905524634855384,raw,885.644298780941,1.5,1.6600000000000819,11.205999999999904,-11.372216590856851,11.172216590856806,405.0,2022-07
2022-07-29 17:45:00+00:00,2022-08-02 13:00:00+00:00,HTF,buy,1766.1380000000001,1783.6703112101989,1752.6123707006625,1786.4264439490066,0.02,stop_loss,WEAK,495,35.06462242039743,27.051258598675304,1.2962288720316524,107.40104098060716,trail,920.7089212013384,1.5,21.789999999999964,7.930000000000064,17.532311210198714,13.525629299337652,5475.0,2022-07
2022-08-05 16:25:00+00:00,2022-08-09 08:05:00+00:00,HTF,sell,1772.298,1791.135309264085,1790.935309264085,1744.3420361038725,0.02,stop_loss,WEAK,452,-37.67461852816996,37.27461852816987,-1.0107311628071471,6.199035048260325,raw,883.0343026731684,1.5,1.7329999999999472,19.163999999999987,-18.83730926408498,18.637309264084934,5260.0,2022-08
2022-08-11 09:45:00+00:00,2022-08-12 17:05:00+00:00,HTF,sell,1788.9279999999999,1799.6675552330053,1799.4675552330052,1773.118667150492,0.02,stop_loss,WEAK,364,-21.479110466010752,21.07911046601066,-1.018976132823303,26.12380952007372,raw,861.5551922071577,1.5,4.129999999999882,12.260000000000218,-10.739555233005376,10.53955523300533,1880.0,2022-08
2022-08-12 17:50:00+00:00,2022-08-15 08:50:00+00:00,HTF,buy,1799.478,1783.4322668674047,1783.6322668674047,1823.246599698893,0.02,stop_loss,WEAK,168,-32.091466265190775,31.691466265190684,-1.0126216943278337,12.9162005288133,raw,829.4637259419669,1.5,3.0699999999999363,17.75,-16.045733132595387,15.845733132595342,3780.0,2022-08
2022-08-16 11:45:00+00:00,2022-08-17 12:40:00+00:00,HTF,sell,1775.3139999999999,1770.747,1783.6983878907074,1762.7374181639384,0.02,stop_gap,WEAK,287,9.13399999999956,16.768775781415115,0.5447028524361808,84.95949169083701,trail,838.5977259419665,1.5,10.684999999999945,6.880000000000109,4.56699999999978,8.384387890707558,1495.0,2022-08
2022-08-17 14:20:00+00:00,2022-08-17 18:00:00+00:00,HTF,sell,1768.6779999999999,1767.400430947661,1778.5284603489256,1753.9023094766112,0.02,stop_loss,WEAK,44,2.555138104677553,19.700920697851416,0.12969638038064976,60.667215422593515,locked,841.152864046644,1.5,8.963999999999942,0.3300000000001546,1.2775690523387766,9.850460348925708,220.0,2022-08
2022-08-18 14:10:00+00:00,2022-08-19 05:40:00+00:00,HTF,sell,1765.5539999999999,1755.2229639930592,1776.783879976864,1748.7091800347036,0.02,stop_loss,WEAK,174,20.662072013881243,22.45975995372828,0.9199596102740794,82.51794930807642,trail,861.8149360605253,1.5,13.899999999999864,0.790000000000191,10.331036006940622,11.22987997686414,930.0,2022-08
2022-08-19 07:45:00+00:00,2022-08-22 09:50:00+00:00,HTF,sell,1753.9579999999999,1736.2118791137793,1766.237597045931,1735.5386044311033,0.02,stop_loss,WEAK,301,35.49224177244105,24.559194091862082,1.4451712723017134,121.41549333879445,trail,897.3071778329663,1.5,22.363999999999805,4.040000000000191,17.746120886220524,12.279597045931041,4445.0,2022-08
2022-08-22 10:55:00+00:00,2022-08-23 13:45:00+00:00,HTF,sell,1734.248,1746.5292256709015,1746.3292256709015,1716.126161493648,0.02,stop_loss,WEAK,310,-24.5624513418029,24.162451341802807,-1.0165546117130948,36.30978169071377,raw,872.7447264911634,1.5,6.580000000000155,14.099999999999909,-12.28122567090145,12.081225670901404,1610.0,2022-08
2022-08-25 08:00:00+00:00,2022-08-26 14:00:00+00:00,HTF,buy,1762.0040000000001,1742.3056401406684,1742.5056401406684,1791.2515397889977,0.02,stop_loss,WEAK,348,-39.39671971866346,38.99671971866337,-1.0102572729933654,11.50182211655727,raw,833.3480067725,1.5,3.3639999999998054,20.68600000000015,-19.69835985933173,19.498359859331686,1800.0,2022-08
2022-08-29 08:15:00+00:00,2022-08-29 14:15:00+00:00,HTF,sell,1721.7179999999998,1745.2955562276152,1745.0955562276151,1686.6516656585768,0.02,stop_loss,WEAK,72,-47.155112455230665,46.755112455230574,-1.0085552141572347,2.7490754825239634,raw,786.1928943172693,1.5,0.9639999999999418,23.700000000000045,-23.577556227615332,23.377556227615287,360.0,2022-08
2022-08-30 07:00:00+00:00,2022-08-31 10:10:00+00:00,HTF,sell,1732.088,1713.486049775199,1742.7014992506631,1716.1677511240052,0.02,stop_loss,WEAK,314,37.20390044960186,21.226998501326307,1.752668915827986,138.1008561565351,trail,823.3967947668712,1.5,21.985999999999876,5.75,18.60195022480093,10.613499250663153,1630.0,2022-08
2022-08-31 12:25:00+00:00,2022-09-01 12:45:00+00:00,HTF,sell,1711.984,1698.8387303021555,1724.2664343405183,1693.5603484892222,0.02,stop_loss,WEAK,280,26.29053939568894,24.56486868103684,1.0702495395786198,93.03258906071393,trail,849.6873341625601,1.5,17.139999999999873,11.403999999999996,13.14526969784447,12.28243434051842,1460.0,2022-08
2022-09-02 08:55:00+00:00,2022-09-06 01:00:00+00:00,HTF,buy,1704.634,1721.4993779331774,1694.9007558663548,1728.9671103341132,0.02,stop_loss,STRONG,427,33.730755866354684,19.466488267290515,1.7327601878266035,90.13233285369624,trail,883.4180900289148,2.5,21.932000000000016,0.5360000000000582,16.865377933177342,9.733244133645258,5285.0,2022-09
2022-09-06 16:55:00+00:00,2022-09-07 17:40:00+00:00,HTF,sell,1701.248,1717.7626108302688,1717.5626108302688,1676.776083754597,0.02,stop_loss,WEAK,285,-33.02922166053759,32.629221660537496,-1.0122589500957622,40.985756486822254,raw,850.3888683683772,1.5,10.029999999999973,17.096000000000004,-16.514610830268794,16.314610830268748,1485.0,2022-09
2022-09-15 06:15:00+00:00,2022-09-15 15:00:00+00:00,HTF,sell,1688.018,1668.9155898301149,1705.609966100382,1661.6300508494269,0.02,stop_loss,WEAK,105,38.20482033977032,35.18393220076405,1.0858598783606306,93.14858028467152,trail,888.5936887081475,1.5,24.579999999999927,4.230000000000018,19.10241016988516,17.591966100382024,525.0,2022-09
2022-09-15 16:10:00+00:00,2022-09-28 15:00:00+00:00,HTF,sell,1661.691,1655.3993398113553,1704.9687345909658,1596.7743981135513,0.02,stop_loss,WEAK,2470,12.583320377289512,86.55546918193158,0.14537868601740853,72.37131740533582,locked,901.177009085437,1.5,46.980999999999995,26.257000000000062,6.291660188644755,43.27773459096579,18650.0,2022-09
2022-09-29 09:00:00+00:00,2022-09-29 15:05:00+00:00,HTF,sell,1645.075,1659.1261146925017,1658.9261146925016,1624.2983279612477,0.02,stop_loss,WEAK,73,-28.102229385003284,27.70222938500319,-1.014439271094067,2.935985122460242,raw,873.0747797004337,1.5,0.6100000000001273,14.36999999999989,-14.051114692501642,13.851114692501596,365.0,2022-09
2022-09-29 16:10:00+00:00,2022-10-04 11:00:00+00:00,HTF,buy,1663.958,1703.9771435632558,1636.4551452108526,1705.2122821837213,0.02,stop_loss,WEAK,766,80.03828712651148,55.00570957829496,1.4550905304218504,117.49083351915914,trail,953.1130668269452,1.5,48.47000000000003,6.870000000000118,40.01914356325574,27.502854789147477,6890.0,2022-09
2022-10-04 12:50:00+00:00,2022-10-07 12:50:00+00:00,HTF,buy,1712.788,1690.324478474292,1690.524478474292,1746.1832822885622,0.02,stop_loss,WEAK,828,-44.92704305141615,44.52704305141606,-1.0089833048095784,49.848358388338916,raw,908.1860237755291,1.5,16.646999999999935,22.284000000000106,-22.463521525708074,22.26352152570803,4320.0,2022-10
2022-10-10 07:00:00+00:00,2022-10-11 16:20:00+00:00,HTF,sell,1686.6879999999999,1682.8859196656492,1713.368535562338,1646.6671966564927,0.02,stop_loss,WEAK,388,7.604160668701297,53.36107112467607,0.14250389859930793,64.41150063566108,locked,915.7901844442304,1.5,25.777999999999793,1.900000000000091,3.8020803343506486,26.680535562338036,2000.0,2022-10
2022-10-12 10:10:00+00:00,2022-10-13 12:35:00+00:00,HTF,sell,1670.18,1658.748,1683.6001639648218,1650.0497540527674,0.02,stop_gap,WEAK,305,22.864000000000033,26.840327929643536,0.8518524833203738,91.82699530077673,trail,938.6541844442304,1.5,18.485000000000127,12.155999999999949,11.432000000000016,13.420163964821768,1585.0,2022-10
2022-10-13 16:55:00+00:00,2022-10-14 12:55:00+00:00,HTF,sell,1665.5149999999999,1663.0552693447396,1683.246537701735,1638.9176934473971,0.02,stop_loss,WEAK,228,4.919461310520546,35.46307540347016,0.13872066239464284,57.889320369897504,locked,943.5736457547509,1.5,15.396999999999935,6.93300000000022,2.459730655260273,17.73153770173508,1200.0,2022-10
2022-10-17 07:10:00+00:00,2022-10-17 17:40:00+00:00,HTF,buy,1653.405,1655.6976553955678,1643.4343784177286,1678.3315539556784,0.02,stop_loss,STRONG,126,4.585310791135726,19.94124316454281,0.22994107003763886,59.62717520611864,locked,948.1589565458867,2.5,14.863000000000056,2.4769999999998618,2.292655395567863,9.970621582271406,630.0,2022-10
2022-10-19 13:50:00+00:00,2022-10-20 04:50:00+00:00,HTF,sell,1634.108,1632.6896311668102,1644.8971255545982,1617.9243116681025,0.02,stop_loss,WEAK,168,2.8367376663795767,21.57825110919657,0.13146281651948008,73.22805380922975,locked,950.9956942122662,1.5,11.850999999999885,3.479000000000042,1.4183688331897883,10.789125554598286,900.0,2022-10
2022-10-20 06:10:00+00:00,2022-10-20 14:55:00+00:00,HTF,sell,1631.027,1644.3890805316391,1644.189080531639,1611.2838792025414,0.02,stop_loss,WEAK,105,-26.72416106327819,26.324161063278094,-1.015195166107614,20.812312512057655,raw,924.271533148988,1.5,4.109000000000151,13.971000000000004,-13.362080531639094,13.162080531639049,525.0,2022-10
2022-10-20 15:40:00+00:00,2022-10-21 03:45:00+00:00,HTF,buy,1642.6480000000001,1620.594046715487,1620.794046715487,1675.4289299267698,0.02,stop_loss,WEAK,133,-44.107906569026454,43.70790656902636,-1.0091516622826213,0.9456717692038149,raw,880.1636265799616,1.5,0.30999999999994543,22.1400000000001,-22.053953284513227,21.85395328451318,725.0,2022-10
2022-10-21 08:45:00+00:00,2022-10-21 12:55:00+00:00,HTF,sell,1619.9579999999999,1633.4616628587032,1633.2616628587032,1600.0025057119449,0.02,stop_loss,WEAK,50,-27.007325717406733,26.60732571740664,-1.0150334537280616,4.86582785664698,raw,853.1563008625549,1.5,0.9709999999997763,13.3900000000001,-13.503662858703365,13.30366285870332,250.0,2022-10
2022-10-24 08:00:00+00:00,2022-11-04 04:50:00+00:00,HTF,sell,1649.027,1644.8691460653367,1678.0793595644222,1605.4484606533667,0.02,stop_loss,WEAK,2446,8.315707869326616,58.10471912884441,0.14311587757419386,74.69272831998815,locked,861.4720087318815,1.5,32.549999999999955,25.651000000000067,4.157853934663308,29.052359564422204,15650.0,2022-10
2022-11-07 14:05:00+00:00,2022-11-08 09:00:00+00:00,HTF,buy,1680.248,1665.1231983124806,1665.3231983124806,1702.6352025312792,0.02,stop_loss,WEAK,215,-30.249603375038987,29.849603375038896,-1.0134005130645918,6.744924909176277,raw,831.2224053568425,1.5,1.509999999999991,15.691000000000031,-15.124801687519493,14.924801687519448,1135.0,2022-11
2022-11-08 13:10:00+00:00,2022-11-08 15:05:00+00:00,HTF,buy,1672.605,1684.2240877004633,1664.8589415330246,1684.2240877004633,0.02,take_profit,WEAK,23,23.238175400926593,15.49211693395091,1.5000000000000147,188.59484122084953,locked,854.4605807577691,1.5,21.91300000000001,0.7570000000000618,11.619087700463297,7.746058466975455,115.0,2022-11
2022-11-08 15:35:00+00:00,2022-11-14 04:20:00+00:00,HTF,buy,1707.1480000000001,1759.6252845190018,1665.072281730006,1770.2615774049914,0.02,stop_loss,WEAK,969,104.95456903800321,84.15143653998848,1.2472106639335758,103.46426662044321,trail,959.4151497957723,1.5,65.29999999999995,5.100000000000136,52.477284519001614,42.07571826999424,7965.0,2022-11
2022-11-14 07:25:00+00:00,2022-11-15 08:05:00+00:00,HTF,buy,1762.028,1779.3144043665702,1752.6428087331403,1785.4909781671493,0.02,stop_loss,STRONG,284,34.57280873314039,18.770382533719385,1.8418808818111885,94.52764198132846,trail,993.9879585289127,2.5,22.179000000000087,8.930000000000064,17.286404366570196,9.385191266859692,1480.0,2022-11
2022-11-15 13:35:00+00:00,2022-11-17 02:25:00+00:00,HTF,buy,1785.748,1766.4372648234175,1766.6372648234176,1833.524837941456,0.02,stop_loss,STRONG,418,-38.62147035316502,38.22147035316493,-1.0104653221423485,0.795364482818054,raw,955.3664881757477,2.5,0.37999999999988177,19.221000000000004,-19.31073517658251,19.110735176582466,2210.0,2022-11
2022-11-17 09:35:00+00:00,2022-11-20 23:00:00+00:00,HTF,sell,1764.298,1751.6615769604805,1778.1132565349346,1743.575115197598,0.02,stop_loss,WEAK,425,25.27284607903903,27.630513069869266,0.9146716173938426,81.9432244203363,trail,980.6393342547867,1.5,16.980999999999995,3.2799999999999727,12.636423039519514,13.815256534934633,5125.0,2022-11
2022-11-21 07:45:00+00:00,2022-11-22 00:25:00+00:00,HTF,sell,1742.4279999999999,1740.8504333951225,1754.2784440325152,1724.6523339512269,0.02,stop_loss,WEAK,188,3.1551332097546942,23.70088806503054,0.13312299526910695,56.76299257825216,locked,983.7944674645414,1.5,10.089999999999918,4.420000000000073,1.5775666048773473,11.85044403251527,1000.0,2022-11
2022-11-22 06:25:00+00:00,2022-11-23 06:50:00+00:00,HTF,sell,1741.118,1739.9613124681023,1750.1625835459847,1727.5511246810229,0.02,stop_loss,WEAK,281,2.31337506379532,18.089167091969557,0.12788731797509414,60.890955402565375,locked,986.1078425283367,1.5,8.260999999999967,8.480000000000018,1.15668753189766,9.044583545984779,1465.0,2022-11
2022-11-23 12:30:00+00:00,2022-11-23 13:35:00+00:00,HTF,sell,1737.388,1738.1280000000002,1745.0917644741137,1725.8323532888294,0.02,stop_gap,WEAK,13,-1.480000000000473,15.407528948227537,-0.09605693456579423,80.05609924935901,trail,984.6278425283363,1.5,9.250999999999976,2.589000000000169,-0.7400000000002365,7.703764474113768,65.0,2022-11
2022-11-24 06:45:00+00:00,2022-11-28 18:05:00+00:00,HTF,buy,1755.1570000000002,1741.1484436070662,1741.3484436070662,1775.869834589401,0.02,stop_loss,WEAK,619,-28.017112785867994,27.617112785867903,-1.01448377327136,40.84906854964896,raw,956.6107297424683,1.5,8.460999999999785,14.119000000000142,-14.008556392933997,13.808556392933951,6440.0,2022-11
2022-12-01 16:10:00+00:00,2022-12-28 08:15:00+00:00,HTF,buy,1799.218,1804.533345167083,1762.4490322194463,1854.3714516708308,0.02,stop_loss,WEAK,4873,10.630690334166047,73.53793556110759,0.14456063055145593,61.64074771403659,locked,967.2414200766343,1.5,33.996999999999844,33.218000000000075,5.315345167083024,36.768967780553794,38405.0,2022-12
2022-12-28 08:45:00+00:00,2022-12-30 14:05:00+00:00,HTF,sell,1803.705,1824.1009005176581,1823.900900517658,1773.4111492235127,0.02,stop_loss,WEAK,616,-40.79180103531644,40.39180103531635,-1.0099029998600546,22.44679968278517,raw,926.4496190413179,1.5,6.7999999999999545,21.3420000000001,-20.39590051765822,20.195900517658174,3200.0,2022-12
2023-01-03 06:10:00+00:00,2023-01-04 08:50:00+00:00,HTF,buy,1842.415,1859.4105064442158,1826.3000214807194,1866.5874677789209,0.02,stop_loss,WEAK,308,33.99101288843167,32.229957038561224,1.0546403412130971,93.57753708425834,trail,960.4406319297495,1.5,22.62000000000012,14.889999999999873,16.995506444215835,16.114978519280612,1600.0,2023-01
2023-01-04 11:10:00+00:00,2023-01-05 15:15:00+00:00,HTF,buy,1862.135,1828.9691821597119,1829.169182159712,1944.5495446007203,0.02,stop_loss,STRONG,325,-66.33163568057626,65.93163568057616,-1.0060668902852343,0.7886957370803817,raw,894.1089962491733,2.5,0.650000000000091,33.48000000000002,-33.16581784028813,32.96581784028808,1685.0,2023-01
2023-01-05 16:00:00+00:00,2023-01-06 15:05:00+00:00,HTF,sell,1828.568,1856.9658151903857,1856.7658151903856,1758.073462024036,0.02,stop_loss,STRONG,265,-56.7956303807714,56.39563038077131,-1.0070927480958964,0.415635038419281,raw,837.3133658684019,2.5,0.2929999999998927,31.626999999999953,-28.3978151903857,28.197815190385654,1385.0,2023-01
2023-01-06 16:10:00+00:00,2023-01-12 14:10:00+00:00,HTF,buy,1862.208,1892.490181414087,1833.2819380469568,1905.597092929565,0.02,stop_loss,WEAK,1080,60.56436282817367,57.8521239060865,1.0468822705021177,90.49970245689029,trail,897.8777286965756,1.5,39.266999999999825,2.4610000000000127,30.282181414086836,28.926061953043245,8520.0,2023-01
2023-01-13 09:15:00+00:00,2023-01-17 04:05:00+00:00,HTF,buy,1906.1480000000001,1908.9776804612486,1885.9501302583437,1936.4448046124849,0.02,stop_loss,WEAK,442,5.659360922496944,40.39573948331281,0.14009796564894636,75.04751834663904,locked,903.5370896190725,1.5,22.736999999999853,12.53300000000013,2.829680461248472,20.197869741656405,5450.0,2023-01
2023-01-17 14:10:00+00:00,2023-01-18 04:05:00+00:00,HTF,buy,1916.005,1898.1812976600568,1898.3812976600568,1942.440553509915,0.02,stop_loss,WEAK,155,-35.64740467988668,35.247404679886586,-1.0113483532655199,2.0427035877929813,raw,867.8896849391858,1.5,0.5399999999999636,18.437000000000126,-17.82370233994334,17.623702339943293,835.0,2023-01
2023-01-18 13:50:00+00:00,2023-01-18 17:00:00+00:00,HTF,buy,1923.285,1904.855334741743,1905.055334741743,1950.6294978873857,0.02,stop_loss,WEAK,38,-36.85933051651409,36.459330516514,-1.0109711284966933,9.190148637394438,raw,831.0303544226717,1.5,2.51299999999992,18.330000000000155,-18.429665258257046,18.229665258257,190.0,2023-01
2023-01-20 08:10:00+00:00,2023-01-23 07:25:00+00:00,HTF,buy,1936.025,1920.230309996934,1920.430309996934,1959.4170350045993,0.02,stop_loss,WEAK,267,-31.58938000613216,31.189380006132065,-1.012824878209232,0.29924715821506537,raw,799.4409744165396,1.5,0.06999999999993634,15.730000000000018,-15.79469000306608,15.594690003066034,4275.0,2023-01
2023-01-23 17:10:00+00:00,2023-01-24 01:45:00+00:00,HTF,sell,1920.7549999999999,1935.1909611291935,1934.9909611291935,1899.4010583062095,0.02,stop_loss,WEAK,91,-28.871922258387254,28.471922258387167,-1.0140489284976977,0.7492761865430293,raw,770.5690521581523,1.5,0.15999999999985448,14.290000000000191,-14.435961129193629,14.235961129193583,515.0,2023-01
2023-01-31 06:05:00+00:00,2023-02-01 12:05:00+00:00,HTF,sell,1912.835,1931.5009688850591,1931.300968885059,1885.1360466724113,0.02,stop_loss,WEAK,348,-37.3319377701182,36.93193777011811,-1.0108307341599534,43.936678242201,raw,733.2371143880341,1.5,12.170000000000073,18.62999999999988,-18.6659688850591,18.465968885059056,1800.0,2023-01
2023-02-02 08:00:00+00:00,2023-02-02 13:55:00+00:00,HTF,buy,1956.825,1944.383299930465,1944.583299930465,1975.1875501043025,0.02,stop_loss,WEAK,71,-24.88340013907009,24.48340013907,-1.0163376000771143,14.758298736323452,raw,708.353714248964,1.5,2.7100000000000364,13.587999999999965,-12.441700069535045,12.241700069535,355.0,2023-02
2023-02-03 15:55:00+00:00,2023-02-28 15:00:00+00:00,HTF,sell,1872.7849999999999,1822.8427463901362,1926.4674879671206,1792.2612680493187,0.02,stop_loss,WEAK,4651,99.88450721972731,107.36497593424157,0.9303267322567477,84.68435124413402,trail,808.2382214686913,1.5,68.1909999999998,17.313000000000102,49.942253609863656,53.68248796712078,35945.0,2023-02
2023-03-02 16:40:00+00:00,2023-03-03 15:00:00+00:00,HTF,buy,1838.435,1840.3191331372773,1824.540779084818,1859.2763313727728,0.02,stop_loss,WEAK,256,3.7682662745546622,27.78844183036381,0.13560552612335255,51.34029016005446,locked,812.006487743246,1.5,10.700000000000045,6.25,1.8841331372773311,13.894220915181904,1340.0,2023-03
2023-03-06 12:55:00+00:00,2023-03-07 11:00:00+00:00,HTF,buy,1852.365,1842.301649055563,1842.5016490555631,1867.1600264166555,0.02,stop_loss,WEAK,253,-20.126701888873868,19.726701888873777,-1.0202770844438875,10.070951940461878,raw,791.8797858543721,1.5,1.490000000000009,9.900000000000091,-10.063350944436934,9.863350944436888,1325.0,2023-03
2023-03-08 08:55:00+00:00,2023-03-08 14:50:00+00:00,HTF,sell,1813.0349999999999,1821.1816366044616,1820.9816366044615,1801.1150450933073,0.02,stop_loss,WEAK,71,-16.293273208923438,15.893273208923347,-1.0251678804448858,8.137614677176247,raw,775.5865126454487,1.5,0.9699999999997999,8.430000000000064,-8.146636604461719,7.946636604461673,355.0,2023-03
2023-03-08 17:00:00+00:00,2023-03-09 14:35:00+00:00,HTF,sell,1816.695,1829.2336029347873,1829.0336029347873,1798.1870955978188,0.02,stop_loss,WEAK,247,-25.077205869574755,24.677205869574664,-1.0162092905539708,26.421143602965653,raw,750.5093067758739,1.5,4.889999999999873,13.38000000000011,-12.538602934787377,12.338602934787332,1295.0,2023-03
2023-03-10 08:35:00+00:00,2023-03-10 16:05:00+00:00,HTF,buy,1835.7150000000001,1861.6249208786064,1820.5814029286882,1858.415395606968,0.02,stop_loss,WEAK,90,51.81984175721255,30.267194142623794,1.7120794716890269,139.34999436877638,trail,802.3291485330865,1.5,31.63299999999981,4.9370000000001255,25.909920878606272,15.133597071311897,450.0,2023-03
2023-03-10 17:45:00+00:00,2023-03-13 13:55:00+00:00,HTF,buy,1864.2440000000001,1901.3192944262348,1837.1149814207834,1904.9375278688253,0.02,stop_loss,WEAK,242,74.15058885246935,54.25803715843358,1.3666286643571253,111.60005627035072,trail,876.4797373855558,1.5,45.41399999999976,3.4960000000000946,37.07529442623468,27.12901857921679,4090.0,2023-03
2023-03-13 15:20:00+00:00,2023-03-20 09:45:00+00:00,HTF,buy,1910.9550000000002,1986.7361615100435,1868.8313230200874,2016.264192449782,0.02,stop_loss,STRONG,1313,151.56232302008675,84.24735395982543,1.7990158253796484,93.7619952285602,trail,1028.0420604056426,2.5,98.73999999999978,25.3900000000001,75.78116151004338,42.123676979912716,9745.0,2023-03
2023-03-20 11:45:00+00:00,2023-03-21 13:45:00+00:00,HTF,buy,1983.095,1952.4913411889047,1952.6913411889047,2059.1041470277382,0.02,stop_loss,STRONG,300,-61.20731762219066,60.807317622190574,-1.0065781556503672,4.473145842248556,raw,966.8347427834519,2.5,3.3999999999998636,30.62000000000012,-30.60365881109533,30.403658811095283,1560.0,2023-03
2023-03-21 16:15:00+00:00,2023-03-22 18:00:00+00:00,HTF,sell,1946.835,1962.2614114766811,1962.061411476681,1908.7689713082973,0.02,stop_loss,STRONG,297,-30.852822953362192,30.4528229533621,-1.0131350712744327,33.25800046685612,raw,935.9819198300897,2.5,12.660000000000082,19.5,-15.426411476681096,15.22641147668105,1545.0,2023-03
2023-03-23 06:10:00+00:00,2023-04-17 14:25:00+00:00,HTF,buy,1980.015,1990.523009388871,1937.1829624445163,2087.0950938887095,0.02,stop_loss,STRONG,4515,21.01601877774192,85.66407511096759,0.24533059804262375,63.99228606506203,locked,956.9979386078317,2.5,68.52299999999991,36.12000000000012,10.50800938887096,42.832037555483794,36495.0,2023-03
2023-04-17 16:10:00+00:00,2023-05-03 14:50:00+00:00,HTF,sell,1987.825,2020.8657222303038,2020.6657222303038,1938.5639166545443,0.02,stop_loss,WEAK,3296,-66.0814444606076,65.68144446060751,-1.0060900000492528,37.900100306507674,raw,890.9164941472241,1.5,18.670000000000073,33.822999999999865,-33.0407222303038,32.840722230303754,22960.0,2023-04
2023-05-04 09:55:00+00:00,2023-05-05 07:20:00+00:00,HTF,buy,2037.9550000000002,2041.4328030790696,2023.2437876837218,2074.733030790696,0.02,stop_loss,STRONG,245,6.955606158138836,29.422424632556616,0.23640492736422175,58.64914335070052,locked,897.8721003053629,2.5,21.569999999999936,6.051000000000158,3.4778030790694174,14.711212316278306,1285.0,2023-05
2023-05-05 17:35:00+00:00,2023-05-10 12:30:00+00:00,HTF,sell,2014.714,2042.479179195059,2042.279179195059,1945.8010520123523,0.02,stop_loss,STRONG,767,-55.53035839011818,55.1303583901181,-1.0072555305584914,1.9009490063242658,raw,842.3417419152447,2.5,1.3099999999999454,31.029999999999973,-27.76517919505909,27.565179195059045,6895.0,2023-05
2023-05-11 16:00:00+00:00,2023-05-19 06:05:00+00:00,HTF,sell,2013.514,1964.3014958767567,2050.5689862558556,1957.9315206162164,0.02,stop_loss,WEAK,1537,98.42500824648641,74.10997251171148,1.3280939785928605,110.87846509053088,trail,940.7667501617311,1.5,61.628999999999905,8.980000000000018,49.21250412324321,37.05498625585574,10925.0,2023-05
2023-05-23 08:05:00+00:00,2023-05-23 13:55:00+00:00,HTF,sell,1954.995,1972.4440108443182,1972.2440108443182,1929.1214837335224,0.02,stop_loss,WEAK,70,-34.89802168863662,34.49802168863653,-1.0115948677756166,2.0870761996103466,raw,905.8687284730945,1.5,0.5399999999999636,18.289000000000215,-17.44901084431831,17.249010844318263,350.0,2023-05
2023-05-29 10:45:00+00:00,2023-05-30 05:30:00+00:00,HTF,sell,1944.004,1935.944125330493,1950.9344177683101,1933.6083733475346,0.02,stop_loss,WEAK,183,16.11974933901365,13.860835536620472,1.162970969277076,99.45528389621435,trail,921.9884778121082,1.5,10.338999999999942,5.57100000000014,8.059874669506826,6.930417768310235,1125.0,2023-05
2023-06-02 16:40:00+00:00,2023-06-05 14:00:00+00:00,HTF,sell,1954.0249999999999,1951.2729897654701,1973.7050682301979,1924.5048976547027,0.02,stop_loss,WEAK,244,5.504020469059469,39.360136460396006,0.1398374336074162,54.13260365117123,locked,927.4924982811676,1.5,15.97999999999979,7.269000000000233,2.7520102345297346,19.680068230198003,4160.0,2023-06
2023-06-21 13:05:00+00:00,2023-06-23 04:30:00+00:00,HTF,sell,1926.965,1914.7364476838356,1939.503158946118,1908.1577615808228,0.02,stop_loss,WEAK,449,24.457104632328537,25.07631789223615,0.9753068507677785,89.85901929529165,trail,951.9496029134962,1.5,16.899999999999864,10.540000000000191,12.228552316164269,12.538158946118074,2365.0,2023-06
2023-06-23 12:45:00+00:00,2023-06-28 09:45:00+00:00,HTF,buy,1927.544,1907.5588705734247,1907.7588705734247,1957.2216941398633,0.02,stop_loss,WEAK,792,-39.97025885315088,39.57025885315079,-1.010108602056017,32.6642627770024,raw,911.9793440603453,1.5,9.69399999999996,20.300000000000182,-19.98512942657544,19.785129426575395,7020.0,2023-06
2023-06-28 10:25:00+00:00,2023-06-29 13:30:00+00:00,HTF,sell,1906.395,1896.3996844345288,1916.3439481150963,1891.4715778273555,0.02,stop_loss,WEAK,313,19.990631130942347,19.8978962301926,1.004660537962251,90.32780714807951,trail,931.9699751912876,1.5,13.480000000000018,6.849999999999909,9.995315565471174,9.9489481150963,1625.0,2023-06
2023-07-04 07:20:00+00:00,2023-07-05 13:25:00+00:00,HTF,buy,1926.538,1932.6524240691463,1919.696080230488,1936.800879654268,0.02,stop_loss,WEAK,319,12.228848138292506,13.68383953902412,0.8936708226823172,81.52682562657083,trail,944.1988233295801,1.5,8.366999999999962,5.79300000000012,6.114424069146253,6.84191976951206,1805.0,2023-07
2023-07-12 15:55:00+00:00,2023-07-21 13:15:00+00:00,HTF,buy,1955.738,1959.8211119442599,1927.183920371601,1998.5691194425985,0.02,stop_loss,WEAK,1900,8.166223888519653,57.10815925679798,0.14299574692643538,73.88786567302469,locked,952.3650472180998,1.5,31.646999999999935,10.100000000000136,4.0831119442598265,28.554079628398995,12800.0,2023-07
2023-07-21 15:25:00+00:00,2023-07-26 11:35:00+00:00,HTF,sell,1960.278,1974.00361382476,1973.8036138247599,1939.9895792628604,0.02,stop_loss,WEAK,782,-27.45122764951975,27.05122764951966,-1.01478675959489,41.30434846838437,raw,924.91381956858,1.5,8.38000000000011,13.779999999999973,-13.725613824759876,13.52561382475983,6970.0,2023-07
2023-08-04 08:25:00+00:00,2023-08-04 12:35:00+00:00,HTF,sell,1933.085,1935.365,1941.5863639739712,1920.3329540390432,0.02,stop_gap,WEAK,50,-4.559999999999945,17.002727947942276,-0.2681922579695108,64.20146245603581,locked,920.3538195685801,1.5,8.187000000000126,5.0499999999999545,-2.2799999999999727,8.501363973971138,250.0,2023-08
2023-08-21 08:55:00+00:00,2023-08-21 12:35:00+00:00,HTF,sell,1888.355,1895.6953116108955,1895.4953116108954,1877.6445325836569,0.02,stop_loss,WEAK,44,-14.68062322179094,14.280623221790847,-1.0280099820426416,15.312123516641476,raw,905.6731963467892,1.5,1.6400000000001,7.279999999999973,-7.340311610895469,7.140311610895424,220.0,2023-08
2023-08-24 07:10:00+00:00,2023-08-25 14:45:00+00:00,HTF,buy,1921.2250000000001,1904.8019407536492,1905.0019407536493,1945.5595888695266,0.02,stop_loss,WEAK,367,-32.84611849270186,32.44611849270177,-1.0123281310240566,8.218754016034845,raw,872.8270778540873,1.5,1.9999999999997726,16.52000000000021,-16.42305924635093,16.223059246350886,1895.0,2023-08
2023-08-30 12:25:00+00:00,2023-08-31 13:35:00+00:00,HTF,buy,1940.775,1941.642759262548,1933.6566049163478,1951.4525926254787,0.02,stop_loss,WEAK,290,1.7355185250958132,14.236790167304662,0.12190377920168399,76.70268277942212,locked,874.5625963791831,1.5,8.189999999999827,0.2599999999999909,0.8677592625479065,7.118395083652331,1510.0,2023-08
2023-09-01 12:10:00+00:00,2023-09-01 13:20:00+00:00,HTF,buy,1946.075,1946.943433660974,1938.952108926839,1956.7593366097417,0.02,stop_loss,WEAK,14,1.7368673219480115,14.2457821463222,0.12192151361772821,63.92535399692053,locked,876.2994637011311,1.5,6.829999999999927,1.7309999999999945,0.8684336609740058,7.1228910731610995,70.0,2023-09
2023-09-04 07:00:00+00:00,2023-09-04 10:45:00+00:00,HTF,buy,1944.545,1940.443311743942,1940.6433117439421,1950.3975323840868,0.02,stop_loss,WEAK,45,-8.203376512115938,7.803376512115847,-1.0512598615969682,0.0,raw,868.0960871890152,1.5,0.0,4.160000000000082,-4.101688256057969,3.9016882560579234,225.0,2023-09
2023-09-04 16:15:00+00:00,2023-09-05 04:30:00+00:00,HTF,sell,1938.325,1937.8345900990719,1942.927732672854,1931.420900990719,0.02,stop_loss,WEAK,105,0.9808198018563417,9.205465345708035,0.10654755246171667,50.40483914442612,locked,869.0769069908715,1.5,3.480000000000018,0.5,0.4904099009281708,4.602732672854017,735.0,2023-09
2023-09-05 06:35:00+00:00,2023-09-05 12:40:00+00:00,HTF,sell,1935.7549999999999,1930.0266670275873,1942.2938900919573,1925.9466648620637,0.02,stop_loss,WEAK,73,11.45666594482509,13.07778018391491,0.8760405652724061,81.02292477000387,trail,880.5335729356966,1.5,7.946999999999889,2.3730000000000473,5.728332972412545,6.538890091957455,365.0,2023-09
2023-09-05 17:00:00+00:00,2023-09-08 00:35:00+00:00,HTF,sell,1926.308,1924.5917522316429,1939.0829851223807,1907.145522316429,0.02,stop_loss,WEAK,631,3.432495536714214,25.54997024476143,0.13434440446825907,58.09791501829069,locked,883.9660684724108,1.5,11.133000000000038,2.747000000000071,1.716247768357107,12.774985122380713,3335.0,2023-09
2023-09-11 11:20:00+00:00,2023-09-12 05:50:00+00:00,HTF,buy,1926.308,1919.7600029172065,1919.9600029172066,1935.8299956241901,0.02,stop_loss,WEAK,210,-13.095994165586944,12.695994165586855,-1.0315060006158723,38.930914761005184,raw,870.8700743068239,1.5,3.7070000000001073,6.413000000000011,-6.547997082793472,6.347997082793427,1110.0,2023-09
2023-09-12 09:10:00+00:00,2023-09-12 11:35:00+00:00,HTF,sell,1919.328,1913.018,1925.0846864312596,1910.6929703531105,0.02,stop_gap,WEAK,29,12.619999999999893,11.51337286251919,1.0961166767284358,96.7454698086567,trail,883.4900743068238,1.5,8.354000000000042,0.41000000000008185,6.309999999999945,5.756686431259595,145.0,2023-09
2023-09-12 12:10:00+00:00,2023-09-14 14:50:00+00:00,HTF,sell,1911.495,1909.628598262237,1925.2710115850864,1890.8309826223701,0.02,stop_loss,WEAK,584,3.732803475525998,27.55202317017302,0.13548200988619294,51.282380412010156,locked,887.2228777823498,1.5,10.59699999999998,4.160000000000082,1.866401737762999,13.776011585086508,3040.0,2023-09
2023-09-15 08:00:00+00:00,2023-09-19 05:20:00+00:00,HTF,buy,1917.665,1930.6413842504053,1905.9529475013512,1935.2330787479732,0.02,stop_loss,WEAK,520,25.952768500810635,23.42410499729749,1.1079513391783755,95.85567233379415,trail,913.1756462831604,1.5,16.840000000000146,1.759999999999991,12.976384250405317,11.712052498648745,5600.0,2023-09
2023-09-19 09:30:00+00:00,2023-09-20 15:40:00+00:00,HTF,buy,1934.905,1942.7925515657128,1926.5201718857095,1947.4822421714357,0.02,stop_loss,WEAK,350,15.775103131425567,16.76965622858097,0.9406932924802381,86.17946487995977,trail,928.950749414586,1.5,10.838999999999942,7.0499999999999545,7.8875515657127835,8.384828114290485,1810.0,2023-09
2023-09-21 11:55:00+00:00,2023-09-26 12:35:00+00:00,HTF,sell,1920.475,1905.951981876857,1930.1570120820952,1905.951981876857,0.02,take_profit,WEAK,836,29.046036246285894,19.364024164190596,1.5,105.28114659331591,locked,957.9967856608719,1.5,15.289999999999964,8.540000000000191,14.523018123142947,9.682012082095298,7240.0,2023-09
2023-09-27 09:05:00+00:00,2023-09-27 13:55:00+00:00,HTF,sell,1895.705,1886.7559111265762,1902.8413704219204,1885.0004443671191,0.02,stop_loss,WEAK,58,17.898177746847523,14.272740843840893,1.2540112612337604,106.18843406338488,trail,975.8949634077194,1.5,11.366999999999962,0.5800000000001546,8.949088873423761,7.1363704219204465,290.0,2023-09
2023-09-27 15:00:00+00:00,2023-09-28 15:40:00+00:00,HTF,sell,1884.305,1864.025891294539,1903.274637648463,1855.8505435273055,0.02,stop_loss,WEAK,284,40.558217410922225,37.9392752969261,1.0690298402776375,93.97473476838404,trail,1016.4531808186416,1.5,26.74000000000001,0.3999999999998636,20.279108705461113,18.96963764846305,1480.0,2023-09
2023-10-02 12:35:00+00:00,2023-10-02 23:35:00+00:00,HTF,sell,1836.695,1824.2409568497842,1843.726913699568,1819.1152157510796,0.02,stop_loss,STRONG,120,24.908086300431478,14.063827399136244,1.771074515743933,92.66325325352297,trail,1041.361267119073,2.5,16.289999999999964,1.6700000000000728,12.454043150215739,7.031913699568122,660.0,2023-10
2023-10-04 14:35:00+00:00,2023-10-06 15:25:00+00:00,HTF,sell,1819.2749999999999,1834.6922376818811,1834.492237681881,1781.2319057952968,0.02,stop_loss,STRONG,562,-30.83447536376252,30.43447536376243,-1.0131429898238482,23.62320990937915,raw,1010.5267917553106,2.5,8.986999999999853,15.3900000000001,-15.41723768188126,15.217237681881215,2930.0,2023-10
2023-10-09 06:15:00+00:00,2023-10-16 02:45:00+00:00,HTF,buy,1854.1380000000001,1919.4123259071307,1827.6126518142617,1920.4513704643464,0.02,stop_loss,STRONG,1338,130.54865181426112,53.05069637147699,2.460828240596882,118.73472792690163,trail,1141.0754435695717,2.5,78.73699999999985,10.003000000000156,65.27432590713056,26.525348185738494,9870.0,2023-10
2023-10-16 15:05:00+00:00,2023-10-18 13:55:00+00:00,HTF,buy,1920.775,1956.0907221368604,1908.266444273721,1952.046389315698,0.02,stop_loss,STRONG,538,70.63144427372072,25.01711145255831,2.8233253230559425,133.57257516867634,trail,1211.7068878432924,2.5,41.76999999999998,8.460000000000036,35.31572213686036,12.508555726279155,2810.0,2023-10
2023-10-18 15:55:00+00:00,2023-10-20 16:50:00+00:00,HTF,buy,1945.325,1984.7447206429003,1922.2444412858013,2003.0263967854971,0.02,stop_loss,STRONG,563,78.8394412858006,46.161117428397574,1.7079188216812935,89.78985412190593,trail,1290.546329129093,2.5,51.809999999999945,0.75,39.4197206429003,23.080558714198787,2935.0,2023-10
2023-10-23 12:00:00+00:00,2023-10-24 09:15:00+00:00,HTF,buy,1978.785,1969.4424300385988,1969.6424300385988,2001.6414249035033,0.02,stop_loss,STRONG,243,-18.68513992280259,18.2851399228025,-1.0218756871256571,13.475423269401379,raw,1271.8611892062904,2.5,3.0799999999999272,12.730999999999995,-9.342569961401296,9.14256996140125,1275.0,2023-10
2023-10-25 08:30:00+00:00,2023-10-26 12:45:00+00:00,HTF,buy,1973.305,1976.0510290434993,1961.5208838260025,2002.7652904349939,0.02,stop_loss,STRONG,327,5.492058086998441,23.568232347995036,0.23302800167215992,68.1595452845513,locked,1277.3532472932889,2.5,20.079999999999927,10.451000000000022,2.7460290434992203,11.784116173997518,1695.0,2023-10
2023-10-30 09:50:00+00:00,2023-11-01 03:10:00+00:00,HTF,buy,1996.665,1977.3989724676615,1977.5989724676615,2025.2640412985077,0.02,stop_loss,WEAK,472,-38.532055064677024,38.13205506467693,-1.0104898621205083,38.704094603959824,raw,1238.8211922286118,1.5,11.06899999999996,19.12999999999988,-19.266027532338512,19.066027532338467,2480.0,2023-10
2023-11-08 14:45:00+00:00,2023-11-08 21:55:00+00:00,HTF,sell,1961.395,1950.5111370056413,1971.0154566854708,1946.9643149717938,0.02,stop_loss,WEAK,86,21.767725988717302,19.2409133709416,1.1313249828145788,97.50056890922872,trail,1260.5889182173291,1.5,14.069999999999936,0.37000000000011823,10.883862994358651,9.6204566854708,430.0,2023-11
2023-11-09 12:55:00+00:00,2023-11-09 14:40:00+00:00,HTF,sell,1945.5149999999999,1955.7714688471763,1955.5714688471762,1930.4302967292354,0.02,stop_loss,WEAK,21,-20.512937694352786,20.112937694352695,-1.019887696470735,5.2370934039587835,raw,1240.0759805229764,1.5,0.7899999999999636,11.930000000000064,-10.256468847176393,10.056468847176347,105.0,2023-11
2023-11-10 07:50:00+00:00,2023-11-10 12:50:00+00:00,HTF,sell,1955.465,1946.4835396877907,1964.960132292635,1941.222301561047,0.02,stop_loss,WEAK,60,17.96292062441853,18.990264585270324,0.94590154569786,84.46433133133468,trail,1258.0389011473949,1.5,12.029999999999973,1.6100000000001273,8.981460312209265,9.495132292635162,300.0,2023-11
2023-11-10 14:40:00+00:00,2023-11-13 16:15:00+00:00,HTF,sell,1944.555,1942.5883255920623,1958.999496052919,1922.8882559206215,0.02,stop_loss,WEAK,295,3.9333488158754335,28.888992105838042,0.13615389562450542,60.184400352108604,locked,1261.9722499632703,1.5,13.039999999999964,2.2200000000000273,1.9666744079377168,14.444496052919021,4415.0,2023-11
2023-11-15 06:20:00+00:00,2023-11-15 13:35:00+00:00,HTF,buy,1968.595,1967.585,1960.2445270468065,1981.1207094297902,0.02,stop_gap,WEAK,87,-2.019999999999982,16.700945906387005,-0.12095123302132639,52.31639801905954,locked,1259.9522499632703,1.5,6.552999999999884,3.076999999999998,-1.009999999999991,8.350472953193503,435.0,2023-11
2023-11-16 11:30:00+00:00,2023-11-16 14:20:00+00:00,HTF,buy,1966.185,1972.105,1959.7473958481037,1975.8414062278443,0.02,stop_gap,WEAK,34,11.840000000000146,12.875208303792535,0.9195967723887265,89.06004777638601,trail,1271.7922499632705,1.5,8.600000000000136,4.169999999999845,5.920000000000073,6.437604151896267,170.0,2023-11
2023-11-16 15:10:00+00:00,2023-11-27 02:00:00+00:00,HTF,buy,1982.7450000000001,2010.3394390073227,1957.5931300244088,2020.4728049633873,0.02,stop_loss,WEAK,1681,55.18887801464507,50.3037399511827,1.097112820402681,93.67096769688969,trail,1326.9811279779155,1.5,35.33999999999992,17.3900000000001,27.594439007322535,25.151869975591353,15050.0,2023-11
2023-11-27 07:10:00+00:00,2023-11-29 02:20:00+00:00,HTF,buy,2010.9550000000002,2045.9172872299212,1991.7959574330719,2039.6935638503926,0.02,stop_loss,WEAK,494,69.924574459842,38.318085133856584,1.8248452190545132,142.352276936904,trail,1396.9057024377576,1.5,40.90999999999963,5.347000000000207,34.962287229921,19.159042566928292,2590.0,2023-11
2023-11-29 08:35:00+00:00,2023-12-03 23:20:00+00:00,HTF,buy,2043.665,2091.037248370611,2027.3314967412214,2084.4987581469463,0.02,stop_loss,STRONG,717,94.74449674122206,32.66700651755718,2.900311563298607,180.5124077356378,trail,1491.6501991789796,2.5,73.71000000000004,12.406999999999925,47.37224837061103,16.33350325877859,6645.0,2023-11
2023-12-04 16:45:00+00:00,2024-03-04 15:20:00+00:00,HTF,sell,2023.805,2101.636053129511,2101.436053129511,1829.7273671762227,0.02,stop_loss,STRONG,17309,-155.66210625902158,155.26210625902195,-1.0025762886362775,26.211160585511738,raw,1335.988092919958,2.5,50.87000000000012,79.02999999999997,-77.83105312951079,77.63105312951097,130955.0,2023-12
2024-03-05 17:55:00+00:00,2024-03-07 14:00:00+00:00,HTF,buy,2130.975,2156.204874779622,2114.5147495592437,2172.1256261018907,0.02,stop_loss,STRONG,505,50.4597495592443,32.92050088151245,1.5327758754600713,81.79705435503372,trail,1386.4478424792023,2.5,33.66000000000031,7.360000000000127,25.22987477962215,16.460250440756226,2645.0,2024-03
2024-03-08 15:55:00+00:00,2024-03-12 13:35:00+00:00,HTF,buy,2177.3149999999996,2156.844545430806,2157.044545430806,2227.991136422984,0.02,stop_loss,STRONG,536,-40.940909138386814,40.54090913838718,-1.0098665769589485,35.06581451213562,raw,1345.5069333408155,2.5,17.770000000000437,21.1599999999994,-20.470454569193407,20.27045456919359,5620.0,2024-03
2024-03-13 16:20:00+00:00,2024-03-14 15:40:00+00:00,HTF,buy,2173.6349999999998,2155.0886998045858,2155.2886998045856,2219.5007504885352,0.02,stop_loss,STRONG,268,-37.09260039082801,36.692600390828375,-1.0109013805437355,13.321487024457113,raw,1308.4143329499875,2.5,6.110000000000127,20.9699999999998,-18.546300195414005,18.346300195414187,1400.0,2024-03
2024-03-21 06:05:00+00:00,2024-03-21 14:25:00+00:00,HTF,buy,2209.575,2176.949393500403,2177.1493935004028,2258.2134097493954,0.02,stop_loss,WEAK,100,-65.25121299919374,64.8512129991941,-1.0061679648151625,4.338135253335144,raw,1243.1631199507938,1.5,2.1100000000001273,33.13999999999987,-32.62560649959687,32.42560649959705,500.0,2024-03
2024-03-27 13:20:00+00:00,2024-03-28 10:20:00+00:00,HTF,buy,2186.9049999999997,2204.9383546192666,2174.8827635871553,2204.9383546192666,0.02,take_profit,WEAK,240,36.066709238533804,24.0444728256889,1.5000000000000189,118.55808556638507,locked,1279.2298291893276,1.5,21.38000000000011,1.5669999999995525,18.033354619266902,12.02223641284445,1260.0,2024-03
2024-03-28 11:20:00+00:00,2024-04-01 09:25:00+00:00,HTF,buy,2212.105,2252.1078547384855,2185.5507094769705,2278.490726307574,0.02,stop_loss,STRONG,253,80.00570947697088,53.108581046059044,1.5064554145701046,80.5594861645712,trail,1359.2355386662985,2.5,53.48000000000002,10.010999999999967,40.00285473848544,26.554290523029522,5645.0,2024-03
2024-04-01 15:20:00+00:00,2024-04-03 07:10:00+00:00,HTF,buy,2238.615,2275.6480643721907,2213.941128744381,2300.299678139047,0.02,stop_loss,STRONG,454,74.06612874438179,49.34774251123781,1.5009020671516013,80.3603123100705,trail,1433.3016674106802,2.5,49.570000000000164,3.9799999999995634,37.03306437219089,24.673871255618906,2390.0,2024-04
2024-04-03 10:25:00+00:00,2024-04-03 23:45:00+00:00,HTF,buy,2271.325,2296.407828237327,2259.4306564746544,2301.0608588133637,0.02,stop_loss,STRONG,148,50.1656564746545,23.788687050690896,2.1088030780243305,105.02471173277388,trail,1483.4673238853347,2.5,31.230000000000018,5.919999999999618,25.08282823732725,11.894343525345448,800.0,2024-04
2024-04-04 17:40:00+00:00,2024-04-05 01:05:00+00:00,HTF,buy,2291.225,2278.5778113747856,2278.7778113747854,2322.3429715630364,0.02,stop_loss,STRONG,77,-25.294377250428624,24.894377250428988,-1.0160678853692853,45.632794448812234,raw,1458.172946634906,2.5,14.200000000000273,13.451000000000022,-12.647188625214312,12.447188625214494,445.0,2024-04
2024-04-05 07:10:00+00:00,2024-04-05 14:50:00+00:00,HTF,buy,2284.645,2315.8869747871045,2267.642949574208,2327.1501260644795,0.02,stop_loss,STRONG,92,62.483949574208964,34.004100851583644,1.8375415908490036,93.97219511690746,trail,1520.656896209115,2.5,39.94300000000021,4.4099999999998545,31.241974787104482,17.002050425791822,460.0,2024-04
2024-04-08 06:55:00+00:00,2024-04-09 15:50:00+00:00,HTF,buy,2336.258,2341.697828184261,2313.698687262956,2392.6562818426096,0.02,stop_loss,STRONG,383,10.879656368522774,45.11862547408782,0.24113448169583743,51.29056959700736,locked,1531.5365525776378,2.5,28.927000000000135,17.682999999999538,5.439828184261387,22.55931273704391,1975.0,2024-04
2024-04-12 06:35:00+00:00,2024-04-12 14:20:00+00:00,HTF,buy,2391.245,2413.091477727749,2368.623259092496,2425.177611361256,0.02,stop_loss,WEAK,93,43.69295545549812,45.243481815007726,0.9657292874617956,84.97135600038543,trail,1575.229508033136,1.5,28.833000000000084,0.9299999999998363,21.84647772774906,22.621740907503863,465.0,2024-04
2024-04-12 14:55:00+00:00,2024-04-12 16:15:00+00:00,HTF,buy,2426.775,2379.4662593444455,2379.6662593444453,2497.438110983332,0.02,stop_loss,WEAK,16,-94.61748131110926,94.21748131110962,-1.0042454966364345,6.5239131646603195,raw,1480.6120267220267,1.5,4.610000000000127,47.69999999999982,-47.30874065555463,47.10874065555481,80.0,2024-04
2024-04-23 08:45:00+00:00,2024-04-25 14:35:00+00:00,HTF,sell,2302.195,2343.0474346515607,2342.847434651561,2241.216348022659,0.02,stop_loss,WEAK,622,-81.70486930312109,81.30486930312145,-1.0049197545414943,17.924305712861187,raw,1398.9071574189056,1.5,10.930000000000291,41.159999999999854,-40.85243465156054,40.652434651560725,3230.0,2024-04
2024-05-01 07:40:00+00:00,2024-05-01 12:10:00+00:00,HTF,sell,2283.675,2297.7679597720694,2297.5679597720696,2262.835560341896,0.02,stop_loss,WEAK,54,-28.185919544138414,27.785919544138775,-1.014395780545043,1.1996483787546408,raw,1370.7212378747672,1.5,0.25,14.282999999999902,-14.092959772069207,13.89295977206939,270.0,2024-05
2024-05-03 09:05:00+00:00,2024-05-03 12:30:00+00:00,HTF,sell,2301.045,2313.2815022387776,2313.081502238778,2282.9902466418334,0.02,stop_loss,WEAK,41,-24.47300447755515,24.073004477555514,-1.0166161228596362,36.38930906263741,raw,1346.248233397212,1.5,6.570000000000164,19.5029999999997,-12.236502238777575,12.036502238777757,205.0,2024-05
2024-05-06 12:40:00+00:00,2024-05-08 07:55:00+00:00,HTF,buy,2324.6549999999997,2305.3566644657276,2305.5566644657274,2353.3025033014083,0.02,stop_loss,WEAK,495,-38.59667106854431,38.196671068544674,-1.0104721167790205,25.597344113542846,raw,1307.6515623286678,1.5,7.333000000000084,19.539999999999964,-19.298335534272155,19.098335534272337,2595.0,2024-05
2024-05-10 06:10:00+00:00,2024-05-16 02:05:00+00:00,HTF,buy,2359.8579999999997,2388.1909581321333,2330.24452710711,2404.2782093393344,0.02,stop_loss,WEAK,1055,56.66591626426726,59.22694578577921,0.9567590479715928,84.2341820457545,trail,1364.317478592935,1.5,37.41700000000037,27.872999999999593,28.332958132133626,29.613472892889604,8395.0,2024-05
2024-05-16 16:15:00+00:00,2024-05-17 13:20:00+00:00,HTF,buy,2380.625,2399.37053231951,2362.3434410650334,2408.04733840245,0.02,stop_loss,WEAK,241,37.491064639019896,36.563117869933194,1.025379311807809,89.08795319153845,trail,1401.808543231955,1.5,24.429999999999836,6.836999999999989,18.745532319509948,18.281558934966597,1265.0,2024-05
2024-05-17 14:25:00+00:00,2024-05-20 06:20:00+00:00,HTF,buy,2405.9449999999997,2439.3660989970926,2375.115329990308,2452.189505014537,0.02,stop_loss,WEAK,179,66.84219799418588,61.659340019383315,1.0840563323119137,95.23293629406552,trail,1468.6507412261408,1.5,44.04000000000042,2.819999999999709,33.42109899709294,30.829670009691654,3835.0,2024-05
2024-05-20 07:40:00+00:00,2024-05-20 12:10:00+00:00,HTF,buy,2439.305,2420.4800060574776,2420.6800060574774,2485.867484856306,0.02,stop_loss,STRONG,54,-37.64998788504454,37.2499878850449,-1.0107382585259908,16.5583946470929,raw,1431.0007533410962,2.5,7.710000000000036,18.829999999999927,-18.82499394252227,18.62499394252245,270.0,2024-05
2024-05-21 11:30:00+00:00,2024-05-22 14:05:00+00:00,HTF,buy,2419.845,2403.444581675823,2403.644581675823,2460.3460458104423,0.02,stop_loss,STRONG,307,-32.80083664835365,32.400836648354016,-1.0123453602245163,34.549725124363405,raw,1398.1999166927426,2.5,13.993000000000393,20.249999999999545,-16.400418324176826,16.200418324177008,1595.0,2024-05
2024-05-23 07:35:00+00:00,2024-05-27 13:45:00+00:00,HTF,sell,2361.195,2356.1151015916785,2396.394322722144,2308.3960159167846,0.02,stop_loss,WEAK,626,10.159796816643393,70.39864544428747,0.14431807249308112,68.05055177457888,locked,1408.359713509386,1.5,35.93000000000029,8.509999999999764,5.0798984083216965,35.199322722143734,6130.0,2024-05
2024-05-28 10:00:00+00:00,2024-05-28 12:25:00+00:00,HTF,sell,2343.165,2355.67492593861,2355.4749259386103,2324.7001110920846,0.02,stop_loss,WEAK,29,-25.01985187722039,24.619851877220754,-1.016247051444275,0.3790978670318568,raw,1383.3398616321656,1.5,0.06999999999970896,13.079999999999927,-12.509925938610195,12.309925938610377,145.0,2024-05
2024-05-29 12:50:00+00:00,2024-05-31 12:55:00+00:00,HTF,sell,2335.8750000000005,2356.814532461523,2356.614532461523,2304.7657013077164,0.02,stop_loss,WEAK,553,-41.87906492304501,41.47906492304537,-1.0096434189329422,43.12858394113577,raw,1341.4607967091206,1.5,13.417000000000371,20.799999999999727,-20.939532461522504,20.739532461522685,2885.0,2024-05
2024-06-10 16:05:00+00:00,2024-06-12 13:20:00+00:00,HTF,buy,2308.325,2335.661753088665,2289.5475102955506,2336.4912345566736,0.02,stop_loss,WEAK,519,54.67350617733063,37.55497940889836,1.4558257530125596,117.7651202657499,trail,1396.1343028864512,1.5,33.17000000000007,10.729999999999563,27.33675308866532,18.77748970444918,2715.0,2024-06
2024-06-17 06:30:00+00:00,2024-06-20 01:30:00+00:00,HTF,sell,2317.4750000000004,2336.52793549452,2336.3279354945203,2289.1955967582207,0.02,stop_loss,WEAK,738,-38.10587098903943,37.705870989039795,-1.0106084275341605,38.932929050405804,raw,1358.0284318974118,1.5,11.010000000000218,19.2229999999995,-19.052935494519716,18.852935494519897,4020.0,2024-06
2024-06-20 16:20:00+00:00,2024-06-21 17:00:00+00:00,HTF,buy,2356.115,2321.4366060048437,2321.6366060048435,2407.8325909927344,0.02,stop_loss,WEAK,284,-69.35678799031211,68.95678799031248,-1.0058007342229431,24.05951197871578,raw,1288.6716439070997,1.5,12.443000000000211,35.19999999999982,-34.67839399515606,34.47839399515624,1480.0,2024-06
2024-06-24 08:05:00+00:00,2024-06-26 01:35:00+00:00,HTF,buy,2330.5649999999996,2313.9461836736014,2314.146183673601,2355.193224489597,0.02,stop_loss,WEAK,474,-33.23763265279649,32.837632652796856,-1.012181146071916,26.201645200717078,raw,1255.4340112543032,1.5,6.453000000000429,18.536999999999807,-16.618816326398246,16.418816326398428,2490.0,2024-06
2024-06-27 07:35:00+00:00,2024-06-27 11:00:00+00:00,HTF,sell,2300.6250000000005,2315.718761711718,2315.518761711718,2278.2843574324243,0.02,stop_loss,WEAK,41,-30.187523423434868,29.787523423435232,-1.0134284409722003,2.3723579050918113,raw,1225.2464878308683,1.5,0.5300000000002001,15.279999999999745,-15.093761711717434,14.893761711717616,205.0,2024-06
2024-07-04 08:05:00+00:00,2024-07-05 13:15:00+00:00,HTF,buy,2358.8849999999998,2375.4881855532367,2344.395618510789,2380.619072233816,0.02,stop_loss,WEAK,308,33.20637110647385,28.9787629784214,1.1458864248691525,97.31264243749305,trail,1258.4528589373422,1.5,21.15000000000009,11.36999999999989,16.603185553236926,14.4893814892107,1750.0,2024-07
2024-07-05 16:05:00+00:00,2024-07-08 15:30:00+00:00,HTF,buy,2386.2279999999996,2365.878460155404,2366.0784601554037,2416.4523097668934,0.02,stop_loss,WEAK,269,-40.69907968919142,40.299079689191785,-1.0099257849827998,21.7937152272556,raw,1217.7537792481507,1.5,6.587000000000444,20.553999999999633,-20.34953984459571,20.149539844595893,4285.0,2024-07
2024-07-12 16:05:00+00:00,2024-07-17 03:20:00+00:00,HTF,buy,2413.0679999999998,2466.9332020693096,2385.084404138618,2483.0269896534537,0.02,stop_loss,STRONG,399,107.73040413861963,55.967191722763346,1.924884933878196,98.99656976618618,trail,1325.4841833867704,2.5,69.25700000000052,11.842999999999847,53.86520206930982,27.983595861381673,6435.0,2024-07
2024-07-17 07:45:00+00:00,2024-07-19 07:40:00+00:00,HTF,buy,2471.298,2413.704167062575,2413.9041670625747,2614.7825823435624,0.02,stop_loss,STRONG,551,-115.1876658748497,114.78766587485008,-1.003484694953513,8.537502636114825,raw,1210.2965175119207,2.5,12.25,58.54999999999973,-57.59383293742485,57.39383293742503,2875.0,2024-07
2024-07-19 10:10:00+00:00,2024-07-28 22:15:00+00:00,HTF,sell,2411.585,2400.244700457258,2457.746198170967,2296.1820045725826,0.02,stop_loss,STRONG,1513,22.680599085483664,92.32239634193411,0.24566735682944812,50.76124738620303,locked,1232.9771165974043,2.5,58.57999999999993,20.360000000000127,11.340299542741832,46.161198170967054,13685.0,2024-07
2024-08-01 06:00:00+00:00,2024-08-02 12:40:00+00:00,HTF,buy,2447.6279999999997,2470.797724929986,2425.9737497666183,2480.109375350072,0.02,stop_loss,WEAK,356,46.339449859972774,43.30850046676278,1.069985092084546,91.94807694599102,trail,1279.3165664573771,1.5,29.86600000000044,17.55299999999943,23.169724929986387,21.65425023338139,1840.0,2024-08
2024-08-05 12:20:00+00:00,2024-08-12 17:45:00+00:00,HTF,sell,2369.5350000000003,2468.581381965307,2468.3813819653074,2221.2654270520397,0.02,stop_loss,WEAK,1445,-198.09276393061373,197.6927639306141,-1.0020233416339914,3.6224559720592167,raw,1081.2238025267634,1.5,5.371000000000095,98.94999999999982,-99.04638196530686,98.84638196530705,10405.0,2024-08
2024-08-13 12:15:00+00:00,2024-08-14 12:35:00+00:00,HTF,buy,2465.975,2465.6450000000004,2448.3762629820126,2492.373105526981,0.02,stop_gap,WEAK,280,-0.659999999998945,35.197474035974665,-0.018751345602936495,52.04918961308358,locked,1080.5638025267644,1.5,13.740000000000236,10.75,-0.3299999999994725,17.598737017987332,1460.0,2024-08
2024-09-03 14:20:00+00:00,2024-09-05 08:20:00+00:00,HTF,sell,2476.505,2510.260242197574,2510.060242197574,2426.172136703639,0.02,stop_loss,WEAK,480,-67.51048439514761,67.11048439514798,-1.0059603205610084,9.510684841858254,raw,1013.0533181316168,1.5,4.787000000000262,36.13999999999987,-33.75524219757381,33.55524219757399,2520.0,2024-09
2024-09-05 11:35:00+00:00,2024-09-06 13:00:00+00:00,HTF,buy,2514.365,2516.2105131240546,2500.7282458396353,2534.8201312405463,0.02,stop_loss,WEAK,293,3.6910262481096656,27.27350832072898,0.13533375335157505,72.1579335103101,locked,1016.7443443797265,1.5,14.760000000000218,10.559999999999945,1.8455131240548326,13.63675416036449,1525.0,2024-09
2024-09-09 09:00:00+00:00,2024-09-09 17:35:00+00:00,HTF,sell,2493.7050000000004,2505.885290490276,2505.685290490276,2475.734564264587,0.02,stop_loss,WEAK,103,-24.360580980551276,23.96058098055164,-1.016694086020882,3.950933691615096,raw,992.3837633991752,1.5,0.7100000000004911,12.699999999999818,-12.180290490275638,11.98029049027582,515.0,2024-09
2024-09-10 16:20:00+00:00,2024-09-11 12:30:00+00:00,HTF,buy,2512.328,2515.002889292594,2493.1620713827087,2541.0768929259366,0.02,stop_loss,WEAK,230,5.349778585187778,38.33185723458246,0.1395648155644617,57.591782899796065,locked,997.733541984363,1.5,16.557000000000244,2.800000000000182,2.674889292593889,19.16592861729123,1210.0,2024-09
2024-09-17 16:05:00+00:00,2024-09-18 18:10:00+00:00,HTF,sell,2564.295,2591.14798100858,2590.94798100858,2524.31552848713,0.02,stop_loss,WEAK,301,-53.705962017159436,53.3059620171598,-1.007503851067745,8.281750295109031,raw,944.0275799672036,1.5,3.311000000000149,27.009000000000015,-26.852981008579718,26.6529810085799,1565.0,2024-09
2024-09-19 09:00:00+00:00,2024-09-25 07:05:00+00:00,HTF,buy,2586.098,2652.3968061334294,2550.5956122668586,2674.8539693328535,0.02,stop_loss,STRONG,1081,132.59761226685896,71.00477546628281,1.8674463991485193,94.92319292243299,trail,1076.6251922340625,2.5,84.25,16.472999999999956,66.29880613342948,35.502387733141404,8525.0,2024-09
2024-09-26 07:05:00+00:00,2024-09-26 12:05:00+00:00,HTF,buy,2662.6079999999997,2679.7882899257907,2651.81457985158,2689.5915503710485,0.02,stop_loss,STRONG,60,34.36057985158186,21.586840296839,1.5917373445623417,84.48480532220803,trail,1110.9857720856444,2.5,22.79700000000048,3.269999999999527,17.18028992579093,10.7934201484195,300.0,2024-09
2024-09-30 13:40:00+00:00,2024-10-01 12:20:00+00:00,HTF,sell,2631.585,2655.8184019346545,2655.6184019346547,2571.5014951633634,0.02,stop_loss,STRONG,260,-48.46680386930893,48.0668038693093,-1.0083217515582523,11.728676646211616,raw,1062.5189682163355,2.5,7.0470000000000255,24.592999999999847,-24.233401934654466,24.03340193465465,1360.0,2024-09
2024-10-01 12:50:00+00:00,2024-10-01 14:00:00+00:00,HTF,buy,2653.0139999999997,2667.415,2639.9593376218354,2672.5959935672463,0.02,stop_gap,WEAK,14,28.80200000000059,26.109324756328533,1.1031307882835764,95.60313629820463,trail,1091.320968216336,1.5,18.72100000000046,5.148999999999887,14.401000000000295,13.054662378164267,70.0,2024-10
2024-10-01 16:35:00+00:00,2024-10-03 14:00:00+00:00,HTF,buy,2671.428,2637.352099146638,2637.552099146638,2722.241851280043,0.02,stop_loss,WEAK,521,-68.15180170672375,67.75180170672411,-1.005903902035419,2.912591670809402,raw,1023.1691665096123,1.5,1.4800000000000182,35.172999999999774,-34.07590085336187,33.875900853362054,2725.0,2024-10
2024-10-09 07:10:00+00:00,2024-10-11 03:55:00+00:00,HTF,sell,2611.525,2645.534247156562,2645.334247156562,2560.8111292651574,0.02,stop_loss,WEAK,501,-68.01849431312348,67.61849431312385,-1.0059155413628014,19.30635516108085,raw,955.1506721964888,1.5,9.791000000000167,34.43299999999999,-34.00924715656174,33.80924715656192,2685.0,2024-10
2024-10-11 07:45:00+00:00,2024-10-14 13:10:00+00:00,HTF,buy,2645.025,2648.077600521794,2632.014597912825,2677.5510052179375,0.02,stop_loss,STRONG,341,6.10520104358784,26.020804174349905,0.2346276849355049,66.6543581197109,locked,961.2558732400767,2.5,21.679999999999836,9.0,3.05260052179392,13.010402087174953,4645.0,2024-10
2024-10-14 16:30:00+00:00,2024-10-16 02:10:00+00:00,HTF,sell,2646.7650000000003,2670.0725707621737,2669.872570762174,2612.10364385674,0.02,stop_loss,WEAK,380,-46.615141524346654,46.21514152434702,-1.0086551720238466,25.41735517672007,raw,914.64073171573,1.5,8.8100000000004,23.169999999999618,-23.307570762173327,23.10757076217351,2020.0,2024-10
2024-10-16 16:50:00+00:00,2024-10-18 06:20:00+00:00,HTF,buy,2673.1879999999996,2707.2876084215245,2651.8533614050807,2705.189957892378,0.02,stop_loss,WEAK,426,68.19921684304973,42.669277189837885,1.5983213528466345,127.17971861869546,trail,982.8399485587797,1.5,40.70000000000027,0.7899999999995089,34.09960842152486,21.334638594918943,2250.0,2024-10
2024-10-18 10:45:00+00:00,2024-10-21 14:25:00+00:00,HTF,buy,2710.745,2733.132700178245,2688.170667260816,2744.6064991087756,0.02,stop_loss,WEAK,320,44.775400356490536,45.14866547836755,0.9917325325583354,87.63049711614828,trail,1027.6153489152703,1.5,29.67300000000023,5.929999999999836,22.387700178245268,22.574332739183774,4540.0,2024-10
2024-10-22 09:15:00+00:00,2024-10-23 06:35:00+00:00,HTF,buy,2734.6549999999997,2748.5259287861995,2721.7247626206645,2754.0503560690026,0.02,stop_loss,WEAK,244,27.74185757239957,25.860474758670538,1.0727512867140323,95.02274634418589,trail,1055.3572064876698,1.5,18.43000000000029,5.2169999999996435,13.870928786199784,12.930237379335267,1280.0,2024-10
2024-10-23 07:35:00+00:00,2024-10-23 13:00:00+00:00,HTF,buy,2754.4049999999997,2739.6183197040277,2739.8183197040275,2776.2850204439583,0.02,stop_loss,WEAK,65,-29.573360591944038,29.1733605919444,-1.0137111389254925,17.9753031313388,raw,1025.7838458957258,1.5,3.9330000000004475,14.799999999999727,-14.786680295972019,14.5866802959722,325.0,2024-10
2024-10-24 08:55:00+00:00,2024-10-30 12:15:00+00:00,HTF,buy,2736.875,2776.4729540217586,2710.8849080435166,2801.8502298912085,0.02,stop_loss,STRONG,1144,79.19590804351719,51.98018391296683,1.5235788348906016,81.25096300296934,trail,1104.979753939243,2.5,52.79300000000012,19.98999999999978,39.597954021758596,25.99009195648341,8840.0,2024-10
2024-10-31 06:00:00+00:00,2024-10-31 10:05:00+00:00,HTF,buy,2784.5649999999996,2774.6125800896416,2774.8125800896414,2799.193629865537,0.02,stop_loss,WEAK,49,-19.904839820716006,19.50483982071637,-1.0205077305774535,9.023401454091939,raw,1085.074914118527,1.5,1.3200000000006185,9.849999999999454,-9.952419910358003,9.752419910358185,245.0,2024-10
2024-11-01 17:25:00+00:00,2024-11-06 12:00:00+00:00,HTF,sell,2739.5950000000003,2705.790977305092,2771.7815910169747,2691.3151134745385,0.02,stop_loss,WEAK,751,67.60804538981665,64.37318203394898,1.050251723678374,90.43103275931479,trail,1152.6829595083436,1.5,43.66000000000031,10.279999999999745,33.804022694908326,32.18659101697449,6875.0,2024-11
2024-11-07 06:30:00+00:00,2024-11-07 13:05:00+00:00,HTF,sell,2655.8250000000003,2675.6605462723,2675.4605462723002,2606.7361343192506,0.02,stop_loss,STRONG,79,-39.67109254459956,39.271092544599924,-1.010185609161379,1.874152085695582,raw,1113.011866963744,2.5,0.9200000000000728,21.179999999999836,-19.83554627229978,19.635546272299962,395.0,2024-11
2024-11-07 14:25:00+00:00,2024-11-11 13:00:00+00:00,HTF,buy,2690.115,2654.056811727944,2654.256811727944,2779.7604706801394,0.02,stop_loss,STRONG,535,-72.11637654411152,71.71637654411188,-1.0055775266302474,22.454006708070988,raw,1040.8954904196326,2.5,20.12900000000036,38.04999999999973,-36.05818827205576,35.85818827205594,5675.0,2024-11
2024-11-11 13:35:00+00:00,2024-11-14 11:45:00+00:00,HTF,sell,2640.1850000000004,2552.366464235899,2691.8598807863305,2562.672678820505,0.02,stop_loss,WEAK,806,175.6370715282028,103.3497615726601,1.6994434128880023,133.5542510206559,trail,1216.5325619478353,1.5,103.52100000000019,0.8299999999994725,87.8185357641014,51.67488078633005,4210.0,2024-11
2024-11-18 07:20:00+00:00,2024-11-18 17:05:00+00:00,HTF,buy,2584.6949999999997,2608.767842078062,2566.937806926872,2611.3307896096912,0.02,stop_loss,WEAK,117,48.145684156124844,35.514386146255674,1.355667079753282,113.60654383975914,trail,1264.6782461039602,1.5,30.26000000000022,3.149999999999636,24.072842078062422,17.757193073127837,585.0,2024-11
2024-11-19 06:05:00+00:00,2024-11-19 11:30:00+00:00,HTF,buy,2621.488,2632.7617070453657,2610.110356817884,2638.554464773173,0.02,stop_loss,WEAK,65,22.547414090731763,22.755286364231324,0.9908648799152749,87.2295475241071,trail,1287.225660194692,1.5,14.887000000000171,3.862999999999829,11.273707045365882,11.377643182115662,325.0,2024-11
2024-11-19 13:00:00+00:00,2024-11-20 08:00:00+00:00,HTF,buy,2638.165,2618.560790548371,2618.760790548371,2667.2713141774434,0.02,stop_loss,WEAK,216,-39.20841890325755,38.808418903257916,-1.0103070419074984,12.02488222542585,raw,1248.0172412914344,1.5,3.5,19.460000000000036,-19.604209451628776,19.404209451628958,1140.0,2024-11
2024-11-21 11:00:00+00:00,2024-11-22 03:30:00+00:00,HTF,buy,2668.9049999999997,2685.473462091968,2655.633206973225,2688.812689540162,0.02,stop_loss,WEAK,186,33.13692418393657,26.543586053549916,1.2483966603866197,107.84777387996837,trail,1281.154165475371,1.5,21.470000000000255,8.58999999999969,16.568462091968286,13.271793026774958,990.0,2024-11
2024-11-22 08:40:00+00:00,2024-11-25 01:05:00+00:00,HTF,buy,2699.025,2702.5123880750693,2674.442412832874,2735.898880750689,0.02,stop_loss,WEAK,185,6.974776150138496,49.16517433425179,0.1418641598363945,60.09673934194161,locked,1288.1289416255095,1.5,22.159999999999854,14.699999999999818,3.487388075069248,24.582587167125894,3865.0,2024-11
2024-11-27 12:00:00+00:00,2024-12-06 01:10:00+00:00,HTF,buy,2650.738,2615.5580166088707,2615.7580166088705,2703.2079750866938,0.02,stop_loss,WEAK,1745,-70.3599667822582,69.95996678225856,-1.0057175556021143,29.45875231398793,raw,1217.7689748432513,1.5,15.457000000000335,38.15299999999979,-35.1799833911291,34.97998339112928,12310.0,2024-11
2024-12-09 09:35:00+00:00,2024-12-11 03:40:00+00:00,HTF,buy,2654.415,2692.103413063626,2617.1763768787523,2710.2729346818714,0.02,stop_loss,WEAK,481,75.37682612725166,74.47724624249531,1.0120785868186821,88.94528643595635,trail,1293.145800970503,1.5,49.68299999999999,1.2599999999997635,37.68841306362583,37.238623121247656,2525.0,2024-12
2024-12-11 12:40:00+00:00,2024-12-11 16:05:00+00:00,HTF,buy,2696.2239999999997,2711.2070078621346,2681.397359540448,2718.463960689327,0.02,stop_loss,WEAK,41,29.966015724269713,29.653280919103054,1.0105463812257345,88.26904091346263,trail,1323.1118166947726,1.5,19.631000000000313,5.889999999999873,14.983007862134855,14.826640459551527,205.0,2024-12
2024-12-13 13:40:00+00:00,2024-12-16 08:30:00+00:00,HTF,sell,2662.6850000000004,2659.792996029315,2683.29835980457,2631.764960293146,0.02,stop_loss,WEAK,214,5.784007941370874,41.226719609138854,0.1402975545036747,62.454641659852975,locked,1328.8958246361435,1.5,19.31100000000015,1.7299999999995634,2.892003970685437,20.613359804569427,4010.0,2024-12
2024-12-17 11:10:00+00:00,2024-12-19 00:25:00+00:00,HTF,sell,2638.3650000000002,2592.762493276233,2666.4266442541116,2596.272533618833,0.02,stop_loss,WEAK,423,91.20501344753484,56.12328850822269,1.625083202923369,133.28038203316305,trail,1420.1008380836784,1.5,56.10100000000011,13.159999999999854,45.60250672376742,28.061644254111343,2235.0,2024-12
2024-12-19 10:45:00+00:00,2024-12-19 15:35:00+00:00,HTF,buy,2623.545,2588.1251251369085,2588.3251251369084,2711.5946871577294,0.02,stop_loss,STRONG,58,-70.83974972618307,70.43974972618344,-1.005678611885399,0.11697940483940016,raw,1349.2610883574953,2.5,0.10300000000006548,36.43000000000029,-35.419874863091536,35.21987486309172,290.0,2024-12
2024-12-19 17:15:00+00:00,2025-01-02 10:20:00+00:00,HTF,sell,2592.0950000000003,2644.0579635724525,2643.8579635724527,2462.687591068869,0.02,stop_loss,STRONG,2085,-103.92592714490456,103.52592714490494,-1.003863766411285,2.024613599515522,raw,1245.3351612125907,2.5,2.6200000000003456,54.0029999999997,-51.96296357245228,51.76296357245246,19745.0,2024-12
2025-01-02 15:55:00+00:00,2025-01-06 14:15:00+00:00,HTF,buy,2654.1479999999997,2619.4446198165847,2619.6446198165845,2705.9030702751224,0.02,stop_loss,WEAK,532,-69.40676036682999,69.00676036683035,-1.0057965335261834,21.32544684284864,raw,1175.9284008457607,1.5,11.037000000000262,39.7829999999999,-34.70338018341499,34.503380183415175,5660.0,2025-01
2025-01-08 16:20:00+00:00,2025-01-10 13:30:00+00:00,HTF,buy,2666.7149999999997,2669.7194897290606,2645.351735139594,2698.759897290608,0.02,stop_loss,WEAK,518,6.0089794581217575,42.72652972081141,0.14063813507407036,50.625844897792895,locked,1181.9373803038825,1.5,16.22300000000041,17.600999999999658,3.0044897290608787,21.363264860405707,2710.0,2025-01
2025-01-13 17:40:00+00:00,2025-01-15 06:20:00+00:00,HTF,sell,2659.965,2682.7828885045965,2682.5828885045967,2603.420278738509,0.02,stop_loss,STRONG,416,-45.63577700919268,45.23577700919304,-1.0088425584005851,5.924514128398077,raw,1136.3016032946898,2.5,3.350000000000364,23.159999999999854,-22.81788850459634,22.61788850459652,2200.0,2025-01
2025-01-15 07:45:00+00:00,2025-01-16 12:05:00+00:00,HTF,buy,2681.6949999999997,2703.855951102107,2659.3315036736903,2715.2402444894637,0.02,stop_loss,WEAK,328,44.321902204214894,44.72699265261872,0.9909430430176684,87.49377280353009,trail,1180.6235054989047,1.5,29.350000000000364,5.255999999999858,22.160951102107447,22.36349632630936,1700.0,2025-01
2025-01-16 16:05:00+00:00,2025-01-17 21:10:00+00:00,HTF,buy,2718.705,2698.7310687067343,2698.931068706734,2748.3658969398984,0.02,stop_loss,WEAK,337,-39.9478625865313,39.547862586531664,-1.0101143266371078,19.756651364502453,raw,1140.6756429123734,1.5,5.860000000000127,20.259999999999764,-19.97393129326565,19.773931293265832,1745.0,2025-01
2025-01-20 11:10:00+00:00,2025-01-21 08:00:00+00:00,HTF,buy,2711.395,2727.7142045932073,2695.35901531069,2735.4489770339646,0.02,stop_loss,WEAK,208,32.63840918641472,32.07196937861954,1.017661522468676,88.67556483437885,trail,1173.3140520987881,1.5,21.329999999999927,9.896999999999935,16.31920459320736,16.03598468930977,1250.0,2025-01
2025-01-21 15:50:00+00:00,2025-01-24 16:45:00+00:00,HTF,buy,2739.855,2773.168089825462,2702.7319660848734,2795.5395508726897,0.02,stop_loss,WEAK,839,66.62617965092431,74.2460678302532,0.8973698082334808,82.55431583726055,trail,1239.9402317497124,1.5,45.970000000000255,4.190000000000055,33.31308982546216,37.1230339151266,4375.0,2025-01
2025-01-28 10:20:00+00:00,2025-01-28 14:20:00+00:00,HTF,sell,2743.2980000000002,2752.8367243056928,2752.636724305693,2729.289913541461,0.02,stop_loss,WEAK,48,-19.07744861138508,18.677448611385444,-1.0214162013411083,17.796863314479786,raw,1220.8627831383274,1.5,2.493000000000393,9.716999999999643,-9.53872430569254,9.338724305692722,240.0,2025-01
2025-01-31 10:15:00+00:00,2025-01-31 17:15:00+00:00,HTF,buy,2796.91,2813.748644547923,2785.9721484930765,2813.3167772603847,0.02,stop_loss,WEAK,84,33.67728909584639,21.87570301384676,1.5394837402267496,123.85125779127894,trail,1254.5400722341737,1.5,20.320000000000164,5.889999999999873,16.838644547923195,10.93785150692338,420.0,2025-01
2025-02-03 12:50:00+00:00,2025-02-04 18:00:00+00:00,HTF,buy,2798.6299999999997,2832.3420694295,2761.8368980983328,2853.8196528525,0.02,stop_loss,WEAK,338,67.42413885900078,73.58620380333377,0.9162605947060171,84.90722006394567,trail,1321.9642110931745,1.5,46.86000000000013,0.7699999999995271,33.71206942950039,36.79310190166689,1750.0,2025-02
2025-02-05 08:20:00+00:00,2025-02-11 04:35:00+00:00,HTF,buy,2861.5299999999997,2928.025589979532,2832.8211799590636,2933.30205010234,0.02,stop_loss,STRONG,1059,132.99117995906454,57.41764008187238,2.316207698007635,112.92696792752916,trail,1454.955391052239,2.5,81.05000000000018,27.429999999999836,66.49558997953227,28.70882004093619,8415.0,2025-02
2025-02-11 06:20:00+00:00,2025-02-11 14:50:00+00:00,HTF,buy,2919.37,2891.927623026904,2892.1276230269036,2987.4759424327403,0.02,stop_loss,STRONG,102,-54.88475394619218,54.48475394619254,-1.0073415032835547,14.521493494884707,raw,1400.070637106047,2.5,9.890000000000327,28.90000000000009,-27.44237697309609,27.24237697309627,510.0,2025-02
2025-02-12 10:05:00+00:00,2025-02-12 15:55:00+00:00,HTF,sell,2890.73,2885.729605476404,2911.5315780943843,2838.7260547640394,0.02,stop_loss,STRONG,70,10.000789047192484,41.60315618876848,0.24038534484776367,52.28449471790889,locked,1410.0714261532394,2.5,27.190000000000055,3.4299999999998363,5.000394523596242,20.80157809438424,350.0,2025-02
2025-02-13 06:30:00+00:00,2025-02-14 15:40:00+00:00,HTF,buy,2917.89,2921.6178559444515,2891.7042937036554,2957.1685594445166,0.02,stop_loss,WEAK,386,7.455711888903352,52.37141259268901,0.14236224535108608,56.443006855474124,locked,1417.5271380421427,1.5,22.170000000000073,12.0,3.727855944451676,26.185706296344506,1990.0,2025-02
2025-02-27 09:45:00+00:00,2025-02-27 11:25:00+00:00,HTF,sell,2893.38,2890.3516110948626,2914.9025927009166,2861.096110948625,0.02,stop_loss,WEAK,20,6.05677781027498,43.045185401832896,0.14070743925793563,50.427629626941965,locked,1423.5839158524177,1.5,16.2800000000002,0.25,3.02838890513749,21.522592700916448,100.0,2025-02
2025-02-27 12:20:00+00:00,2025-02-27 20:05:00+00:00,HTF,sell,2889.8,2886.1567225675703,2915.421849549531,2851.3672256757036,0.02,stop_loss,WEAK,93,7.286554864859681,51.243699099061814,0.1421941622671242,57.26882950025767,locked,1430.8704707172774,1.5,22.01000000000022,5.079999999999927,3.6432774324298407,25.621849549530907,465.0,2025-02
2025-02-28 09:15:00+00:00,2025-02-28 23:15:00+00:00,HTF,sell,2861.57,2857.434372634101,2878.9125094635974,2818.213726341007,0.02,stop_loss,STRONG,168,8.271254731798763,34.685018927194506,0.23846764360026781,66.88766711846914,locked,1439.1417254490761,2.5,29.0,3.3599999999996726,4.135627365899381,17.342509463597253,840.0,2025-02
2025-03-03 06:35:00+00:00,2025-03-04 10:50:00+00:00,HTF,buy,2866.81,2910.4141945018832,2850.4583890037666,2907.6890274905836,0.02,stop_loss,STRONG,327,87.20838900376657,32.70322199246675,2.6666604600566632,127.15566683178415,trail,1526.3501144528427,2.5,51.98000000000002,7.980000000000018,43.604194501883285,16.351610996233376,1695.0,2025-03
2025-03-04 13:10:00+00:00,2025-03-10 19:35:00+00:00,HTF,buy,2917.3799999999997,2889.5085723976686,2889.7085723976684,2958.8871414034966,0.02,stop_loss,WEAK,1193,-55.74285520466219,55.342855204662555,-1.00722767191032,31.199450412909556,raw,1470.6072592481805,1.5,12.950000000000273,30.20999999999958,-27.871427602331096,27.671427602331278,9025.0,2025-03
2025-03-14 06:20:00+00:00,2025-03-18 15:35:00+00:00,HTF,buy,2993.5099999999998,3027.870268993452,2962.1442299781725,3040.5586550327407,0.02,stop_loss,WEAK,663,68.72053798690467,62.73154004365461,1.0954702839924277,95.11430235117056,trail,1539.3277972350852,1.5,44.750000000000455,15.059999999999945,34.36026899345234,31.365770021827302,6315.0,2025-03
2025-03-19 07:05:00+00:00,2025-03-20 10:20:00+00:00,HTF,buy,3037.7,3040.1456858761453,3020.0620941590314,3064.1568587614524,0.02,stop_loss,WEAK,315,4.891371752290979,35.27581168193683,0.1386607853674316,73.9316794044315,locked,1544.2191689873762,1.5,19.5600000000004,14.809999999999945,2.4456858761454896,17.637905840968415,1635.0,2025-03
2025-03-20 11:15:00+00:00,2025-03-21 07:40:00+00:00,HTF,buy,3043.64,3024.8486151360057,3025.0486151360055,3071.527077295991,0.02,stop_loss,WEAK,233,-37.58276972798831,37.18276972798867,-1.010757670903105,13.447088628893558,raw,1506.6363992593879,1.5,3.75,22.049999999999727,-18.791384863994153,18.591384863994335,1225.0,2025-03
2025-03-25 16:10:00+00:00,2025-03-27 15:35:00+00:00,HTF,buy,3032.54,3036.874936713231,3002.307088578461,3077.8893671323085,0.02,stop_loss,WEAK,545,8.66987342646189,60.46582284307805,0.1433846926876708,51.533243963067896,locked,1515.3062726858498,1.5,23.36999999999989,20.090000000000146,4.334936713230945,30.23291142153903,2845.0,2025-03
2025-03-28 07:05:00+00:00,2025-03-31 04:00:00+00:00,HTF,buy,3074.21,3076.9915150151924,3054.333233232051,3104.0251501519233,0.02,stop_loss,WEAK,227,5.5630300303846525,39.753533535897986,0.13993800136939172,79.02022924570171,locked,1520.8693027162344,1.5,23.559999999999945,8.0,2.7815150151923262,19.876766767948993,4135.0,2025-03
2025-04-01 06:30:00+00:00,2025-04-01 19:05:00+00:00,HTF,buy,3145.3799999999997,3111.244096700606,3111.4440967006058,3230.219758248484,0.02,stop_loss,STRONG,151,-68.2718065987874,67.87180659878777,-1.0058934632809196,4.314015121637489,raw,1452.597496117447,2.5,3.6600000000003092,36.929999999999836,-34.1359032993937,33.935903299393885,755.0,2025-04
2025-04-07 06:50:00+00:00,2025-04-09 19:10:00+00:00,HTF,sell,3019.0600000000004,3088.2509662300727,3088.050966230073,2846.5825844248193,0.02,stop_loss,STRONG,700,-138.38193246014453,137.9819324601449,-1.0028989302647662,36.41056412549637,raw,1314.2155636573025,2.5,62.80000000000018,71.28999999999951,-69.19096623007226,68.99096623007244,3620.0,2025-04
2025-04-10 06:15:00+00:00,2025-04-17 10:15:00+00:00,HTF,buy,3123.8399999999997,3317.9529791570717,3058.285958314143,3287.7251042146413,0.02,stop_loss,STRONG,1428,388.225958314144,131.1080833717133,2.961113825556115,142.66702341280364,trail,1702.4415219714465,2.5,233.8100000000004,20.409999999999854,194.112979157072,65.55404168585665,10320.0,2025-04
2025-04-21 06:30:00+00:00,2025-04-22 19:20:00+00:00,HTF,buy,3384.3799999999997,3398.9494138764435,3285.9172408237087,3532.074138764436,0.02,stop_loss,WEAK,430,29.138827752887664,196.925518352582,0.14796877518289192,78.26986295263592,locked,1731.5803497243342,1.5,115.60000000000036,14.4699999999998,14.569413876443832,98.462759176291,2210.0,2025-04
2025-04-23 06:55:00+00:00,2025-05-05 15:20:00+00:00,HTF,sell,3338.71,3320.2878289663513,3413.198684134595,3152.488289663512,0.02,stop_loss,STRONG,2308,36.844342067297475,148.97736826919026,0.24731502841909972,73.46082245341505,locked,1768.4246917916316,2.5,136.80000000000018,32.05000000000018,18.422171033648738,74.48868413459513,17785.0,2025-04
2025-05-05 16:20:00+00:00,2025-05-07 01:05:00+00:00,HTF,buy,3317.48,3411.8376853152376,3231.4389510507917,3446.541573423812,0.02,stop_loss,WEAK,369,188.71537063047526,172.08209789841658,1.0966589374211235,93.26556062099837,trail,1957.140062422107,1.5,120.36999999999989,11.829999999999927,94.35768531523763,86.04104894920829,1965.0,2025-05
2025-05-07 10:15:00+00:00,2025-05-08 09:25:00+00:00,HTF,buy,3393.5699999999997,3335.6186396125036,3335.8186396125034,3480.1970405812444,0.02,stop_loss,WEAK,266,-115.9027207749923,115.50272077499267,-1.0034631218841923,24.48427172126273,raw,1841.2373416471146,1.5,21.21000000000049,58.149999999999636,-57.95136038749615,57.751360387496334,1390.0,2025-05
2025-05-12 06:00:00+00:00,2025-05-13 08:10:00+00:00,HTF,sell,3271.52,3260.345870340711,3347.3475310619256,3157.7787034071116,0.02,stop_loss,WEAK,302,22.34825931857813,151.65506212385117,0.14736243555343453,56.0746201340455,locked,1863.5856009656927,1.5,63.7800000000002,13.170000000000073,11.174129659289065,75.82753106192558,1570.0,2025-05
2025-05-15 15:20:00+00:00,2025-05-15 17:10:00+00:00,HTF,sell,3182.8300000000004,3201.0405166244836,3200.840516624484,3155.8142250632754,0.02,stop_loss,WEAK,22,-36.42103324896652,36.02103324896689,-1.0111046231582241,10.105207073994912,raw,1827.1645677167262,1.5,2.730000000000473,23.619999999999436,-18.21051662448326,18.010516624483444,110.0,2025-05
2025-05-16 13:35:00+00:00,2025-05-16 22:05:00+00:00,HTF,sell,3199.86,3192.517466900268,3250.1435539982117,3124.4346690026828,0.02,stop_loss,WEAK,102,14.685066199464018,100.56710799642315,0.14602255640071024,60.33781940130811,locked,1841.8496339161902,1.5,45.51000000000022,1.2399999999997817,7.342533099732009,50.28355399821157,510.0,2025-05
2025-05-21 14:00:00+00:00,2025-05-22 11:25:00+00:00,HTF,buy,3315.45,3319.3252793518614,3288.2814709875906,3356.2027935186134,0.02,stop_loss,WEAK,245,7.750558703723073,54.33705802481836,0.14263854145697433,73.27105069830804,locked,1849.6001926199133,1.5,29.860000000000127,24.5,3.8752793518615363,27.16852901240918,1285.0,2025-05
2025-05-23 16:05:00+00:00,2025-05-27 10:50:00+00:00,HTF,buy,3354.6,3300.1397878108037,3300.3397878108035,3435.9903182837943,0.02,stop_loss,WEAK,441,-108.92042437839247,108.52042437839282,-1.0036859420914621,13.846855790271494,raw,1740.6797682415208,1.5,11.269999999999982,61.11999999999989,-54.46021218919623,54.26021218919641,5445.0,2025-05
2025-05-29 16:25:00+00:00,2025-06-05 15:45:00+00:00,HTF,buy,3319.1899999999996,3381.5119883982943,3249.86329466098,3423.180058008529,0.02,stop_loss,WEAK,1372,124.64397679658941,138.6534106780391,0.8989607697860359,80.91158098315411,trail,1865.3237450381102,1.5,84.14000000000033,47.369999999999436,62.32198839829471,69.32670533901955,10040.0,2025-05
2025-06-13 09:30:00+00:00,2025-06-19 08:50:00+00:00,HTF,buy,3425.97,3362.275268236954,3362.475268236954,3521.2120976445685,0.02,stop_loss,WEAK,1096,-127.38946352609129,126.98946352609164,-1.0031498676259663,26.52188541065873,raw,1737.934281512019,1.5,25.26000000000022,65.77999999999975,-63.69473176304564,63.49473176304582,8600.0,2025-06
2025-06-27 06:45:00+00:00,2025-06-30 08:15:00+00:00,HTF,sell,3296.88,3288.353663209152,3355.055578605653,3209.616632091521,0.02,stop_loss,WEAK,294,17.05267358169658,116.35115721130569,0.14656213131363333,55.46428147348313,locked,1754.9869550937156,1.5,48.40000000000009,4.039999999999964,8.52633679084829,58.175578605652845,4410.0,2025-06
2025-07-01 06:10:00+00:00,2025-07-01 16:05:00+00:00,HTF,buy,3317.5,3349.1111574496845,3291.403858165614,3356.644212751579,0.02,stop_loss,WEAK,119,63.22231489936894,52.19228366877178,1.2113345202635148,103.25919761502875,trail,1818.2092699930845,1.5,40.42000000000007,0.5599999999999454,31.61115744968447,26.09614183438589,595.0,2025-07
2025-07-14 12:50:00+00:00,2025-07-14 15:50:00+00:00,HTF,buy,3367.33,3349.373786751324,3349.573786751324,3393.9643198730137,0.02,stop_loss,WEAK,36,-35.91242649735159,35.51242649735195,-1.0112636628766964,27.40824633332065,raw,1782.296843495733,1.5,7.300000000000182,17.960000000000036,-17.956213248675795,17.756213248675977,180.0,2025-07
2025-07-15 06:05:00+00:00,2025-07-15 16:35:00+00:00,HTF,buy,3354.0499999999997,3334.74392943002,3334.94392943002,3382.7091058549695,0.02,stop_loss,WEAK,126,-38.61214113995902,38.212141139959385,-1.0104678771737643,44.24422752115086,raw,1743.6847023557739,1.5,12.680000000000291,19.549999999999727,-19.30607056997951,19.106070569979693,630.0,2025-07
2025-07-22 11:40:00+00:00,2025-07-22 16:55:00+00:00,HTF,buy,3388.39,3413.384292774145,3367.4043092471484,3419.8685361292773,0.02,stop_loss,WEAK,63,49.98858554828985,41.97138150570299,1.1910159674276504,100.89414536167381,trail,1793.6732879040637,1.5,31.76000000000022,3.7399999999997817,24.994292774144924,20.985690752851497,315.0,2025-07
2025-07-23 06:10:00+00:00,2025-07-23 19:20:00+00:00,HTF,buy,3424.85,3381.9303938292296,3382.1303938292294,3488.929409256156,0.02,stop_loss,WEAK,158,-85.83921234154059,85.43921234154095,-1.004681691099874,14.029467662635467,raw,1707.8340755625231,1.5,8.990000000000236,43.32999999999993,-42.919606170770294,42.719606170770476,790.0,2025-07
2025-07-24 15:05:00+00:00,2025-07-28 18:30:00+00:00,HTF,sell,3363.23,3315.7294575762735,3408.694858587579,3295.032712118632,0.02,stop_loss,WEAK,589,95.00108484745306,90.92971717515775,1.0447748854695396,90.07689588310284,trail,1802.8351604099762,1.5,61.429999999999836,14.159999999999854,47.50054242372653,45.464858587578874,5965.0,2025-07
2025-07-29 06:25:00+00:00,2025-07-29 18:05:00+00:00,HTF,sell,3315.01,3333.274569422536,3333.074569422536,3269.8485764436605,0.02,stop_loss,STRONG,140,-36.52913884507143,36.12913884507179,-1.0110713959088509,13.396389049722249,raw,1766.3060215649048,2.5,6.050000000000182,19.129999999999654,-18.264569422535715,18.064569422535897,700.0,2025-07
2025-07-30 09:20:00+00:00,2025-07-30 17:00:00+00:00,HTF,sell,3323.69,3304.370960827049,3342.6265360901652,3295.2851958647525,0.02,stop_loss,WEAK,92,38.638078345901704,37.87307218033038,1.0201992107196582,88.71738696036125,trail,1804.9440999108065,1.5,25.200000000000273,10.360000000000127,19.319039172950852,18.93653609016519,460.0,2025-07
2025-07-31 14:40:00+00:00,2025-08-01 04:50:00+00:00,HTF,buy,3305.5,3284.7593501664614,3284.9593501664613,3356.851624583847,0.02,stop_loss,STRONG,156,-41.48129966707711,41.081299667077474,-1.0097367902973187,10.827310810627981,raw,1763.4628002437294,2.5,5.559999999999945,23.579999999999927,-20.740649833538555,20.540649833538737,850.0,2025-07
2025-08-01 16:15:00+00:00,2025-09-02 11:05:00+00:00,HTF,buy,3353.27,3470.7819787298927,3277.853957459785,3541.810106350538,0.02,stop_loss,STRONG,5937,235.02395745978538,150.83208508043026,1.5581827787798619,82.43338937713331,trail,1998.4867577035147,2.5,155.42000000000007,41.7199999999998,117.51197872989269,75.41604254021513,45770.0,2025-08
2025-09-03 13:55:00+00:00,2025-09-04 04:35:00+00:00,HTF,buy,3540.16,3545.0059512074668,3519.976195170132,3590.6195120746693,0.02,stop_loss,STRONG,162,9.691902414933793,40.367609659735535,0.24009106550098583,75.90243826243162,locked,2008.1786601184485,2.5,38.30000000000018,0.23999999999978172,4.8459512074668964,20.183804829867768,880.0,2025-09
2025-09-04 15:10:00+00:00,2025-09-09 17:05:00+00:00,HTF,buy,3548.06,3644.383833489573,3500.767666979146,3666.2908325521353,0.02,stop_loss,STRONG,845,192.64766697914638,94.58466604170826,2.036774828746512,106.62193378737501,trail,2200.826327097595,2.5,126.05999999999995,12.989999999999782,96.32383348957319,47.29233302085413,7315.0,2025-09
2025-09-10 12:05:00+00:00,2025-09-11 06:45:00+00:00,HTF,buy,3646.1699999999996,3630.3238416179274,3630.5238416179272,3685.2853959551803,0.02,stop_loss,STRONG,212,-31.69231676414438,31.292316764144744,-1.0127826904928292,29.144534323678894,raw,2169.1340103334505,2.5,11.400000000000546,16.30999999999949,-15.84615838207219,15.646158382072372,1120.0,2025-09
2025-09-12 07:00:00+00:00,2025-09-16 15:30:00+00:00,HTF,buy,3653.5299999999997,3688.3085155796734,3619.2583852655766,3704.937422101634,0.02,stop_loss,WEAK,654,69.55703115934739,68.54322946884622,1.014790690464358,89.38398021428767,trail,2238.691041492798,1.5,45.95000000000027,26.83999999999969,34.778515579673694,34.27161473442311,6270.0,2025-09
2025-09-16 16:55:00+00:00,2025-09-17 09:30:00+00:00,HTF,buy,3695.8999999999996,3673.7900872711243,3673.990087271124,3728.764869093313,0.02,stop_loss,WEAK,187,-44.21982545775063,43.819825457750994,-1.0091282882992152,21.786181407480782,raw,2194.4712160350473,1.5,7.160000000000309,21.909999999999854,-22.109912728875315,21.909912728875497,995.0,2025-09
2025-09-17 13:35:00+00:00,2025-09-17 21:05:00+00:00,HTF,sell,3665.3500000000004,3701.1435655545497,3700.94356555455,3611.959651668176,0.02,stop_loss,WEAK,90,-71.58713110909866,71.18713110909903,-1.005618993120914,26.01593814985636,raw,2122.8840849259486,1.5,13.890000000000327,42.06999999999971,-35.79356555454933,35.593565554549514,450.0,2025-09
2025-09-18 13:15:00+00:00,2025-09-18 16:50:00+00:00,HTF,sell,3665.6200000000003,3636.724296681812,3694.7676556060414,3621.898516590939,0.02,stop_loss,WEAK,43,57.79140663637645,58.295311212082204,0.9913560016195382,86.54784112873372,trail,2180.675491562325,1.5,37.840000000000146,6.799999999999727,28.895703318188225,29.1476556060411,215.0,2025-09
2025-09-22 06:30:00+00:00,2025-09-22 09:55:00+00:00,HTF,buy,3691.71,3714.221690757541,3674.115635858471,3718.101546212294,0.02,stop_loss,WEAK,41,45.02338151508229,35.18872828305848,1.279483053576525,106.35981603428826,trail,2225.6988730774074,1.5,28.070000000000164,1.6100000000001273,22.511690757541146,17.59436414152924,205.0,2025-09
2025-09-22 10:35:00+00:00,2025-09-23 12:40:00+00:00,HTF,buy,3714.52,3778.8698872846244,3674.1529576154153,3775.0705635768772,0.02,stop_loss,WEAK,296,128.6997745692488,80.73408476916939,1.5941194470367797,126.60493226073683,trail,2354.398647646656,1.5,76.65999999999985,2.4899999999997817,64.3498872846244,40.36704238458469,1565.0,2025-09
2025-09-23 16:35:00+00:00,2025-09-23 21:55:00+00:00,HTF,buy,3787.06,3764.8512077432297,3765.0512077432295,3842.081980641926,0.02,stop_loss,STRONG,64,-44.41758451354053,44.017584513540896,-1.0090872773783528,3.253245301453237,raw,2309.9810631331156,2.5,1.7899999999999636,30.789999999999964,-22.208792256770266,22.008792256770448,320.0,2025-09
2025-09-24 14:20:00+00:00,2025-09-24 18:30:00+00:00,HTF,buy,3764.9199999999996,3748.894210104632,3749.0942101046317,3804.4844747384195,0.02,stop_loss,STRONG,50,-32.05157979073556,31.651579790735923,-1.0126375998494934,20.548737355296566,raw,2277.92948334238,2.5,8.130000000000564,19.019999999999527,-16.02578989536778,15.825789895367961,250.0,2025-09
2025-09-30 07:35:00+00:00,2025-09-30 11:20:00+00:00,HTF,buy,3865.0899999999997,3828.5994710668806,3828.7994710668804,3919.5257933996786,0.02,stop_loss,WEAK,45,-72.98105786623819,72.58105786623855,-1.0055110797742408,12.069264705598865,raw,2204.948425476142,1.5,6.570000000000164,44.34999999999991,-36.490528933119094,36.290528933119276,225.0,2025-09
2025-10-01 08:25:00+00:00,2025-10-01 15:40:00+00:00,HTF,buy,3866.0099999999998,3871.6208652794594,3842.766538882162,3924.1186527945943,0.02,stop_loss,STRONG,87,11.221730558919262,46.48692223567559,0.24139542949365955,50.474410590239636,locked,2216.170156035061,2.5,29.330000000000382,12.659999999999854,5.610865279459631,23.243461117837796,435.0,2025-10
2025-10-02 09:10:00+00:00,2025-10-02 17:35:00+00:00,HTF,buy,3872.02,3850.7144188349384,3850.9144188349383,3924.783952912654,0.02,stop_loss,STRONG,101,-42.61116233012308,42.21116233012344,-1.0094761664431633,47.001785558133456,raw,2173.558993704938,2.5,24.800000000000182,28.139999999999873,-21.30558116506154,21.10558116506172,505.0,2025-10
2025-10-03 16:15:00+00:00,2025-10-06 08:30:00+00:00,HTF,buy,3879.85,3932.95634647647,3841.0044882549,3938.1182676176495,0.02,stop_loss,WEAK,183,106.21269295294043,77.69102349019977,1.3671166652391764,112.22231700637188,trail,2279.7716866578785,1.5,65.38999999999987,13.4699999999998,53.10634647647021,38.845511745099884,3855.0,2025-10
2025-10-06 17:35:00+00:00,2025-10-08 13:30:00+00:00,HTF,buy,3955.06,4035.9526658653494,3910.3688862178305,4022.0966706732543,0.02,stop_loss,WEAK,503,161.785331730699,89.38222756433879,1.810039155874061,141.04220727316473,trail,2441.5570183885775,1.5,94.55000000000018,14.099999999999909,80.8926658653495,44.691113782169396,2635.0,2025-10
2025-10-09 10:50:00+00:00,2025-10-09 17:30:00+00:00,HTF,buy,4030.5099999999998,4005.4301132282417,4005.6301132282415,4092.7097169293957,0.02,stop_loss,STRONG,80,-50.159773543516174,49.75977354351653,-1.0080386217925577,44.083801910425166,raw,2391.3972448450613,2.5,27.420000000000073,26.4399999999996,-25.079886771758083,24.879886771758265,400.0,2025-10
2025-10-13 06:45:00+00:00,2025-10-14 08:35:00+00:00,HTF,buy,4051.5099999999998,4158.909523151024,3991.3084105034127,4141.81238424488,0.02,stop_loss,WEAK,298,214.79904630204786,120.40317899317417,1.7839981310977273,141.84564568378184,trail,2606.196291147109,1.5,128.0900000000006,3.119999999999891,107.39952315102391,60.201589496587076,1550.0,2025-10
2025-10-14 10:55:00+00:00,2025-10-17 01:35:00+00:00,HTF,buy,4126.5,4347.910989245728,4064.361978491456,4281.845053771361,0.02,stop_loss,STRONG,716,442.8219784914563,124.27604301708834,3.5632127298305347,162.65725484372277,trail,3049.0182696385655,2.5,252.6800000000003,28.779999999999745,221.41098924572816,62.13802150854417,3760.0,2025-10
2025-10-17 06:15:00+00:00,2025-10-17 17:00:00+00:00,HTF,buy,4360.84,4246.778538269267,4246.978538269267,4645.493654326832,0.02,stop_loss,STRONG,129,-228.1229234614657,227.72292346146608,-1.0017565205729817,6.207543704923537,raw,2820.8953461771,2.5,17.670000000000073,123.8100000000004,-114.06146173073284,113.86146173073303,645.0,2025-10
2025-10-20 11:10:00+00:00,2025-10-21 11:00:00+00:00,HTF,buy,4260.94,4277.706569010668,4193.0737239573255,4430.605690106685,0.02,stop_loss,STRONG,274,33.533138021337436,135.7325520853483,0.24705302822459185,71.07506527935816,locked,2854.428484198437,2.5,120.59000000000015,15.259999999999309,16.766569010668718,67.86627604267414,1430.0,2025-10
2025-10-21 13:20:00+00:00,2025-10-21 17:50:00+00:00,HTF,sell,4260.58,4116.7444987808785,4380.194995936262,4081.157506095607,0.02,stop_loss,WEAK,54,287.6710024382428,239.2299918725239,1.2024871973056421,100.27728189748173,trail,3142.09948663668,1.5,179.92000000000007,11.789999999999964,143.8355012191214,119.61499593626195,270.0,2025-10
2025-10-22 11:00:00+00:00,2025-10-28 12:50:00+00:00,HTF,sell,4117.2,3929.539022446789,4202.638044893579,3903.6048877660523,0.02,stop_loss,STRONG,1115,375.3219551064212,170.87608978715798,2.1964568335682277,107.95190844416382,trail,3517.4214417431012,2.5,230.57999999999993,37.460000000000036,187.6609775532106,85.43804489357899,8750.0,2025-10
2025-10-29 07:00:00+00:00,2025-10-29 10:00:00+00:00,HTF,sell,3962.27,4001.8599999999997,4001.6186851726093,3903.246972241086,0.02,stop_gap,WEAK,36,-79.17999999999938,78.69737034521859,-1.006132729119965,18.84010431559146,raw,3438.241441743102,1.5,11.11999999999989,45.190000000000055,-39.58999999999969,39.348685172609294,180.0,2025-10
2025-10-30 07:30:00+00:00,2025-10-30 19:45:00+00:00,HTF,sell,3954.84,4017.1025529840117,4016.902552984012,3861.7461705239825,0.02,stop_loss,WEAK,147,-124.52510596802313,124.12510596802349,-1.0032225551541738,0.08593480411130412,raw,3313.7163357750787,1.5,0.07999999999992724,62.98000000000002,-62.26255298401156,62.062552984011745,735.0,2025-10
2025-11-11 10:45:00+00:00,2025-11-11 17:20:00+00:00,HTF,buy,4135.24,4106.459885616048,4106.659885616048,4178.110171575927,0.02,stop_loss,WEAK,79,-57.560228767903034,57.16022876790339,-1.0069978726226556,26.568589724040574,raw,3256.1561070071757,1.5,11.390000000000327,29.590000000000146,-28.780114383951513,28.580114383951695,395.0,2025-11
2025-11-12 11:05:00+00:00,2025-11-12 20:00:00+00:00,HTF,buy,4130.34,4194.872857183622,4094.5828572787386,4183.975714081893,0.02,stop_loss,WEAK,107,129.06571436724334,71.51428544252303,1.8047543028445017,141.8644298905455,trail,3385.221821374419,1.5,76.09000000000015,12.199999999999818,64.53285718362167,35.757142721261516,535.0,2025-11
2025-11-13 08:55:00+00:00,2025-11-13 16:05:00+00:00,HTF,buy,4210.51,4215.76768476221,4174.1254349186065,4265.086847622091,0.02,stop_loss,WEAK,86,10.51536952441893,72.7691301627874,0.14450316364776705,63.90988398875894,locked,3395.737190898838,1.5,34.88000000000011,2.050000000000182,5.257684762209465,36.3845650813937,430.0,2025-11
2025-11-17 06:20:00+00:00,2025-11-17 22:05:00+00:00,HTF,sell,4083.2400000000002,4021.6781021150587,4131.5336737168645,4010.799489424704,0.02,stop_loss,WEAK,189,123.12379576988315,96.58734743372861,1.27474041933248,105.25878323392621,trail,3518.860986668721,1.5,76.25000000000045,12.519999999999982,61.56189788494157,48.293673716864305,945.0,2025-11
2025-11-18 06:10:00+00:00,2025-11-19 07:15:00+00:00,HTF,sell,4010.8700000000003,4084.568096952317,4084.368096952317,3827.1247576192086,0.02,stop_loss,STRONG,289,-147.39619390463304,146.9961939046334,-1.0027211588910876,6.808339545507591,raw,3371.464792764088,2.5,12.510000000000218,78.24999999999955,-73.69809695231652,73.4980969523167,1505.0,2025-11
2025-11-19 17:15:00+00:00,2025-11-19 18:25:00+00:00,HTF,buy,4129.55,4072.4335396048673,4072.633539604867,4271.841150987833,0.02,stop_loss,STRONG,14,-114.2329207902658,113.83292079026614,-1.0035139219588034,0.3373365080451185,raw,3257.2318719738223,2.5,0.47999999999956344,58.05000000000018,-57.11646039513289,56.91646039513307,70.0,2025-11
2025-11-20 13:00:00+00:00,2025-11-24 22:30:00+00:00,HTF,sell,4054.9900000000002,4127.394635750059,4127.194635750059,3946.683046374912,0.02,stop_loss,WEAK,666,-144.80927150011757,144.40927150011794,-1.0027699052550052,29.896510719049164,raw,3112.4226004737047,1.5,32.38000000000011,76.11000000000013,-72.40463575005879,72.20463575005897,6330.0,2025-11
2025-11-26 14:05:00+00:00,2025-12-01 01:05:00+00:00,HTF,buy,4169.179999999999,4218.134172906931,4126.960576356434,4232.509135465347,0.02,stop_loss,WEAK,643,97.90834581386298,84.43884728713056,1.1595177925739557,97.61699657786642,trail,3210.3309462875677,1.5,61.82000000000062,32.47999999999956,48.95417290693149,42.21942364356528,6420.0,2025-11
2025-12-12 12:40:00+00:00,2025-12-23 08:10:00+00:00,HTF,buy,4328.22,4472.546991432328,4244.743304774425,4453.435042838362,0.02,stop_loss,WEAK,1827,288.6539828646546,166.95339045114997,1.7289495115052116,135.42302598490085,trail,3498.9849291522223,1.5,169.5699999999997,70.78000000000065,144.3269914323273,83.47669522557499,15570.0,2025-12
2025-12-23 08:55:00+00:00,2025-12-23 16:55:00+00:00,HTF,buy,4481.67,4444.114184150159,4444.314184150159,4575.059539624603,0.02,stop_loss,STRONG,96,-75.11163169968131,74.71163169968167,-1.005353918672363,16.82201246857993,raw,3423.873297452541,2.5,15.710000000000036,40.10999999999967,-37.555815849840656,37.35581584984084,480.0,2025-12
2025-12-26 06:35:00+00:00,2025-12-29 09:00:00+00:00,HTF,buy,4507.099999999999,4463.591231130006,4463.791231130006,4615.371922174983,0.02,stop_loss,STRONG,294,-87.01753773998644,86.6175377399868,-1.0046180024327218,39.548572833866345,raw,3336.8557597125546,2.5,42.82000000000062,61.69999999999982,-43.50876886999322,43.3087688699934,4465.0,2025-12
2025-12-29 16:40:00+00:00,2026-01-12 01:05:00+00:00,HTF,sell,4373.37,4527.055679355855,4526.8556793558555,3989.655801610361,0.02,stop_loss,STRONG,2287,-307.37135871171085,306.9713587117112,-1.0013030531632603,25.769179356661002,raw,3029.4844010008437,2.5,98.88000000000011,155.8199999999997,-153.68567935585543,153.4856793558556,19225.0,2025-12
2026-01-12 09:55:00+00:00,2026-01-15 03:20:00+00:00,HTF,buy,4588.0199999999995,4597.907027595164,4520.77314936557,4688.890275951644,0.02,stop_loss,WEAK,749,19.77405519032982,134.49370126885879,0.14702588302481628,54.416426922747426,locked,3049.2584561911735,1.5,54.89000000000033,18.4399999999996,9.88702759516491,67.24685063442939,3925.0,2026-01
2026-01-19 07:10:00+00:00,2026-01-21 08:45:00+00:00,HTF,buy,4669.74,4858.167158695901,4569.530528986336,4820.054206520495,0.02,stop_loss,WEAK,541,376.8543173918024,200.41894202732692,1.8803328347098982,145.48857693645988,trail,3426.112773582976,1.5,218.6900000000005,10.239999999999782,188.4271586959012,100.20947101366346,2975.0,2026-01
2026-01-22 12:40:00+00:00,2026-01-23 01:30:00+00:00,HTF,buy,4828.38,4932.610895526436,4774.2217910528725,4963.77552236782,0.02,stop_loss,STRONG,142,208.4617910528723,108.31641789425521,1.924563192778262,97.13024308347235,trail,3634.574564635848,2.5,131.51000000000022,17.68000000000029,104.23089552643614,54.158208947127605,770.0,2026-01
2026-01-23 07:45:00+00:00,2026-01-23 10:25:00+00:00,HTF,buy,4966.849999999999,4914.1815776520025,4914.381577652002,5098.021055869993,0.02,stop_loss,STRONG,32,-105.33684469599393,104.9368446959943,-1.0038118165374463,0.34306348837104206,raw,3529.2377199398543,2.5,0.4500000000007276,65.48999999999978,-52.668422347996966,52.46842234799715,160.0,2026-01
2026-01-23 16:10:00+00:00,2026-01-26 15:00:00+00:00,HTF,buy,4944.679999999999,5069.060695624663,4863.061391249325,5148.726521876684,0.02,stop_loss,STRONG,262,248.7613912493271,163.2372175013479,1.5239257018533348,81.52552588009006,trail,3777.9991111891813,2.5,166.35000000000036,11.849999999999454,124.38069562466353,81.61860875067396,4250.0,2026-01
2026-01-26 16:25:00+00:00,2026-01-26 21:20:00+00:00,HTF,buy,5078.57,5027.93871933423,5028.13871933423,5204.648201664424,0.02,stop_loss,STRONG,59,-101.26256133153947,100.86256133153984,-1.0039657926064838,21.002837643957584,raw,3676.736549857642,2.5,26.480000000000473,58.29999999999927,-50.63128066576974,50.43128066576992,295.0,2026-01
2026-01-27 12:00:00+00:00,2026-01-28 03:10:00+00:00,HTF,buy,5094.33,5176.941270521782,5043.4925410435635,5221.423647391091,0.02,stop_loss,STRONG,170,165.22254104356398,101.67491791287284,1.6250078626583824,85.15767878386245,trail,3841.959090901206,2.5,108.23000000000047,47.68000000000029,82.61127052178199,50.83745895643642,910.0,2026-01
2026-01-28 06:55:00+00:00,2026-01-29 17:15:00+00:00,HTF,buy,5245.7699999999995,5289.620491332463,5069.568034670149,5686.274913324625,0.02,stop_loss,STRONG,400,87.70098266492641,352.40393065970056,0.24886493888064776,79.96732598085818,locked,3929.6600735661323,2.5,352.2600000000002,10.539999999999964,43.85049133246321,176.20196532985028,2060.0,2026-01
2026-01-30 14:40:00+00:00,2026-02-02 09:00:00+00:00,HTF,sell,5113.76,4537.413842622985,5383.90768524597,4438.390786885075,0.02,stop_loss,STRONG,208,1152.692314754031,540.29537049194,2.133448438961271,105.36755099005464,trail,5082.352388320163,2.5,711.6199999999999,2.300000000000182,576.3461573770155,270.14768524597,3980.0,2026-01
2026-02-02 16:05:00+00:00,2026-02-03 09:35:00+00:00,HTF,sell,4714.67,4926.289608412193,4926.089608412193,4186.120978969517,0.02,stop_loss,STRONG,198,-423.23921682438595,422.83921682438626,-1.000945986048796,22.41419344018947,raw,4659.113171495777,2.5,118.47000000000025,216.8199999999997,-211.61960841219297,211.41960841219316,1050.0,2026-02
2026-02-03 17:55:00+00:00,2026-03-03 17:15:00+00:00,HTF,buy,4935.59,5014.005601333261,4621.127594666956,5721.746013332611,0.02,stop_loss,STRONG,5429,156.83120266652259,628.9248106660889,0.24936399392548053,61.52341161262178,locked,4815.9443741623,2.5,483.6700000000001,280.3199999999997,78.41560133326129,314.46240533304444,40280.0,2026-02
2026-03-04 09:00:00+00:00,2026-03-09 03:00:00+00:00,HTF,buy,5167.37,5021.196657244494,5021.396657244494,5386.330014133258,0.02,stop_loss,WEAK,756,-292.34668551101095,291.9466855110113,-1.001370113174258,17.706429255345736,raw,4523.597688651289,1.5,38.77000000000044,152.65999999999985,-146.17334275550547,145.97334275550566,6840.0,2026-03
2026-03-09 06:55:00+00:00,2026-03-10 15:00:00+00:00,HTF,sell,5090.09,5200.81973001645,5200.61973001645,4924.295404975324,0.02,stop_loss,WEAK,362,-221.45946003290013,221.05946003290046,-1.0018094679139276,17.521680966545723,raw,4302.138228618389,1.5,29.050000000000182,110.60999999999967,-110.72973001645005,110.52973001645023,1925.0,2026-03
2026-03-10 17:10:00+00:00,2026-03-12 19:40:00+00:00,HTF,buy,5223.72,5108.530320045662,5108.730320045662,5396.204519931508,0.02,stop_loss,WEAK,571,-230.3793599086766,229.97935990867703,-1.001739286517531,8.597873018337417,raw,4071.7588687097123,1.5,14.829999999999927,118.5600000000004,-115.18967995433832,114.9896799543385,3030.0,2026-03
2026-03-13 12:05:00+00:00,2026-03-13 17:00:00+00:00,HTF,sell,5088.78,5047.040029431493,5125.013431438311,5034.4298528425325,0.02,stop_loss,WEAK,59,83.47994113701316,72.46686287662305,1.151973989534226,97.16625025318594,trail,4155.238809846725,1.5,52.80999999999949,33.0600000000004,41.73997056850658,36.23343143831153,295.0,2026-03
2026-03-16 07:35:00+00:00,2026-03-18 14:50:00+00:00,HTF,sell,5011.900000000001,4891.616851738805,5072.6228391293525,4920.815741305973,0.02,stop_loss,WEAK,639,240.566296522391,121.445678258704,1.9808551442228834,154.98836135256036,trail,4395.805106369116,1.5,141.17000000000098,32.6299999999992,120.28314826119549,60.722839129351996,3315.0,2026-03
2026-03-19 06:50:00+00:00,2026-03-19 08:55:00+00:00,HTF,sell,4849.33,4768.553583663725,4918.175278879083,4746.062081681375,0.02,stop_loss,WEAK,25,161.55283267255072,137.6905577581656,1.1733036404449455,98.41391368656151,trail,4557.357939041667,1.5,101.63000000000011,4.480000000000473,80.77641633627536,68.8452788790828,125.0,2026-03
2026-03-19 09:25:00+00:00,2026-03-19 14:50:00+00:00,HTF,sell,4770.6,4574.989271213266,4915.7309040442215,4552.903643933669,0.02,stop_loss,WEAK,65,391.2214575734688,290.2618080884422,1.3478227127086055,109.9467185969208,trail,4948.579396615136,1.5,239.35000000000036,1.0499999999992724,195.6107287867344,145.1309040442211,325.0,2026-03
2026-03-20 09:30:00+00:00,2026-03-20 16:15:00+00:00,HTF,buy,4687.08,4582.273988734495,4582.473988734495,4948.595028163762,0.02,stop_loss,STRONG,81,-209.61202253100964,209.21202253100998,-1.0019119360119009,18.274284401764298,raw,4738.967374084126,2.5,47.789999999999964,124.13000000000011,-104.80601126550482,104.606011265505,405.0,2026-03
2026-03-20 17:25:00+00:00,2026-03-23 09:35:00+00:00,HTF,sell,4562.6900000000005,4185.883744765031,4736.997489530065,4126.92127617484,0.02,stop_loss,STRONG,182,753.6125104699386,348.61497906012846,2.161733017042727,106.51521658682228,trail,5492.579884554065,2.5,464.16000000000076,50.88999999999942,376.8062552349693,174.30748953006423,3850.0,2026-03
2026-03-24 07:05:00+00:00,2026-03-25 01:15:00+00:00,HTF,sell,4325.820000000001,4492.962066943208,4492.762066943208,3908.464832641982,0.02,stop_loss,STRONG,206,-334.28413388641457,333.88413388641493,-1.0011980203891202,1.0614460647614592,raw,5158.29575066765,2.5,4.430000000000291,173.77999999999975,-167.14206694320728,166.94206694320746,1090.0,2026-03
2026-03-25 09:10:00+00:00,2026-03-26 07:55:00+00:00,HTF,buy,4556.97,4442.4331637147,4442.6331637147,4842.8120907132525,0.02,stop_loss,STRONG,261,-229.07367257060108,228.67367257060144,-1.0017492175443858,10.037010269694852,raw,4929.222078097049,2.5,28.6899999999996,118.0,-114.53683628530052,114.3368362853007,1365.0,2026-03
2026-03-27 08:10:00+00:00,2026-04-02 01:20:00+00:00,HTF,buy,4471.65,4748.821814853152,4339.893825018804,4801.040437452989,0.02,stop_loss,STRONG,1044,554.3436297063054,263.51234996239145,2.10367229386183,107.54711189644325,trail,5483.565707803355,2.5,354.24990234375036,67.55999999999949,277.1718148531527,131.75617498119573,8230.0,2026-03
2026-04-02 08:30:00+00:00,2026-04-02 13:45:00+00:00,HTF,sell,4663.8,4653.036772604168,4736.88818263888,4554.167726041681,0.02,stop_loss,WEAK,63,21.526454791664946,146.17636527775903,0.14726357951753113,53.177771376123296,locked,5505.0921625950195,1.5,58.30000000000018,5.699999999999818,10.763227395832473,73.08818263887952,315.0,2026-04
2026-04-06 08:50:00+00:00,2026-04-08 00:30:00+00:00,HTF,buy,4720.80009765625,4846.263482307868,4606.012030869976,4892.98219783566,0.02,stop_loss,WEAK,451,250.92676930323617,229.57613357254743,1.0930002409154687,97.10643683026923,trail,5756.018931898256,1.5,167.19990234375018,88.90019531249982,125.46338465161807,114.7880667862737,2380.0,2026-04
2026-04-23 07:00:00+00:00,2026-04-24 11:05:00+00:00,HTF,sell,4729.3,4719.3413614966275,4797.0242566891475,4627.713614966279,0.02,stop_loss,WEAK,325,19.91727700674528,135.4485133782946,0.1470468483557162,56.20812736721192,locked,5775.936208905001,1.5,57.09980468750018,32.40019531249982,9.95863850337264,67.7242566891473,1685.0,2026-04
2026-04-24 17:45:00+00:00,2026-04-28 05:05:00+00:00,HTF,buy,4739.4001953125,4672.395859911432,4672.595859911432,4839.606698414102,0.02,stop_loss,WEAK,398,-134.00867080213538,133.60867080213575,-1.0029938176736448,6.386421217105504,raw,5641.927538102866,1.5,6.399609375000182,78.40019531249982,-67.00433540106769,66.80433540106787,5000.0,2026-04
2026-04-28 06:25:00+00:00,2026-04-28 12:10:00+00:00,HTF,sell,4644.8,4586.914447577297,4707.181491924325,4551.227762113513,0.02,stop_loss,WEAK,69,115.77110484540572,124.76298384865004,0.9279283107387655,82.50299884609083,trail,5757.698642948271,1.5,77.19990234375018,8.499804687499818,57.88555242270286,62.38149192432502,345.0,2026-04
2026-04-29 06:55:00+00:00,2026-04-29 13:55:00+00:00,HTF,sell,4597.90009765625,4539.866709038602,4645.789778826589,4526.065575900742,0.02,stop_loss,WEAK,84,116.0667772352972,95.77936234067784,1.2118140526187573,105.38095123873485,trail,5873.7654201835685,1.5,75.69990234375018,5.300097656249818,58.0333886176486,47.88968117033892,420.0,2026-04
2026-04-29 17:35:00+00:00,2026-04-30 08:00:00+00:00,HTF,sell,4559.0001953125,4622.5435890945555,4622.343589094556,4463.985104639417,0.02,stop_loss,WEAK,161,-127.08678756411065,126.686787564111,-1.003157393187488,28.416744246868404,raw,5746.678632619458,1.5,27.000195312500182,80.19999999999982,-63.54339378205532,63.3433937820555,865.0,2026-04
2026-05-01 11:15:00+00:00,2026-05-01 14:10:00+00:00,HTF,sell,4582.3,4665.604248639609,4665.404248639609,4457.643627040587,0.02,stop_loss,WEAK,35,-166.60849727921777,166.20849727921814,-1.0024066158261913,0.8023619561158191,raw,5580.07013534024,1.5,1.000195312500182,90.69999999999982,-83.30424863960889,83.10424863960907,175.0,2026-05
2026-05-04 14:10:00+00:00,2026-05-06 05:55:00+00:00,HTF,sell,4570.8,4671.686053317391,4671.486053317391,4419.770920023913,0.02,stop_loss,WEAK,453,-201.77210663478218,201.37210663478254,-1.0019863724260734,40.190870760360234,raw,5378.298028705458,1.5,60.69990234375018,103.99980468749982,-100.88605331739109,100.68605331739127,2385.0,2026-05
2026-05-06 13:55:00+00:00,2026-05-07 15:30:00+00:00,HTF,buy,4713.7,4694.0998046875,4643.3564440175405,4819.215333973689,0.02,stop_gap,WEAK,294,-39.20039062499927,140.68711196491859,-0.2786352642932509,58.28555243718011,locked,5339.097638080459,1.5,61.50019531250018,23.900195312499818,-19.600195312499636,70.34355598245929,1535.0,2026-05
2026-05-12 07:40:00+00:00,2026-05-12 15:20:00+00:00,HTF,buy,4708.30009765625,4659.751206883237,4659.951206883236,4780.82343381577,0.02,stop_loss,WEAK,92,-97.09778154602645,96.69778154602682,-1.0041365995538298,15.856560991562466,raw,5241.999856534432,1.5,11.499707031250182,62.59990234374982,-48.54889077301323,48.34889077301341,460.0,2026-05
2026-05-15 09:00:00+00:00,2026-05-18 03:40:00+00:00,HTF,sell,4561.69990234375,4550.648159174797,4636.711523470101,4449.182470654223,0.02,stop_loss,WEAK,210,22.10348633790636,150.0232422527024,0.14733374646492955,69.50025535556973,locked,5264.1033428723385,1.5,78.19990234375018,15.300097656249818,11.05174316895318,75.0116211263512,4000.0,2026-05
2026-05-18 06:20:00+00:00,2026-05-19 13:30:00+00:00,HTF,sell,4546.69990234375,4473.018847135336,4595.820605816027,4473.018847135336,0.02,take_profit,WEAK,362,147.36211041682873,98.24140694455309,1.4999999999999907,108.0329325663755,locked,5411.465453289167,1.5,79.59980468750018,46.50029296874982,73.68105520841436,49.120703472276546,1870.0,2026-05
2026-05-21 12:55:00+00:00,2026-05-21 17:15:00+00:00,HTF,sell,4504.8,4542.08116121723,4541.88116121723,4412.097096956924,0.02,stop_loss,STRONG,52,-74.56232243445993,74.1623224344603,-1.0053935743497397,17.799006040655613,raw,5336.903130854707,2.5,16.500195312500182,37.59990234374982,-37.281161217229965,37.08116121723015,260.0,2026-05
2026-05-22 14:55:00+00:00,2026-05-27 12:20:00+00:00,HTF,sell,4501.19990234375,4492.3852317168785,4561.297706522895,4411.053196075032,0.02,stop_loss,WEAK,449,17.629341253743405,120.19560835828997,0.1466720913894979,52.026412941195964,locked,5354.532472108451,1.5,46.90009765625018,42.40019531249982,8.814670626871703,60.09780417914499,7045.0,2026-05
2026-05-28 11:30:00+00:00,2026-05-28 12:55:00+00:00,HTF,sell,4416.5001953125,4457.082219432701,4456.882219432701,4315.545135011997,0.02,stop_loss,STRONG,17,-81.16404824040183,80.76404824040219,-1.0049526987405213,6.637003241893775,raw,5273.368423868049,2.5,6.700390625000182,47.49980468749982,-40.58202412020091,40.382024120201095,85.0,2026-05
2026-05-28 16:00:00+00:00,2026-06-01 06:35:00+00:00,HTF,buy,4511.09990234375,4532.85646029966,4423.273670520109,4730.665481902853,0.02,stop_loss,STRONG,437,43.51311591182093,175.65246364728227,0.24772277603345857,52.8316849778702,locked,5316.88153977987,2.5,116.00019531250018,0.0999023437498181,21.756557955910466,87.82623182364114,5195.0,2026-05
2026-06-01 13:50:00+00:00,2026-06-02 06:30:00+00:00,HTF,sell,4484.0998046875,4566.056019626774,4565.8560196267745,4361.465482278589,0.02,stop_loss,WEAK,188,-163.9124298785482,163.51242987854857,-1.0024462972038073,6.604843186145085,raw,5152.969109901322,1.5,8.099804687500182,83.60039062499982,-81.9562149392741,81.75621493927429,1000.0,2026-06
2026-06-09 08:15:00+00:00,2026-06-09 14:40:00+00:00,HTF,buy,4356.2,4312.092180745727,4312.292180745727,4465.969548135682,0.02,stop_loss,STRONG,77,-88.21563850854545,87.81563850854582,-1.0045549973420818,29.51647174150846,raw,5064.753471392776,2.5,32.40009765625018,48.99980468749982,-44.10781925427273,43.90781925427291,385.0,2026-06
2026-06-10 12:00:00+00:00,2026-06-10 23:25:00+00:00,HTF,sell,4169.19990234375,4074.270282227858,4224.940564455716,4029.8482470638346,0.02,stop_loss,STRONG,125,189.8592402317845,111.48132422393246,1.7030587100886456,88.2658702006842,trail,5254.612711624561,2.5,122.99995117187518,40.30009765624982,94.92962011589225,55.74066211196623,685.0,2026-06
2026-06-11 06:35:00+00:00,2026-06-11 17:30:00+00:00,HTF,sell,4109.19990234375,4169.713352571603,4169.513352571603,3958.4162767741186,0.02,stop_loss,STRONG,131,-121.0269004557049,120.62690045570525,-1.0033160099321836,24.14045515758991,raw,5133.585811168856,2.5,36.39985351562518,61.80009765624982,-60.513450227852445,60.31345022785263,655.0,2026-06
2026-06-15 14:10:00+00:00,2026-06-17 18:10:00+00:00,HTF,buy,4379.2,4300.11217902383,4300.31217902383,4576.419552440424,0.02,stop_loss,STRONG,600,-158.175641952339,157.77564195233936,-1.0025352455870247,12.372047981206594,raw,4975.410169216517,2.5,24.400097656250182,83.09990234374982,-79.0878209761695,78.88782097616968,3120.0,2026-06
2026-06-18 14:50:00+00:00,2026-06-21 22:05:00+00:00,HTF,sell,4265.90009765625,4173.4001953125,4337.0908419239695,4159.113981254672,0.02,stop_gap,WEAK,147,184.99980468750073,142.38148853543862,1.2993248391377399,107.22385940313832,trail,5160.4099739040175,1.5,114.50019531250018,8.399707031249818,92.49990234375036,71.19074426771931,4755.0,2026-06
2026-06-22 06:30:00+00:00,2026-06-23 09:10:00+00:00,HTF,sell,4216.8,4131.021415143115,4292.204066102048,4103.693900846928,0.02,stop_loss,WEAK,308,171.55716971377115,150.80813220409618,1.1375856673405003,96.01586961329701,trail,5331.967143617789,1.5,108.59980468750018,16.900195312499818,85.77858485688557,75.40406610204809,1600.0,2026-06
2026-06-24 10:05:00+00:00,2026-06-24 13:30:00+00:00,HTF,sell,4077.100048828125,3999.6316383102508,4133.872502049795,3991.9413689956205,0.02,stop_loss,WEAK,41,154.93682103574884,113.54490644333966,1.3645422405016845,113.67015105259067,trail,5486.9039646535375,1.5,96.80000000000018,6.599902343749818,77.46841051787442,56.77245322166982,205.0,2026-06
2026-06-24 14:45:00+00:00,2026-07-02 12:30:00+00:00,HTF,sell,4028.19990234375,4136.305858371244,4136.105858371244,3866.3409683025097,0.02,stop_loss,WEAK,1627,-216.2119120549869,215.8119120549873,-1.0018534658082159,44.9774369460825,raw,5270.692052598551,1.5,72.80000000000018,113.19999999999982,-108.10595602749345,107.90595602749363,11385.0,2026-06
2026-07-02 15:55:00+00:00,2026-07-08 15:15:00+00:00,HTF,buy,4141.59990234375,4039.52685887788,4039.7268588778797,4294.409467542555,0.02,stop_loss,WEAK,892,-204.1460869317398,203.74608693174014,-1.0019632278883162,48.36091088938459,raw,5066.545965666811,1.5,73.90009765625018,103.49980468749982,-102.07304346586989,101.87304346587007,8600.0,2026-07
2026-07-09 12:00:00+00:00,2026-07-13 00:30:00+00:00,HTF,buy,4117.80009765625,4071.135460155318,4071.335460155318,4187.497053907648,0.02,stop_loss,WEAK,412,-93.3292750018636,92.92927500186397,-1.0043043486564553,43.90407606485184,raw,4973.216690664947,1.5,30.599804687500182,48.40019531249982,-46.6646375009318,46.464637500931985,5070.0,2026-07
2026-07-13 06:50:00+00:00,2026-07-14 12:30:00+00:00,HTF,sell,4061.69990234375,4050.8269575447393,4135.519534337154,3950.970454353644,0.02,stop_loss,WEAK,344,21.745889598021677,147.63926398680815,0.14729069361904104,64.39118165419823,locked,4994.962580262969,1.5,71.30000000000018,50.80009765624982,10.872944799010838,73.81963199340407,1780.0,2026-07
2026-07-15 08:15:00+00:00,2026-07-15 12:35:00+00:00,HTF,sell,4029.600048828125,4065.235544028176,4065.035544028176,3976.4468060280487,0.02,stop_loss,WEAK,52,-71.27099040010125,70.87099040010162,-1.0056440582774622,1.8812608962284119,raw,4923.691589862868,1.5,0.9999511718751819,43.39995117187482,-35.63549520005063,35.43549520005081,260.0,2026-07
2026-07-17 07:30:00+00:00,2026-07-17 13:35:00+00:00,HTF,sell,4000.3,3993.2587508270467,4048.5749944863546,3927.8875082704685,0.02,stop_loss,WEAK,73,14.082498345906972,96.54998897270889,0.1458570684030588,51.51044952205158,locked,4937.774088208775,1.5,37.30000000000018,7.599902343749818,7.041249172953485,48.274994486354444,365.0,2026-07
2026-07-22 09:00:00+00:00,2026-07-22 14:15:00+00:00,HTF,buy,4124.2,4158.033545467343,4088.9791359328087,4177.031296100787,0.02,stop_loss,WEAK,63,67.66709093468671,70.44172813438217,0.9606108868538508,84.41928928341382,trail,5005.441179143461,1.5,44.59980468750018,13.800097656249818,33.833545467343356,35.22086406719109,315.0,2026-07
2026-07-22 15:45:00+00:00,2026-07-22 22:00:00+00:00,HTF,buy,4169.59990234375,4086.130033489153,4086.330033489153,4294.504705625645,0.02,stop_loss,WEAK,63,-166.93973770919365,166.53973770919401,-1.0024018291700334,1.4410975020214336,raw,4838.501441434268,1.5,1.800000000000182,94.99980468749982,-83.46986885459683,83.26986885459701,375.0,2026-07
2026-07-23 12:45:00+00:00,2026-07-29 07:30:00+00:00,HTF,sell,4068.600048828125,4058.0830105371633,4140.046970767871,3961.429665918506,0.02,stop_loss,WEAK,1036,21.034076581923728,142.89384387949212,0.14720071915528127,55.3324513639278,locked,4859.535518016191,1.5,59.30000000000018,50.69975585937482,10.517038290961864,71.44692193974606,8325.0,2026-07
2026-07-31 08:30:00+00:00,2026-07-31 20:55:00+00:00,HTF,sell,4114.0998046875,4107.2,4167.487261914278,4034.0186188473335,0.02,open_at_window_end,WEAK,149,13.79960937500073,106.77491445355554,0.12924018198116394,47.07710300268916,raw,4873.335127391192,1.5,37.69990234375018,7.199999999999818,6.899804687500364,53.38745722677777,745.0,2026-07
